committer_date_utc,author_date_utc,commit_sha,message,parents,reachable_from_branches,source_url
2026-08-15T05:45:17Z,2026-08-15T05:45:17Z,fb4375f9588b558f162d7e3f6542c35b0056eea3,Initialize mathematical counterexample research,,agent/target-a-discovery-snapshot;analytic-proof-first;codex/math-zyc-workflow-20260914;exp/circulant-1s-generalization;lean-lonely-runner-ci;main;paper/circulant-all-jump-rebuild-20260909;paper/circulant-finite-threshold-20260909;paper/circulant-periodic-gap-20260909;paper/jgt-authorial-rewrite;paper/period8-conclusion-correction;period8-paper-strengthening;proof/complete-mathematical-closure;research/aml-production-consumption-stabilization;research/circulant-1s-extension;research/q1-discrete-full-push-20260906;research/quadratic-gap-upgrade;research/remark3-explicit-classification-v2-20260908;research/remark3-leading-form-v3-20260908;research/remark3-polynomial-exponential-20260908;research/remark3-product-pde-20260908;research/spectral-related-work-refresh;skill/math-research-full-push-20260909,https://github.com/whzy3185/math/commit/fb4375f9588b558f162d7e3f6542c35b0056eea3
2026-08-15T09:11:25Z,2026-08-15T09:11:25Z,21d5b848ec6222e9cca8b263dcc9cd397b86b236,Freeze Target A counterexample discovery,fb4375f9588b558f162d7e3f6542c35b0056eea3,agent/target-a-discovery-snapshot;analytic-proof-first;exp/circulant-1s-generalization;paper/circulant-all-jump-rebuild-20260909;paper/circulant-finite-threshold-20260909;paper/circulant-periodic-gap-20260909;paper/jgt-authorial-rewrite;paper/period8-conclusion-correction;period8-paper-strengthening;proof/complete-mathematical-closure;research/circulant-1s-extension;research/quadratic-gap-upgrade;research/spectral-related-work-refresh,https://github.com/whzy3185/math/commit/21d5b848ec6222e9cca8b263dcc9cd397b86b236
2026-08-15T09:26:27Z,2026-08-15T09:26:27Z,e7efc5c1c9eeb1be116100b37b22be052d5b4c88,Audit Target A quotient completeness,21d5b848ec6222e9cca8b263dcc9cd397b86b236,agent/target-a-discovery-snapshot;analytic-proof-first;exp/circulant-1s-generalization;paper/circulant-all-jump-rebuild-20260909;paper/circulant-finite-threshold-20260909;paper/circulant-periodic-gap-20260909;paper/jgt-authorial-rewrite;paper/period8-conclusion-correction;period8-paper-strengthening;proof/complete-mathematical-closure;research/circulant-1s-extension;research/quadratic-gap-upgrade;research/spectral-related-work-refresh,https://github.com/whzy3185/math/commit/e7efc5c1c9eeb1be116100b37b22be052d5b4c88
2026-08-15T10:04:56Z,2026-08-15T10:04:56Z,9058177fd158ffbecf82798e247f3e0510243973,Implement audited constant-memory bracelet stream,e7efc5c1c9eeb1be116100b37b22be052d5b4c88,agent/target-a-discovery-snapshot;analytic-proof-first;exp/circulant-1s-generalization;paper/circulant-all-jump-rebuild-20260909;paper/circulant-finite-threshold-20260909;paper/circulant-periodic-gap-20260909;paper/jgt-authorial-rewrite;paper/period8-conclusion-correction;period8-paper-strengthening;proof/complete-mathematical-closure;research/circulant-1s-extension;research/quadratic-gap-upgrade;research/spectral-related-work-refresh,https://github.com/whzy3185/math/commit/9058177fd158ffbecf82798e247f3e0510243973
2026-08-15T11:35:34Z,2026-08-15T11:35:34Z,35df4857f55f47a616049c33381a3e62b79d06be,Exhaustively verify Target A at n=24,9058177fd158ffbecf82798e247f3e0510243973,agent/target-a-discovery-snapshot;analytic-proof-first;exp/circulant-1s-generalization;paper/circulant-all-jump-rebuild-20260909;paper/circulant-finite-threshold-20260909;paper/circulant-periodic-gap-20260909;paper/jgt-authorial-rewrite;paper/period8-conclusion-correction;period8-paper-strengthening;proof/complete-mathematical-closure;research/circulant-1s-extension;research/quadratic-gap-upgrade;research/spectral-related-work-refresh,https://github.com/whzy3185/math/commit/35df4857f55f47a616049c33381a3e62b79d06be
2026-08-15T12:08:52Z,2026-08-15T12:08:52Z,0b041e4871ad8e222905a78832006711afea4cc7,Exhaustively verify Target A at n=26,35df4857f55f47a616049c33381a3e62b79d06be,agent/target-a-discovery-snapshot;analytic-proof-first;exp/circulant-1s-generalization;paper/circulant-all-jump-rebuild-20260909;paper/circulant-finite-threshold-20260909;paper/circulant-periodic-gap-20260909;paper/jgt-authorial-rewrite;paper/period8-conclusion-correction;period8-paper-strengthening;proof/complete-mathematical-closure;research/circulant-1s-extension;research/quadratic-gap-upgrade;research/spectral-related-work-refresh,https://github.com/whzy3185/math/commit/0b041e4871ad8e222905a78832006711afea4cc7
2026-08-15T12:31:17Z,2026-08-15T12:31:17Z,dce3da9a875c40f969352870c7e3b61f281c900e,Exhaustively verify Target A at n=28,0b041e4871ad8e222905a78832006711afea4cc7,agent/target-a-discovery-snapshot;analytic-proof-first;exp/circulant-1s-generalization;paper/circulant-all-jump-rebuild-20260909;paper/circulant-finite-threshold-20260909;paper/circulant-periodic-gap-20260909;paper/jgt-authorial-rewrite;paper/period8-conclusion-correction;period8-paper-strengthening;proof/complete-mathematical-closure;research/circulant-1s-extension;research/quadratic-gap-upgrade;research/spectral-related-work-refresh,https://github.com/whzy3185/math/commit/dce3da9a875c40f969352870c7e3b61f281c900e
2026-08-15T13:39:22Z,2026-08-15T13:39:22Z,a29bddc499e56bf7c7db633094713c0ef067ce11,Exhaustively verify Target A at n=30,dce3da9a875c40f969352870c7e3b61f281c900e,agent/target-a-discovery-snapshot;analytic-proof-first;exp/circulant-1s-generalization;paper/circulant-all-jump-rebuild-20260909;paper/circulant-finite-threshold-20260909;paper/circulant-periodic-gap-20260909;paper/jgt-authorial-rewrite;paper/period8-conclusion-correction;period8-paper-strengthening;proof/complete-mathematical-closure;research/circulant-1s-extension;research/quadratic-gap-upgrade;research/spectral-related-work-refresh,https://github.com/whzy3185/math/commit/a29bddc499e56bf7c7db633094713c0ef067ce11
2026-08-15T14:13:17Z,2026-08-15T14:13:17Z,cd14e6ab001a5321e95e2e4412e55c33cbbea5c6,Certify n=32 as the smallest Target A counterexample,a29bddc499e56bf7c7db633094713c0ef067ce11,agent/target-a-discovery-snapshot;analytic-proof-first;exp/circulant-1s-generalization;paper/circulant-all-jump-rebuild-20260909;paper/circulant-finite-threshold-20260909;paper/circulant-periodic-gap-20260909;paper/jgt-authorial-rewrite;paper/period8-conclusion-correction;period8-paper-strengthening;proof/complete-mathematical-closure;research/circulant-1s-extension;research/quadratic-gap-upgrade;research/spectral-related-work-refresh,https://github.com/whzy3185/math/commit/cd14e6ab001a5321e95e2e4412e55c33cbbea5c6
2026-08-15T14:34:57Z,2026-08-15T14:34:57Z,93bd269bbe51a99057c751d07d1de57d8a22a36b,Independently reconstruct Target A n=32 witness,cd14e6ab001a5321e95e2e4412e55c33cbbea5c6,agent/target-a-discovery-snapshot;analytic-proof-first;exp/circulant-1s-generalization;paper/circulant-all-jump-rebuild-20260909;paper/circulant-finite-threshold-20260909;paper/circulant-periodic-gap-20260909;paper/jgt-authorial-rewrite;paper/period8-conclusion-correction;period8-paper-strengthening;proof/complete-mathematical-closure;research/circulant-1s-extension;research/quadratic-gap-upgrade;research/spectral-related-work-refresh,https://github.com/whzy3185/math/commit/93bd269bbe51a99057c751d07d1de57d8a22a36b
2026-08-15T15:11:14Z,2026-08-15T15:11:14Z,344f445178cd65501604a8bb7ed523de8c0c4dd8,Independently audit Target A period-8 Floquet determinant,93bd269bbe51a99057c751d07d1de57d8a22a36b,agent/target-a-discovery-snapshot;analytic-proof-first;exp/circulant-1s-generalization;paper/circulant-all-jump-rebuild-20260909;paper/circulant-finite-threshold-20260909;paper/circulant-periodic-gap-20260909;paper/jgt-authorial-rewrite;paper/period8-conclusion-correction;period8-paper-strengthening;proof/complete-mathematical-closure;research/circulant-1s-extension;research/quadratic-gap-upgrade;research/spectral-related-work-refresh,https://github.com/whzy3185/math/commit/344f445178cd65501604a8bb7ed523de8c0c4dd8
2026-08-16T03:11:25Z,2026-08-16T03:11:25Z,239ff8d206e88bbc7463863ad635bbf73e350791,Independently audit Target A period-8 infinite family,344f445178cd65501604a8bb7ed523de8c0c4dd8,agent/target-a-discovery-snapshot;analytic-proof-first;exp/circulant-1s-generalization;paper/circulant-all-jump-rebuild-20260909;paper/circulant-finite-threshold-20260909;paper/circulant-periodic-gap-20260909;paper/jgt-authorial-rewrite;paper/period8-conclusion-correction;period8-paper-strengthening;proof/complete-mathematical-closure;research/circulant-1s-extension;research/quadratic-gap-upgrade;research/spectral-related-work-refresh,https://github.com/whzy3185/math/commit/239ff8d206e88bbc7463863ad635bbf73e350791
2026-08-16T03:53:27Z,2026-08-16T03:53:27Z,c7bfed6dcf881e00cc1d900c2d514d1de4298ab1,Prove sharp Target A period-8 spectral constant,239ff8d206e88bbc7463863ad635bbf73e350791,agent/target-a-discovery-snapshot;analytic-proof-first;exp/circulant-1s-generalization;paper/circulant-all-jump-rebuild-20260909;paper/circulant-finite-threshold-20260909;paper/circulant-periodic-gap-20260909;paper/jgt-authorial-rewrite;paper/period8-conclusion-correction;period8-paper-strengthening;proof/complete-mathematical-closure;research/circulant-1s-extension;research/quadratic-gap-upgrade;research/spectral-related-work-refresh,https://github.com/whzy3185/math/commit/c7bfed6dcf881e00cc1d900c2d514d1de4298ab1
2026-08-16T04:21:06Z,2026-08-16T04:21:06Z,b2c58f26e9753831ca5db8d8615ba16a0670e3df,Classify Target A period-8 flux phases,c7bfed6dcf881e00cc1d900c2d514d1de4298ab1,agent/target-a-discovery-snapshot;analytic-proof-first;exp/circulant-1s-generalization;paper/circulant-all-jump-rebuild-20260909;paper/circulant-finite-threshold-20260909;paper/circulant-periodic-gap-20260909;paper/jgt-authorial-rewrite;paper/period8-conclusion-correction;period8-paper-strengthening;proof/complete-mathematical-closure;research/circulant-1s-extension;research/quadratic-gap-upgrade;research/spectral-related-work-refresh,https://github.com/whzy3185/math/commit/b2c58f26e9753831ca5db8d8615ba16a0670e3df
2026-08-16T04:59:14Z,2026-08-16T04:59:14Z,c5cadf3ec7e160fc994453907fe83c579dc89646,Explain Target A period-8 spectral mechanism,b2c58f26e9753831ca5db8d8615ba16a0670e3df,agent/target-a-discovery-snapshot;analytic-proof-first;exp/circulant-1s-generalization;paper/circulant-all-jump-rebuild-20260909;paper/circulant-finite-threshold-20260909;paper/circulant-periodic-gap-20260909;paper/jgt-authorial-rewrite;paper/period8-conclusion-correction;period8-paper-strengthening;proof/complete-mathematical-closure;research/circulant-1s-extension;research/quadratic-gap-upgrade;research/spectral-related-work-refresh,https://github.com/whzy3185/math/commit/c5cadf3ec7e160fc994453907fe83c579dc89646
2026-08-16T05:26:10Z,2026-08-16T05:26:10Z,637de46394592f918f8e719c88648a46077f1214,Generalize Target A closed-walk obstructions,c5cadf3ec7e160fc994453907fe83c579dc89646,agent/target-a-discovery-snapshot;analytic-proof-first;exp/circulant-1s-generalization;paper/circulant-all-jump-rebuild-20260909;paper/circulant-finite-threshold-20260909;paper/circulant-periodic-gap-20260909;paper/jgt-authorial-rewrite;paper/period8-conclusion-correction;period8-paper-strengthening;proof/complete-mathematical-closure;research/circulant-1s-extension;research/quadratic-gap-upgrade;research/spectral-related-work-refresh,https://github.com/whzy3185/math/commit/637de46394592f918f8e719c88648a46077f1214
2026-08-16T05:44:48Z,2026-08-16T05:44:48Z,d43046f86d6b9f9ddf9a38b9d63dae0d11a7178d,Classify Target A low-period spectral frontier,637de46394592f918f8e719c88648a46077f1214,agent/target-a-discovery-snapshot;analytic-proof-first;exp/circulant-1s-generalization;paper/circulant-all-jump-rebuild-20260909;paper/circulant-finite-threshold-20260909;paper/circulant-periodic-gap-20260909;paper/jgt-authorial-rewrite;paper/period8-conclusion-correction;period8-paper-strengthening;proof/complete-mathematical-closure;research/circulant-1s-extension;research/quadratic-gap-upgrade;research/spectral-related-work-refresh,https://github.com/whzy3185/math/commit/d43046f86d6b9f9ddf9a38b9d63dae0d11a7178d
2026-08-16T06:02:28Z,2026-08-16T06:02:28Z,2ae348ee7ad61e69844c1e525287222753ebe998,Explain Target A low-period spectral frontier,d43046f86d6b9f9ddf9a38b9d63dae0d11a7178d,agent/target-a-discovery-snapshot;analytic-proof-first;exp/circulant-1s-generalization;paper/circulant-all-jump-rebuild-20260909;paper/circulant-finite-threshold-20260909;paper/circulant-periodic-gap-20260909;paper/jgt-authorial-rewrite;paper/period8-conclusion-correction;period8-paper-strengthening;proof/complete-mathematical-closure;research/circulant-1s-extension;research/quadratic-gap-upgrade;research/spectral-related-work-refresh,https://github.com/whzy3185/math/commit/2ae348ee7ad61e69844c1e525287222753ebe998
2026-08-16T06:07:56Z,2026-08-16T06:07:56Z,5a1919c5a2241aca91e2415f43aa50506ccd70c0,Audit Target A novelty and priority,2ae348ee7ad61e69844c1e525287222753ebe998,agent/target-a-discovery-snapshot;analytic-proof-first;exp/circulant-1s-generalization;paper/circulant-all-jump-rebuild-20260909;paper/circulant-finite-threshold-20260909;paper/circulant-periodic-gap-20260909;paper/jgt-authorial-rewrite;paper/period8-conclusion-correction;period8-paper-strengthening;proof/complete-mathematical-closure;research/circulant-1s-extension;research/quadratic-gap-upgrade;research/spectral-related-work-refresh,https://github.com/whzy3185/math/commit/5a1919c5a2241aca91e2415f43aa50506ccd70c0
2026-08-16T06:21:51Z,2026-08-16T06:21:51Z,dfb9c9846fa95545fdb1a5153ceabe1767c9ee0a,Record Target A full slow reproduction,5a1919c5a2241aca91e2415f43aa50506ccd70c0,agent/target-a-discovery-snapshot;analytic-proof-first;exp/circulant-1s-generalization;paper/circulant-all-jump-rebuild-20260909;paper/circulant-finite-threshold-20260909;paper/circulant-periodic-gap-20260909;paper/jgt-authorial-rewrite;paper/period8-conclusion-correction;period8-paper-strengthening;proof/complete-mathematical-closure;research/circulant-1s-extension;research/quadratic-gap-upgrade;research/spectral-related-work-refresh,https://github.com/whzy3185/math/commit/dfb9c9846fa95545fdb1a5153ceabe1767c9ee0a
2026-08-16T08:45:12Z,2026-08-16T08:45:12Z,b9e00bd34222d40e9ac954d3d5c4817644650be0,Build Target A reviewer-zero package,dfb9c9846fa95545fdb1a5153ceabe1767c9ee0a,agent/target-a-discovery-snapshot;analytic-proof-first;exp/circulant-1s-generalization;paper/circulant-all-jump-rebuild-20260909;paper/circulant-finite-threshold-20260909;paper/circulant-periodic-gap-20260909;paper/jgt-authorial-rewrite;paper/period8-conclusion-correction;period8-paper-strengthening;proof/complete-mathematical-closure;research/circulant-1s-extension;research/quadratic-gap-upgrade;research/spectral-related-work-refresh,https://github.com/whzy3185/math/commit/b9e00bd34222d40e9ac954d3d5c4817644650be0
2026-08-20T06:35:19Z,2026-08-20T06:35:19Z,1723787b334f893aee086141962994dc4fe96635,Freeze Target A manuscript architecture,b9e00bd34222d40e9ac954d3d5c4817644650be0,agent/target-a-discovery-snapshot;analytic-proof-first;exp/circulant-1s-generalization;paper/circulant-all-jump-rebuild-20260909;paper/circulant-finite-threshold-20260909;paper/circulant-periodic-gap-20260909;paper/jgt-authorial-rewrite;paper/period8-conclusion-correction;period8-paper-strengthening;proof/complete-mathematical-closure;research/circulant-1s-extension;research/quadratic-gap-upgrade;research/spectral-related-work-refresh,https://github.com/whzy3185/math/commit/1723787b334f893aee086141962994dc4fe96635
2026-08-20T06:56:43Z,2026-08-20T06:56:43Z,f778672228256ef8bba3dfe4559a2619efadce2d,Recheck Target A current public status,1723787b334f893aee086141962994dc4fe96635,agent/target-a-discovery-snapshot;analytic-proof-first;exp/circulant-1s-generalization;paper/circulant-all-jump-rebuild-20260909;paper/circulant-finite-threshold-20260909;paper/circulant-periodic-gap-20260909;paper/jgt-authorial-rewrite;paper/period8-conclusion-correction;period8-paper-strengthening;proof/complete-mathematical-closure;research/circulant-1s-extension;research/quadratic-gap-upgrade;research/spectral-related-work-refresh,https://github.com/whzy3185/math/commit/f778672228256ef8bba3dfe4559a2619efadce2d
2026-08-20T07:21:08Z,2026-08-20T07:21:08Z,c81be34a3b12a7ac47adbb4499c475df7bf4fc04,Draft Target A Markdown manuscript,f778672228256ef8bba3dfe4559a2619efadce2d,agent/target-a-discovery-snapshot;analytic-proof-first;exp/circulant-1s-generalization;paper/circulant-all-jump-rebuild-20260909;paper/circulant-finite-threshold-20260909;paper/circulant-periodic-gap-20260909;paper/jgt-authorial-rewrite;paper/period8-conclusion-correction;period8-paper-strengthening;proof/complete-mathematical-closure;research/circulant-1s-extension;research/quadratic-gap-upgrade;research/spectral-related-work-refresh,https://github.com/whzy3185/math/commit/c81be34a3b12a7ac47adbb4499c475df7bf4fc04
2026-08-20T08:53:25Z,2026-08-20T08:53:25Z,86e143f51a52568b5168e28e1376cf331a5732a2,Revise Target A manuscript after independent review,c81be34a3b12a7ac47adbb4499c475df7bf4fc04,agent/target-a-discovery-snapshot;analytic-proof-first;exp/circulant-1s-generalization;paper/circulant-all-jump-rebuild-20260909;paper/circulant-finite-threshold-20260909;paper/circulant-periodic-gap-20260909;paper/jgt-authorial-rewrite;paper/period8-conclusion-correction;period8-paper-strengthening;proof/complete-mathematical-closure;research/circulant-1s-extension;research/quadratic-gap-upgrade;research/spectral-related-work-refresh,https://github.com/whzy3185/math/commit/86e143f51a52568b5168e28e1376cf331a5732a2
2026-08-20T10:29:33Z,2026-08-20T10:29:33Z,1f7688061071f736b801a2c007559d9525929fed,Reconstruct Target A publication-grade LaTeX,86e143f51a52568b5168e28e1376cf331a5732a2,agent/target-a-discovery-snapshot;analytic-proof-first;exp/circulant-1s-generalization;paper/circulant-all-jump-rebuild-20260909;paper/circulant-finite-threshold-20260909;paper/circulant-periodic-gap-20260909;paper/jgt-authorial-rewrite;paper/period8-conclusion-correction;period8-paper-strengthening;proof/complete-mathematical-closure;research/circulant-1s-extension;research/quadratic-gap-upgrade;research/spectral-related-work-refresh,https://github.com/whzy3185/math/commit/1f7688061071f736b801a2c007559d9525929fed
2026-08-20T11:31:22Z,2026-08-20T11:31:22Z,d1f219d30d387c4c31a4de57d259e804e862f210,Add Chinese publication-format Target A manuscript,1f7688061071f736b801a2c007559d9525929fed,agent/target-a-discovery-snapshot;analytic-proof-first;exp/circulant-1s-generalization;paper/circulant-all-jump-rebuild-20260909;paper/circulant-finite-threshold-20260909;paper/circulant-periodic-gap-20260909;paper/jgt-authorial-rewrite;paper/period8-conclusion-correction;period8-paper-strengthening;proof/complete-mathematical-closure;research/circulant-1s-extension;research/quadratic-gap-upgrade;research/spectral-related-work-refresh,https://github.com/whzy3185/math/commit/d1f219d30d387c4c31a4de57d259e804e862f210
2026-08-21T09:13:57Z,2026-08-21T09:13:57Z,98f981516644036581f51d0e8af028e642106cc0,Add independent computational review,d1f219d30d387c4c31a4de57d259e804e862f210,agent/target-a-discovery-snapshot;analytic-proof-first;exp/circulant-1s-generalization;paper/circulant-all-jump-rebuild-20260909;paper/circulant-finite-threshold-20260909;paper/circulant-periodic-gap-20260909;paper/jgt-authorial-rewrite;paper/period8-conclusion-correction;period8-paper-strengthening;proof/complete-mathematical-closure;research/circulant-1s-extension;research/quadratic-gap-upgrade;research/spectral-related-work-refresh,https://github.com/whzy3185/math/commit/98f981516644036581f51d0e8af028e642106cc0
2026-08-21T10:20:16Z,2026-08-21T10:20:16Z,b35153abf16320152ab894ba0654952d35e0a0ab,Strengthen Target A computational verification,98f981516644036581f51d0e8af028e642106cc0,agent/target-a-discovery-snapshot;analytic-proof-first;exp/circulant-1s-generalization;paper/circulant-all-jump-rebuild-20260909;paper/circulant-finite-threshold-20260909;paper/circulant-periodic-gap-20260909;paper/jgt-authorial-rewrite;paper/period8-conclusion-correction;period8-paper-strengthening;proof/complete-mathematical-closure;research/circulant-1s-extension;research/quadratic-gap-upgrade;research/spectral-related-work-refresh,https://github.com/whzy3185/math/commit/b35153abf16320152ab894ba0654952d35e0a0ab
2026-08-21T12:32:21Z,2026-08-21T12:32:21Z,eb4c19a536c6ec398efad6474a3497d559f2b620,Expand Target A related work and mathematical framing,b35153abf16320152ab894ba0654952d35e0a0ab,agent/target-a-discovery-snapshot;analytic-proof-first;exp/circulant-1s-generalization;paper/circulant-all-jump-rebuild-20260909;paper/circulant-finite-threshold-20260909;paper/circulant-periodic-gap-20260909;paper/jgt-authorial-rewrite;paper/period8-conclusion-correction;period8-paper-strengthening;proof/complete-mathematical-closure;research/circulant-1s-extension;research/quadratic-gap-upgrade;research/spectral-related-work-refresh,https://github.com/whzy3185/math/commit/eb4c19a536c6ec398efad6474a3497d559f2b620
2026-08-21T12:33:46Z,2026-08-21T12:33:46Z,8158e3b63f430e243bdb6368f3dfbce862178847,Revise Target A manuscript after major review,eb4c19a536c6ec398efad6474a3497d559f2b620,agent/target-a-discovery-snapshot;analytic-proof-first;exp/circulant-1s-generalization;paper/circulant-all-jump-rebuild-20260909;paper/circulant-finite-threshold-20260909;paper/circulant-periodic-gap-20260909;paper/jgt-authorial-rewrite;paper/period8-conclusion-correction;period8-paper-strengthening;proof/complete-mathematical-closure;research/circulant-1s-extension;research/quadratic-gap-upgrade;research/spectral-related-work-refresh,https://github.com/whzy3185/math/commit/8158e3b63f430e243bdb6368f3dfbce862178847
2026-08-21T12:34:45Z,2026-08-21T12:34:45Z,bb3c8aca39a27c76e8b76bbe733b84d0fd1fafc6,Synchronize Target A Chinese manuscript,8158e3b63f430e243bdb6368f3dfbce862178847,agent/target-a-discovery-snapshot;analytic-proof-first;exp/circulant-1s-generalization;paper/circulant-all-jump-rebuild-20260909;paper/circulant-finite-threshold-20260909;paper/circulant-periodic-gap-20260909;paper/jgt-authorial-rewrite;paper/period8-conclusion-correction;period8-paper-strengthening;proof/complete-mathematical-closure;research/circulant-1s-extension;research/quadratic-gap-upgrade;research/spectral-related-work-refresh,https://github.com/whzy3185/math/commit/bb3c8aca39a27c76e8b76bbe733b84d0fd1fafc6
2026-08-21T12:53:08Z,2026-08-21T12:53:08Z,d4df8dfdd00493d8051577e4d42ce04cf55bb6df,Freeze Target A major-revision artifacts,bb3c8aca39a27c76e8b76bbe733b84d0fd1fafc6,agent/target-a-discovery-snapshot;analytic-proof-first;exp/circulant-1s-generalization;paper/circulant-all-jump-rebuild-20260909;paper/circulant-finite-threshold-20260909;paper/circulant-periodic-gap-20260909;paper/jgt-authorial-rewrite;paper/period8-conclusion-correction;period8-paper-strengthening;proof/complete-mathematical-closure;research/circulant-1s-extension;research/quadratic-gap-upgrade;research/spectral-related-work-refresh,https://github.com/whzy3185/math/commit/d4df8dfdd00493d8051577e4d42ce04cf55bb6df
2026-08-21T14:06:13Z,2026-08-21T14:06:13Z,fd843cb0c6773b4aec7a04574298b4dcd710d1f6,Polish Target A English and Chinese manuscripts,d4df8dfdd00493d8051577e4d42ce04cf55bb6df,agent/target-a-discovery-snapshot;analytic-proof-first;exp/circulant-1s-generalization;paper/circulant-all-jump-rebuild-20260909;paper/circulant-finite-threshold-20260909;paper/circulant-periodic-gap-20260909;paper/jgt-authorial-rewrite;paper/period8-conclusion-correction;period8-paper-strengthening;proof/complete-mathematical-closure;research/circulant-1s-extension;research/quadratic-gap-upgrade;research/spectral-related-work-refresh,https://github.com/whzy3185/math/commit/fd843cb0c6773b4aec7a04574298b4dcd710d1f6
2026-08-21T14:06:50Z,2026-08-21T14:06:50Z,9d75ce04fd4509034ef65db50177d236f13479ab,Close Target A major-revision review,fd843cb0c6773b4aec7a04574298b4dcd710d1f6,agent/target-a-discovery-snapshot;analytic-proof-first;exp/circulant-1s-generalization;paper/circulant-all-jump-rebuild-20260909;paper/circulant-finite-threshold-20260909;paper/circulant-periodic-gap-20260909;paper/jgt-authorial-rewrite;paper/period8-conclusion-correction;period8-paper-strengthening;proof/complete-mathematical-closure;research/circulant-1s-extension;research/quadratic-gap-upgrade;research/spectral-related-work-refresh,https://github.com/whzy3185/math/commit/9d75ce04fd4509034ef65db50177d236f13479ab
2026-08-22T08:43:40Z,2026-08-22T08:43:40Z,b89ce9decafc387f753b239d09b4cac6bac4a95f,Add Target A two-defect and phase-slip experiments,9d75ce04fd4509034ef65db50177d236f13479ab,agent/target-a-discovery-snapshot;analytic-proof-first;exp/circulant-1s-generalization;paper/circulant-all-jump-rebuild-20260909;paper/circulant-finite-threshold-20260909;paper/circulant-periodic-gap-20260909;paper/jgt-authorial-rewrite;paper/period8-conclusion-correction;period8-paper-strengthening;proof/complete-mathematical-closure;research/circulant-1s-extension;research/quadratic-gap-upgrade;research/spectral-related-work-refresh,https://github.com/whzy3185/math/commit/b89ce9decafc387f753b239d09b4cac6bac4a95f
2026-08-22T08:44:02Z,2026-08-22T08:44:02Z,c8a4cc9af70103f8acece88372e1cb3ace5b1458,Extend Target A exact moment exploration,b89ce9decafc387f753b239d09b4cac6bac4a95f,agent/target-a-discovery-snapshot;analytic-proof-first;exp/circulant-1s-generalization;paper/circulant-all-jump-rebuild-20260909;paper/circulant-finite-threshold-20260909;paper/circulant-periodic-gap-20260909;paper/jgt-authorial-rewrite;paper/period8-conclusion-correction;period8-paper-strengthening;proof/complete-mathematical-closure;research/circulant-1s-extension;research/quadratic-gap-upgrade;research/spectral-related-work-refresh,https://github.com/whzy3185/math/commit/c8a4cc9af70103f8acece88372e1cb3ace5b1458
2026-08-22T08:44:24Z,2026-08-22T08:44:24Z,94b6d4b77e6ccacc9c1fa0f642ec4124b1419a33,Add rigorous high-period candidate checks,c8a4cc9af70103f8acece88372e1cb3ace5b1458,agent/target-a-discovery-snapshot;analytic-proof-first;exp/circulant-1s-generalization;paper/circulant-all-jump-rebuild-20260909;paper/circulant-finite-threshold-20260909;paper/circulant-periodic-gap-20260909;paper/jgt-authorial-rewrite;paper/period8-conclusion-correction;period8-paper-strengthening;proof/complete-mathematical-closure;research/circulant-1s-extension;research/quadratic-gap-upgrade;research/spectral-related-work-refresh,https://github.com/whzy3185/math/commit/94b6d4b77e6ccacc9c1fa0f642ec4124b1419a33
2026-08-22T08:44:47Z,2026-08-22T08:44:47Z,c0044768577621b9acb4b8ad7f720b96a59edb75,Add independent order-22 verification,94b6d4b77e6ccacc9c1fa0f642ec4124b1419a33,agent/target-a-discovery-snapshot;analytic-proof-first;exp/circulant-1s-generalization;paper/circulant-all-jump-rebuild-20260909;paper/circulant-finite-threshold-20260909;paper/circulant-periodic-gap-20260909;paper/jgt-authorial-rewrite;paper/period8-conclusion-correction;period8-paper-strengthening;proof/complete-mathematical-closure;research/circulant-1s-extension;research/quadratic-gap-upgrade;research/spectral-related-work-refresh,https://github.com/whzy3185/math/commit/c0044768577621b9acb4b8ad7f720b96a59edb75
2026-08-22T08:45:09Z,2026-08-22T08:45:09Z,981499eceb6e34461c7b6c4d703d677c27674e19,Summarize Target A supplementary experiments,c0044768577621b9acb4b8ad7f720b96a59edb75,agent/target-a-discovery-snapshot;analytic-proof-first;exp/circulant-1s-generalization;paper/circulant-all-jump-rebuild-20260909;paper/circulant-finite-threshold-20260909;paper/circulant-periodic-gap-20260909;paper/jgt-authorial-rewrite;paper/period8-conclusion-correction;period8-paper-strengthening;proof/complete-mathematical-closure;research/circulant-1s-extension;research/quadratic-gap-upgrade;research/spectral-related-work-refresh,https://github.com/whzy3185/math/commit/981499eceb6e34461c7b6c4d703d677c27674e19
2026-08-22T09:31:38Z,2026-08-22T09:31:38Z,60e2e1a24d8aa584dfafa8a451c1b436df368fc7,Checkpoint partial Target A Task 48 experiments,981499eceb6e34461c7b6c4d703d677c27674e19,agent/target-a-discovery-snapshot;analytic-proof-first;exp/circulant-1s-generalization;paper/circulant-all-jump-rebuild-20260909;paper/circulant-finite-threshold-20260909;paper/circulant-periodic-gap-20260909;paper/jgt-authorial-rewrite;paper/period8-conclusion-correction;period8-paper-strengthening;proof/complete-mathematical-closure;research/circulant-1s-extension;research/quadratic-gap-upgrade;research/spectral-related-work-refresh,https://github.com/whzy3185/math/commit/60e2e1a24d8aa584dfafa8a451c1b436df368fc7
2026-08-22T10:06:40Z,2026-08-22T10:06:40Z,787b5d7167a1bfd2a6416d6ff49abbab4904739b,Close Target A exact frontier through period 24,60e2e1a24d8aa584dfafa8a451c1b436df368fc7,agent/target-a-discovery-snapshot;analytic-proof-first;exp/circulant-1s-generalization;paper/circulant-all-jump-rebuild-20260909;paper/circulant-finite-threshold-20260909;paper/circulant-periodic-gap-20260909;paper/jgt-authorial-rewrite;paper/period8-conclusion-correction;period8-paper-strengthening;proof/complete-mathematical-closure;research/circulant-1s-extension;research/quadratic-gap-upgrade;research/spectral-related-work-refresh,https://github.com/whzy3185/math/commit/787b5d7167a1bfd2a6416d6ff49abbab4904739b
2026-08-22T10:07:02Z,2026-08-22T10:07:02Z,cd514422dd45c1f9c43b3eef511d9c674b40028b,Probe Target A phase-slip interface localization,787b5d7167a1bfd2a6416d6ff49abbab4904739b,agent/target-a-discovery-snapshot;analytic-proof-first;exp/circulant-1s-generalization;paper/circulant-all-jump-rebuild-20260909;paper/circulant-finite-threshold-20260909;paper/circulant-periodic-gap-20260909;paper/jgt-authorial-rewrite;paper/period8-conclusion-correction;period8-paper-strengthening;proof/complete-mathematical-closure;research/circulant-1s-extension;research/quadratic-gap-upgrade;research/spectral-related-work-refresh,https://github.com/whzy3185/math/commit/cd514422dd45c1f9c43b3eef511d9c674b40028b
2026-08-22T10:07:27Z,2026-08-22T10:07:27Z,180474c477903ba8070857e449ce88ba49a79a7f,Probe Target A two-interface and residue-12 structure,cd514422dd45c1f9c43b3eef511d9c674b40028b,agent/target-a-discovery-snapshot;analytic-proof-first;exp/circulant-1s-generalization;paper/circulant-all-jump-rebuild-20260909;paper/circulant-finite-threshold-20260909;paper/circulant-periodic-gap-20260909;paper/jgt-authorial-rewrite;paper/period8-conclusion-correction;period8-paper-strengthening;proof/complete-mathematical-closure;research/circulant-1s-extension;research/quadratic-gap-upgrade;research/spectral-related-work-refresh,https://github.com/whzy3185/math/commit/180474c477903ba8070857e449ce88ba49a79a7f
2026-08-22T10:07:51Z,2026-08-22T10:07:51Z,d1489f7743ab7d9a44c534eb3af569288cf8fb5c,Pilot Target A moment-matrix certificates,180474c477903ba8070857e449ce88ba49a79a7f,agent/target-a-discovery-snapshot;analytic-proof-first;exp/circulant-1s-generalization;paper/circulant-all-jump-rebuild-20260909;paper/circulant-finite-threshold-20260909;paper/circulant-periodic-gap-20260909;paper/jgt-authorial-rewrite;paper/period8-conclusion-correction;period8-paper-strengthening;proof/complete-mathematical-closure;research/circulant-1s-extension;research/quadratic-gap-upgrade;research/spectral-related-work-refresh,https://github.com/whzy3185/math/commit/d1489f7743ab7d9a44c534eb3af569288cf8fb5c
2026-08-22T10:08:20Z,2026-08-22T10:08:20Z,8ecbc6ab5ee1dcf519c92927fc2713e1989f40aa,Complete Target A Task 48A theorem-signal synthesis,d1489f7743ab7d9a44c534eb3af569288cf8fb5c,agent/target-a-discovery-snapshot;analytic-proof-first;exp/circulant-1s-generalization;paper/circulant-all-jump-rebuild-20260909;paper/circulant-finite-threshold-20260909;paper/circulant-periodic-gap-20260909;paper/jgt-authorial-rewrite;paper/period8-conclusion-correction;period8-paper-strengthening;proof/complete-mathematical-closure;research/circulant-1s-extension;research/quadratic-gap-upgrade;research/spectral-related-work-refresh,https://github.com/whzy3185/math/commit/8ecbc6ab5ee1dcf519c92927fc2713e1989f40aa
2026-08-22T11:45:56Z,2026-08-22T11:45:56Z,c81c5f28884b335cad484439a38ce8caff6c03dc,Establish Task 49 JCTB baseline,8ecbc6ab5ee1dcf519c92927fc2713e1989f40aa,agent/target-a-discovery-snapshot;analytic-proof-first;exp/circulant-1s-generalization;paper/circulant-all-jump-rebuild-20260909;paper/circulant-finite-threshold-20260909;paper/circulant-periodic-gap-20260909;paper/jgt-authorial-rewrite;paper/period8-conclusion-correction;period8-paper-strengthening;proof/complete-mathematical-closure;research/circulant-1s-extension;research/quadratic-gap-upgrade;research/spectral-related-work-refresh,https://github.com/whzy3185/math/commit/c81c5f28884b335cad484439a38ce8caff6c03dc
2026-08-22T11:45:57Z,2026-08-22T11:45:57Z,fd2f71bbeb64796908e7f5da605b2d92e189dcc9,Complete independent Hankel verification,d036c3d60c48b22bc6f9d8873273a3570447cadb,agent/target-a-discovery-snapshot;analytic-proof-first;exp/circulant-1s-generalization;paper/circulant-all-jump-rebuild-20260909;paper/circulant-finite-threshold-20260909;paper/circulant-periodic-gap-20260909;paper/jgt-authorial-rewrite;paper/period8-conclusion-correction;period8-paper-strengthening;proof/complete-mathematical-closure;research/circulant-1s-extension;research/quadratic-gap-upgrade;research/spectral-related-work-refresh,https://github.com/whzy3185/math/commit/fd2f71bbeb64796908e7f5da605b2d92e189dcc9
2026-08-22T11:45:57Z,2026-08-22T11:45:57Z,d036c3d60c48b22bc6f9d8873273a3570447cadb,Complete independent p24 verification,99893a70e43ba5ffa876af9dedb0cc82da4e70b1,agent/target-a-discovery-snapshot;analytic-proof-first;exp/circulant-1s-generalization;paper/circulant-all-jump-rebuild-20260909;paper/circulant-finite-threshold-20260909;paper/circulant-periodic-gap-20260909;paper/jgt-authorial-rewrite;paper/period8-conclusion-correction;period8-paper-strengthening;proof/complete-mathematical-closure;research/circulant-1s-extension;research/quadratic-gap-upgrade;research/spectral-related-work-refresh,https://github.com/whzy3185/math/commit/d036c3d60c48b22bc6f9d8873273a3570447cadb
2026-08-22T11:45:57Z,2026-08-22T11:45:57Z,99893a70e43ba5ffa876af9dedb0cc82da4e70b1,Audit interface localization and representation invariance,879fa62934828fd1ca88a272924d5d4653d18a4f,agent/target-a-discovery-snapshot;analytic-proof-first;exp/circulant-1s-generalization;paper/circulant-all-jump-rebuild-20260909;paper/circulant-finite-threshold-20260909;paper/circulant-periodic-gap-20260909;paper/jgt-authorial-rewrite;paper/period8-conclusion-correction;period8-paper-strengthening;proof/complete-mathematical-closure;research/circulant-1s-extension;research/quadratic-gap-upgrade;research/spectral-related-work-refresh,https://github.com/whzy3185/math/commit/99893a70e43ba5ffa876af9dedb0cc82da4e70b1
2026-08-22T11:45:57Z,2026-08-22T11:45:57Z,879fa62934828fd1ca88a272924d5d4653d18a4f,Resolve high-precision interface splitting and Floquet phase,130f540b2957f034bc32e6a81e22d4bc17cd4b48,agent/target-a-discovery-snapshot;analytic-proof-first;exp/circulant-1s-generalization;paper/circulant-all-jump-rebuild-20260909;paper/circulant-finite-threshold-20260909;paper/circulant-periodic-gap-20260909;paper/jgt-authorial-rewrite;paper/period8-conclusion-correction;period8-paper-strengthening;proof/complete-mathematical-closure;research/circulant-1s-extension;research/quadratic-gap-upgrade;research/spectral-related-work-refresh,https://github.com/whzy3185/math/commit/879fa62934828fd1ca88a272924d5d4653d18a4f
2026-08-22T11:45:57Z,2026-08-22T11:45:57Z,130f540b2957f034bc32e6a81e22d4bc17cd4b48,Add uniform finite-size and threshold-crossing evidence,c81c5f28884b335cad484439a38ce8caff6c03dc,agent/target-a-discovery-snapshot;analytic-proof-first;exp/circulant-1s-generalization;paper/circulant-all-jump-rebuild-20260909;paper/circulant-finite-threshold-20260909;paper/circulant-periodic-gap-20260909;paper/jgt-authorial-rewrite;paper/period8-conclusion-correction;period8-paper-strengthening;proof/complete-mathematical-closure;research/circulant-1s-extension;research/quadratic-gap-upgrade;research/spectral-related-work-refresh,https://github.com/whzy3185/math/commit/130f540b2957f034bc32e6a81e22d4bc17cd4b48
2026-08-22T11:45:58Z,2026-08-22T11:45:58Z,723c87103b4bf37fc7c0105fc0cdb359abf893a7,Complete independent JCTB theory review,065771f9ac917fba6bba16e61f793f909f59a842,agent/target-a-discovery-snapshot;analytic-proof-first;exp/circulant-1s-generalization;paper/circulant-all-jump-rebuild-20260909;paper/circulant-finite-threshold-20260909;paper/circulant-periodic-gap-20260909;paper/jgt-authorial-rewrite;paper/period8-conclusion-correction;period8-paper-strengthening;proof/complete-mathematical-closure;research/circulant-1s-extension;research/quadratic-gap-upgrade;research/spectral-related-work-refresh,https://github.com/whzy3185/math/commit/723c87103b4bf37fc7c0105fc0cdb359abf893a7
2026-08-22T11:45:58Z,2026-08-22T11:45:58Z,065771f9ac917fba6bba16e61f793f909f59a842,Add JCTB fact inventory and proof blueprint,f149fefd30153be61da4abe9b3514f92ff41f709,agent/target-a-discovery-snapshot;analytic-proof-first;exp/circulant-1s-generalization;paper/circulant-all-jump-rebuild-20260909;paper/circulant-finite-threshold-20260909;paper/circulant-periodic-gap-20260909;paper/jgt-authorial-rewrite;paper/period8-conclusion-correction;period8-paper-strengthening;proof/complete-mathematical-closure;research/circulant-1s-extension;research/quadratic-gap-upgrade;research/spectral-related-work-refresh,https://github.com/whzy3185/math/commit/065771f9ac917fba6bba16e61f793f909f59a842
2026-08-22T11:45:58Z,2026-08-22T11:45:58Z,f149fefd30153be61da4abe9b3514f92ff41f709,Add JCTB insurance experiments,fd2f71bbeb64796908e7f5da605b2d92e189dcc9,agent/target-a-discovery-snapshot;analytic-proof-first;exp/circulant-1s-generalization;paper/circulant-all-jump-rebuild-20260909;paper/circulant-finite-threshold-20260909;paper/circulant-periodic-gap-20260909;paper/jgt-authorial-rewrite;paper/period8-conclusion-correction;period8-paper-strengthening;proof/complete-mathematical-closure;research/circulant-1s-extension;research/quadratic-gap-upgrade;research/spectral-related-work-refresh,https://github.com/whzy3185/math/commit/f149fefd30153be61da4abe9b3514f92ff41f709
2026-08-22T11:48:03Z,2026-08-22T11:48:03Z,7f05eddc618bb0e9d772626aa87f4f0f3c17d276,Correct Task 49 fact status totals,723c87103b4bf37fc7c0105fc0cdb359abf893a7,agent/target-a-discovery-snapshot;analytic-proof-first;exp/circulant-1s-generalization;paper/circulant-all-jump-rebuild-20260909;paper/circulant-finite-threshold-20260909;paper/circulant-periodic-gap-20260909;paper/jgt-authorial-rewrite;paper/period8-conclusion-correction;period8-paper-strengthening;proof/complete-mathematical-closure;research/circulant-1s-extension;research/quadratic-gap-upgrade;research/spectral-related-work-refresh,https://github.com/whzy3185/math/commit/7f05eddc618bb0e9d772626aa87f4f0f3c17d276
2026-08-22T12:48:39Z,2026-08-22T12:48:39Z,d33ffc4c295672ad7a08d871c1615c995c9ef5c5,Certify the gap-six interface state,65518c60e0aba985284b6e8c089d6cabaf2404be,agent/target-a-discovery-snapshot;analytic-proof-first;exp/circulant-1s-generalization;paper/circulant-all-jump-rebuild-20260909;paper/circulant-finite-threshold-20260909;paper/circulant-periodic-gap-20260909;paper/jgt-authorial-rewrite;paper/period8-conclusion-correction;period8-paper-strengthening;proof/complete-mathematical-closure;research/circulant-1s-extension;research/quadratic-gap-upgrade;research/spectral-related-work-refresh,https://github.com/whzy3185/math/commit/d33ffc4c295672ad7a08d871c1615c995c9ef5c5
2026-08-22T12:48:39Z,2026-08-22T12:48:39Z,65518c60e0aba985284b6e8c089d6cabaf2404be,Prove period-eight bulk hyperbolicity,797db0f30020627ef5bcc2931dc06b409fc3163f,agent/target-a-discovery-snapshot;analytic-proof-first;exp/circulant-1s-generalization;paper/circulant-all-jump-rebuild-20260909;paper/circulant-finite-threshold-20260909;paper/circulant-periodic-gap-20260909;paper/jgt-authorial-rewrite;paper/period8-conclusion-correction;period8-paper-strengthening;proof/complete-mathematical-closure;research/circulant-1s-extension;research/quadratic-gap-upgrade;research/spectral-related-work-refresh,https://github.com/whzy3185/math/commit/65518c60e0aba985284b6e8c089d6cabaf2404be
2026-08-22T12:48:39Z,2026-08-22T12:48:39Z,797db0f30020627ef5bcc2931dc06b409fc3163f,Establish Task 50 exact-proof baseline,7f05eddc618bb0e9d772626aa87f4f0f3c17d276,agent/target-a-discovery-snapshot;analytic-proof-first;exp/circulant-1s-generalization;paper/circulant-all-jump-rebuild-20260909;paper/circulant-finite-threshold-20260909;paper/circulant-periodic-gap-20260909;paper/jgt-authorial-rewrite;paper/period8-conclusion-correction;period8-paper-strengthening;proof/complete-mathematical-closure;research/circulant-1s-extension;research/quadratic-gap-upgrade;research/spectral-related-work-refresh,https://github.com/whzy3185/math/commit/797db0f30020627ef5bcc2931dc06b409fc3163f
2026-08-22T12:48:40Z,2026-08-22T12:48:40Z,78cd32509d94f5ea1a1ed843d63f34d982284800,Add independent Task 50 proof certificates and review,031b43af3fe86f870c25eb0928e2e22dffa66cbb,agent/target-a-discovery-snapshot;analytic-proof-first;exp/circulant-1s-generalization;paper/circulant-all-jump-rebuild-20260909;paper/circulant-finite-threshold-20260909;paper/circulant-periodic-gap-20260909;paper/jgt-authorial-rewrite;paper/period8-conclusion-correction;period8-paper-strengthening;proof/complete-mathematical-closure;research/circulant-1s-extension;research/quadratic-gap-upgrade;research/spectral-related-work-refresh,https://github.com/whzy3185/math/commit/78cd32509d94f5ea1a1ed843d63f34d982284800
2026-08-22T12:48:40Z,2026-08-22T12:48:40Z,031b43af3fe86f870c25eb0928e2e22dffa66cbb,Reduce finite-ring bounds to an exact closure recurrence,e4417413377d7935a13c74246d87ba37cfa7d2bd,agent/target-a-discovery-snapshot;analytic-proof-first;exp/circulant-1s-generalization;paper/circulant-all-jump-rebuild-20260909;paper/circulant-finite-threshold-20260909;paper/circulant-periodic-gap-20260909;paper/jgt-authorial-rewrite;paper/period8-conclusion-correction;period8-paper-strengthening;proof/complete-mathematical-closure;research/circulant-1s-extension;research/quadratic-gap-upgrade;research/spectral-related-work-refresh,https://github.com/whzy3185/math/commit/031b43af3fe86f870c25eb0928e2e22dffa66cbb
2026-08-22T12:48:40Z,2026-08-22T12:48:40Z,e4417413377d7935a13c74246d87ba37cfa7d2bd,Certify the gap-ten interface state,d33ffc4c295672ad7a08d871c1615c995c9ef5c5,agent/target-a-discovery-snapshot;analytic-proof-first;exp/circulant-1s-generalization;paper/circulant-all-jump-rebuild-20260909;paper/circulant-finite-threshold-20260909;paper/circulant-periodic-gap-20260909;paper/jgt-authorial-rewrite;paper/period8-conclusion-correction;period8-paper-strengthening;proof/complete-mathematical-closure;research/circulant-1s-extension;research/quadratic-gap-upgrade;research/spectral-related-work-refresh,https://github.com/whzy3185/math/commit/e4417413377d7935a13c74246d87ba37cfa7d2bd
2026-08-22T12:48:41Z,2026-08-22T12:48:41Z,82895863a59f8014d547544a7b3bb18aaa0cc8e5,Summarize and verify Target A Task 50,78cd32509d94f5ea1a1ed843d63f34d982284800,agent/target-a-discovery-snapshot;analytic-proof-first;exp/circulant-1s-generalization;paper/circulant-all-jump-rebuild-20260909;paper/circulant-finite-threshold-20260909;paper/circulant-periodic-gap-20260909;paper/jgt-authorial-rewrite;paper/period8-conclusion-correction;period8-paper-strengthening;proof/complete-mathematical-closure;research/circulant-1s-extension;research/quadratic-gap-upgrade;research/spectral-related-work-refresh,https://github.com/whzy3185/math/commit/82895863a59f8014d547544a7b3bb18aaa0cc8e5
2026-08-22T13:51:07Z,2026-08-22T13:51:07Z,a41c37c83a8377dd336e8637619dfbe8cb9f2795,Establish Task 51 structural-exploration baseline,82895863a59f8014d547544a7b3bb18aaa0cc8e5,agent/target-a-discovery-snapshot;analytic-proof-first;exp/circulant-1s-generalization;paper/circulant-all-jump-rebuild-20260909;paper/circulant-finite-threshold-20260909;paper/circulant-periodic-gap-20260909;paper/jgt-authorial-rewrite;paper/period8-conclusion-correction;period8-paper-strengthening;proof/complete-mathematical-closure;research/circulant-1s-extension;research/quadratic-gap-upgrade;research/spectral-related-work-refresh,https://github.com/whzy3185/math/commit/a41c37c83a8377dd336e8637619dfbe8cb9f2795
2026-08-22T14:10:00Z,2026-08-22T14:10:00Z,f09bf1d40f018eefd0754ef6d33392a320448a56,Analyze hidden finite-ring recurrence structure,a41c37c83a8377dd336e8637619dfbe8cb9f2795,agent/target-a-discovery-snapshot;analytic-proof-first;exp/circulant-1s-generalization;paper/circulant-all-jump-rebuild-20260909;paper/circulant-finite-threshold-20260909;paper/circulant-periodic-gap-20260909;paper/jgt-authorial-rewrite;paper/period8-conclusion-correction;period8-paper-strengthening;proof/complete-mathematical-closure;research/circulant-1s-extension;research/quadratic-gap-upgrade;research/spectral-related-work-refresh,https://github.com/whzy3185/math/commit/f09bf1d40f018eefd0754ef6d33392a320448a56
2026-08-22T14:10:10Z,2026-08-22T14:10:10Z,1630dcb3dca37556b97ac3de6a3c21401f1ed5ca,Compare finite-ring proof architectures,f09bf1d40f018eefd0754ef6d33392a320448a56,agent/target-a-discovery-snapshot;analytic-proof-first;exp/circulant-1s-generalization;paper/circulant-all-jump-rebuild-20260909;paper/circulant-finite-threshold-20260909;paper/circulant-periodic-gap-20260909;paper/jgt-authorial-rewrite;paper/period8-conclusion-correction;period8-paper-strengthening;proof/complete-mathematical-closure;research/circulant-1s-extension;research/quadratic-gap-upgrade;research/spectral-related-work-refresh,https://github.com/whzy3185/math/commit/1630dcb3dca37556b97ac3de6a3c21401f1ed5ca
2026-08-22T14:10:20Z,2026-08-22T14:10:20Z,b1f3449ac0bb4dace664d6921c5558c6bf82f0f5,Map charge interfaces and multi-slip interactions,1630dcb3dca37556b97ac3de6a3c21401f1ed5ca,agent/target-a-discovery-snapshot;analytic-proof-first;exp/circulant-1s-generalization;paper/circulant-all-jump-rebuild-20260909;paper/circulant-finite-threshold-20260909;paper/circulant-periodic-gap-20260909;paper/jgt-authorial-rewrite;paper/period8-conclusion-correction;period8-paper-strengthening;proof/complete-mathematical-closure;research/circulant-1s-extension;research/quadratic-gap-upgrade;research/spectral-related-work-refresh,https://github.com/whzy3185/math/commit/b1f3449ac0bb4dace664d6921c5558c6bf82f0f5
2026-08-22T14:10:35Z,2026-08-22T14:10:35Z,84a7b0828886302af37e71a9ad6a7c2922973e42,Build periodic atlas and crystallization reconnaissance,b1f3449ac0bb4dace664d6921c5558c6bf82f0f5,agent/target-a-discovery-snapshot;analytic-proof-first;exp/circulant-1s-generalization;paper/circulant-all-jump-rebuild-20260909;paper/circulant-finite-threshold-20260909;paper/circulant-periodic-gap-20260909;paper/jgt-authorial-rewrite;paper/period8-conclusion-correction;period8-paper-strengthening;proof/complete-mathematical-closure;research/circulant-1s-extension;research/quadratic-gap-upgrade;research/spectral-related-work-refresh,https://github.com/whzy3185/math/commit/84a7b0828886302af37e71a9ad6a7c2922973e42
2026-08-22T14:10:50Z,2026-08-22T14:10:50Z,6997725de4e2442c2d7730556a23805aaf7b0b05,Prove c6 algebraic structure and map asymptotic phases,84a7b0828886302af37e71a9ad6a7c2922973e42,agent/target-a-discovery-snapshot;analytic-proof-first;exp/circulant-1s-generalization;paper/circulant-all-jump-rebuild-20260909;paper/circulant-finite-threshold-20260909;paper/circulant-periodic-gap-20260909;paper/jgt-authorial-rewrite;paper/period8-conclusion-correction;period8-paper-strengthening;proof/complete-mathematical-closure;research/circulant-1s-extension;research/quadratic-gap-upgrade;research/spectral-related-work-refresh,https://github.com/whzy3185/math/commit/6997725de4e2442c2d7730556a23805aaf7b0b05
2026-08-22T14:11:34Z,2026-08-22T14:11:34Z,88f14b9c2c06c0b54039dcba96f7c65fe864f891,Complete structural matrix and independent reviews,6997725de4e2442c2d7730556a23805aaf7b0b05,agent/target-a-discovery-snapshot;analytic-proof-first;exp/circulant-1s-generalization;paper/circulant-all-jump-rebuild-20260909;paper/circulant-finite-threshold-20260909;paper/circulant-periodic-gap-20260909;paper/jgt-authorial-rewrite;paper/period8-conclusion-correction;period8-paper-strengthening;proof/complete-mathematical-closure;research/circulant-1s-extension;research/quadratic-gap-upgrade;research/spectral-related-work-refresh,https://github.com/whzy3185/math/commit/88f14b9c2c06c0b54039dcba96f7c65fe864f891
2026-08-22T14:24:22Z,2026-08-22T14:24:22Z,ac4c69b796c9dc14d1307a092d1e0faa093081f2,Finalize Task 51 synthesis and verification,88f14b9c2c06c0b54039dcba96f7c65fe864f891,agent/target-a-discovery-snapshot;analytic-proof-first;exp/circulant-1s-generalization;paper/circulant-all-jump-rebuild-20260909;paper/circulant-finite-threshold-20260909;paper/circulant-periodic-gap-20260909;paper/jgt-authorial-rewrite;paper/period8-conclusion-correction;period8-paper-strengthening;proof/complete-mathematical-closure;research/circulant-1s-extension;research/quadratic-gap-upgrade;research/spectral-related-work-refresh,https://github.com/whzy3185/math/commit/ac4c69b796c9dc14d1307a092d1e0faa093081f2
2026-08-23T04:26:06Z,2026-08-23T04:25:29Z,737e9a5093735f42ebe2eac2ded1edd27bf41790,Prove Task 52 charge and plus-minus-two algebra,ac4c69b796c9dc14d1307a092d1e0faa093081f2,agent/target-a-discovery-snapshot;analytic-proof-first;exp/circulant-1s-generalization;paper/circulant-all-jump-rebuild-20260909;paper/circulant-finite-threshold-20260909;paper/circulant-periodic-gap-20260909;paper/jgt-authorial-rewrite;paper/period8-conclusion-correction;period8-paper-strengthening;proof/complete-mathematical-closure;research/circulant-1s-extension;research/quadratic-gap-upgrade;research/spectral-related-work-refresh,https://github.com/whzy3185/math/commit/737e9a5093735f42ebe2eac2ded1edd27bf41790
2026-08-23T04:27:42Z,2026-08-23T04:27:42Z,3bacbd7e0673ccc6fbe9650a28e5c72fbc4368f9,Develop Task 52 fixed-r and rigidity framework,737e9a5093735f42ebe2eac2ded1edd27bf41790,agent/target-a-discovery-snapshot;analytic-proof-first;exp/circulant-1s-generalization;paper/circulant-all-jump-rebuild-20260909;paper/circulant-finite-threshold-20260909;paper/circulant-periodic-gap-20260909;paper/jgt-authorial-rewrite;paper/period8-conclusion-correction;period8-paper-strengthening;proof/complete-mathematical-closure;research/circulant-1s-extension;research/quadratic-gap-upgrade;research/spectral-related-work-refresh,https://github.com/whzy3185/math/commit/3bacbd7e0673ccc6fbe9650a28e5c72fbc4368f9
2026-08-23T04:32:11Z,2026-08-23T04:32:11Z,9b9c6c10c4b682ee39efbf6ec0b6a3bf0d8d1bdf,Finalize Task 52 verification and synthesis,3bacbd7e0673ccc6fbe9650a28e5c72fbc4368f9,agent/target-a-discovery-snapshot;analytic-proof-first;exp/circulant-1s-generalization;paper/circulant-all-jump-rebuild-20260909;paper/circulant-finite-threshold-20260909;paper/circulant-periodic-gap-20260909;paper/jgt-authorial-rewrite;paper/period8-conclusion-correction;period8-paper-strengthening;proof/complete-mathematical-closure;research/circulant-1s-extension;research/quadratic-gap-upgrade;research/spectral-related-work-refresh,https://github.com/whzy3185/math/commit/9b9c6c10c4b682ee39efbf6ec0b6a3bf0d8d1bdf
2026-08-23T14:24:25Z,2026-08-23T14:24:25Z,34884b4fce050c1932eecfcaa0370f27d2ad792c,Prove the global G6 spectral edge,9b9c6c10c4b682ee39efbf6ec0b6a3bf0d8d1bdf,agent/target-a-discovery-snapshot;analytic-proof-first;exp/circulant-1s-generalization;paper/circulant-all-jump-rebuild-20260909;paper/circulant-finite-threshold-20260909;paper/circulant-periodic-gap-20260909;paper/jgt-authorial-rewrite;paper/period8-conclusion-correction;period8-paper-strengthening;proof/complete-mathematical-closure;research/circulant-1s-extension;research/quadratic-gap-upgrade;research/spectral-related-work-refresh,https://github.com/whzy3185/math/commit/34884b4fce050c1932eecfcaa0370f27d2ad792c
2026-08-23T14:24:40Z,2026-08-23T14:24:40Z,5b03c766c29aea66bd3840508d41c6ace43daacc,Prove the eventual all-even theorem,34884b4fce050c1932eecfcaa0370f27d2ad792c,agent/target-a-discovery-snapshot;analytic-proof-first;exp/circulant-1s-generalization;paper/circulant-all-jump-rebuild-20260909;paper/circulant-finite-threshold-20260909;paper/circulant-periodic-gap-20260909;paper/jgt-authorial-rewrite;paper/period8-conclusion-correction;period8-paper-strengthening;proof/complete-mathematical-closure;research/circulant-1s-extension;research/quadratic-gap-upgrade;research/spectral-related-work-refresh,https://github.com/whzy3185/math/commit/5b03c766c29aea66bd3840508d41c6ace43daacc
2026-08-23T14:25:08Z,2026-08-23T14:25:08Z,433942f125ef543844f609d75468ef4816b89a5b,Complete Task53 supporting theory and review,5b03c766c29aea66bd3840508d41c6ace43daacc,agent/target-a-discovery-snapshot;analytic-proof-first;exp/circulant-1s-generalization;paper/circulant-all-jump-rebuild-20260909;paper/circulant-finite-threshold-20260909;paper/circulant-periodic-gap-20260909;paper/jgt-authorial-rewrite;paper/period8-conclusion-correction;period8-paper-strengthening;proof/complete-mathematical-closure;research/circulant-1s-extension;research/quadratic-gap-upgrade;research/spectral-related-work-refresh,https://github.com/whzy3185/math/commit/433942f125ef543844f609d75468ef4816b89a5b
2026-08-23T14:25:41Z,2026-08-23T14:25:41Z,35a3cfc556cf9fc6748ea400111a1899b6e3f09e,Finalize Task53 verification record,433942f125ef543844f609d75468ef4816b89a5b,agent/target-a-discovery-snapshot;analytic-proof-first;exp/circulant-1s-generalization;paper/circulant-all-jump-rebuild-20260909;paper/circulant-finite-threshold-20260909;paper/circulant-periodic-gap-20260909;paper/jgt-authorial-rewrite;paper/period8-conclusion-correction;period8-paper-strengthening;proof/complete-mathematical-closure;research/circulant-1s-extension;research/quadratic-gap-upgrade;research/spectral-related-work-refresh,https://github.com/whzy3185/math/commit/35a3cfc556cf9fc6748ea400111a1899b6e3f09e
2026-08-23T16:00:06Z,2026-08-23T16:00:06Z,3853dd424b396538e4834d2b2c1255d388818b7e,Isolate the Task54 single-G6 level,35a3cfc556cf9fc6748ea400111a1899b6e3f09e,agent/target-a-discovery-snapshot;analytic-proof-first;exp/circulant-1s-generalization;paper/circulant-all-jump-rebuild-20260909;paper/circulant-finite-threshold-20260909;paper/circulant-periodic-gap-20260909;paper/jgt-authorial-rewrite;paper/period8-conclusion-correction;period8-paper-strengthening;proof/complete-mathematical-closure;research/circulant-1s-extension;research/quadratic-gap-upgrade;research/spectral-related-work-refresh,https://github.com/whzy3185/math/commit/3853dd424b396538e4834d2b2c1255d388818b7e
2026-08-23T16:02:47Z,2026-08-23T16:02:47Z,07a922ea9fc084f08dc48299dd4535c5a32bbf15,Prove exact-r G6 excitation counting,3853dd424b396538e4834d2b2c1255d388818b7e,agent/target-a-discovery-snapshot;analytic-proof-first;exp/circulant-1s-generalization;paper/circulant-all-jump-rebuild-20260909;paper/circulant-finite-threshold-20260909;paper/circulant-periodic-gap-20260909;paper/jgt-authorial-rewrite;paper/period8-conclusion-correction;period8-paper-strengthening;proof/complete-mathematical-closure;research/circulant-1s-extension;research/quadratic-gap-upgrade;research/spectral-related-work-refresh,https://github.com/whzy3185/math/commit/07a922ea9fc084f08dc48299dd4535c5a32bbf15
2026-08-23T17:46:57Z,2026-08-23T17:46:57Z,bd1934da29a2eb56cf2045554c00c104d79a7959,Strengthen Task54 threshold and exact-r theory,07a922ea9fc084f08dc48299dd4535c5a32bbf15,agent/target-a-discovery-snapshot;analytic-proof-first;exp/circulant-1s-generalization;paper/circulant-all-jump-rebuild-20260909;paper/circulant-finite-threshold-20260909;paper/circulant-periodic-gap-20260909;paper/jgt-authorial-rewrite;paper/period8-conclusion-correction;period8-paper-strengthening;proof/complete-mathematical-closure;research/circulant-1s-extension;research/quadratic-gap-upgrade;research/spectral-related-work-refresh,https://github.com/whzy3185/math/commit/bd1934da29a2eb56cf2045554c00c104d79a7959
2026-08-23T20:30:02Z,2026-08-23T20:30:02Z,c26c18f9077f184b8a62684baf2feb1e099edccc,Complete Task 55 exact classification and rank correction,bd1934da29a2eb56cf2045554c00c104d79a7959,agent/target-a-discovery-snapshot;analytic-proof-first;exp/circulant-1s-generalization;paper/circulant-all-jump-rebuild-20260909;paper/circulant-finite-threshold-20260909;paper/circulant-periodic-gap-20260909;paper/jgt-authorial-rewrite;paper/period8-conclusion-correction;period8-paper-strengthening;proof/complete-mathematical-closure;research/circulant-1s-extension;research/quadratic-gap-upgrade;research/spectral-related-work-refresh,https://github.com/whzy3185/math/commit/c26c18f9077f184b8a62684baf2feb1e099edccc
2026-08-23T20:52:37Z,2026-08-23T20:52:37Z,e6a01d8bf30088dae1042a237398bee2df138280,Prove abnormal single-gap hierarchy,c26c18f9077f184b8a62684baf2feb1e099edccc,agent/target-a-discovery-snapshot;analytic-proof-first;exp/circulant-1s-generalization;paper/circulant-all-jump-rebuild-20260909;paper/circulant-finite-threshold-20260909;paper/circulant-periodic-gap-20260909;paper/jgt-authorial-rewrite;paper/period8-conclusion-correction;period8-paper-strengthening;proof/complete-mathematical-closure;research/circulant-1s-extension;research/quadratic-gap-upgrade;research/spectral-related-work-refresh,https://github.com/whzy3185/math/commit/e6a01d8bf30088dae1042a237398bee2df138280
2026-08-24T04:22:24Z,2026-08-24T04:22:24Z,06316943472d9a1ea22f57b383bd3a0091cd4577,Complete Task 57 JGT proof package,e6a01d8bf30088dae1042a237398bee2df138280,agent/target-a-discovery-snapshot;analytic-proof-first;exp/circulant-1s-generalization;paper/circulant-all-jump-rebuild-20260909;paper/circulant-finite-threshold-20260909;paper/circulant-periodic-gap-20260909;paper/jgt-authorial-rewrite;paper/period8-conclusion-correction;period8-paper-strengthening;proof/complete-mathematical-closure;research/circulant-1s-extension;research/quadratic-gap-upgrade;research/spectral-related-work-refresh,https://github.com/whzy3185/math/commit/06316943472d9a1ea22f57b383bd3a0091cd4577
2026-08-24T05:23:18Z,2026-08-24T05:23:18Z,20eb153560df30980ff5ee842246579af40faae5,Repair final proof connections for Task 57.5,06316943472d9a1ea22f57b383bd3a0091cd4577,agent/target-a-discovery-snapshot;analytic-proof-first;exp/circulant-1s-generalization;paper/circulant-all-jump-rebuild-20260909;paper/circulant-finite-threshold-20260909;paper/circulant-periodic-gap-20260909;paper/jgt-authorial-rewrite;paper/period8-conclusion-correction;period8-paper-strengthening;proof/complete-mathematical-closure;research/circulant-1s-extension;research/quadratic-gap-upgrade;research/spectral-related-work-refresh,https://github.com/whzy3185/math/commit/20eb153560df30980ff5ee842246579af40faae5
2026-08-24T08:30:59Z,2026-08-24T08:30:59Z,a7afd323ca371cfa764970482a25479af1a4cc82,task58: lock first-submission manuscript scope,20eb153560df30980ff5ee842246579af40faae5,agent/target-a-discovery-snapshot;analytic-proof-first;exp/circulant-1s-generalization;paper/circulant-all-jump-rebuild-20260909;paper/circulant-finite-threshold-20260909;paper/circulant-periodic-gap-20260909;paper/jgt-authorial-rewrite;paper/period8-conclusion-correction;period8-paper-strengthening;proof/complete-mathematical-closure;research/circulant-1s-extension;research/quadratic-gap-upgrade;research/spectral-related-work-refresh,https://github.com/whzy3185/math/commit/a7afd323ca371cfa764970482a25479af1a4cc82
2026-08-24T09:34:07Z,2026-08-24T09:34:07Z,0e0d090c937dcd23f57ed5a54d0552370989d3d5,task58: audit direct literature and novelty,a7afd323ca371cfa764970482a25479af1a4cc82,agent/target-a-discovery-snapshot;analytic-proof-first;exp/circulant-1s-generalization;paper/circulant-all-jump-rebuild-20260909;paper/circulant-finite-threshold-20260909;paper/circulant-periodic-gap-20260909;paper/jgt-authorial-rewrite;paper/period8-conclusion-correction;period8-paper-strengthening;proof/complete-mathematical-closure;research/circulant-1s-extension;research/quadratic-gap-upgrade;research/spectral-related-work-refresh,https://github.com/whzy3185/math/commit/0e0d090c937dcd23f57ed5a54d0552370989d3d5
2026-08-24T09:48:28Z,2026-08-24T09:48:28Z,b1696ac8a57cb4cd12d5c929f9798ba3cff9bb1e,task58: finalize manuscript blueprint,0e0d090c937dcd23f57ed5a54d0552370989d3d5,agent/target-a-discovery-snapshot;analytic-proof-first;exp/circulant-1s-generalization;paper/circulant-all-jump-rebuild-20260909;paper/circulant-finite-threshold-20260909;paper/circulant-periodic-gap-20260909;paper/jgt-authorial-rewrite;paper/period8-conclusion-correction;period8-paper-strengthening;proof/complete-mathematical-closure;research/circulant-1s-extension;research/quadratic-gap-upgrade;research/spectral-related-work-refresh,https://github.com/whzy3185/math/commit/b1696ac8a57cb4cd12d5c929f9798ba3cff9bb1e
2026-08-24T10:10:41Z,2026-08-24T10:10:41Z,c2f4d6b6c9f9a4bc6eca3440ef928a9de0260575,task58: create clean manuscript scaffold,b1696ac8a57cb4cd12d5c929f9798ba3cff9bb1e,agent/target-a-discovery-snapshot;analytic-proof-first;exp/circulant-1s-generalization;paper/circulant-all-jump-rebuild-20260909;paper/circulant-finite-threshold-20260909;paper/circulant-periodic-gap-20260909;paper/jgt-authorial-rewrite;paper/period8-conclusion-correction;period8-paper-strengthening;proof/complete-mathematical-closure;research/circulant-1s-extension;research/quadratic-gap-upgrade;research/spectral-related-work-refresh,https://github.com/whzy3185/math/commit/c2f4d6b6c9f9a4bc6eca3440ef928a9de0260575
2026-08-24T10:31:03Z,2026-08-24T10:31:03Z,9d41ec514192e2ccbc94646c13c4d3421436ea9a,task58: rewrite abstract and introduction,c2f4d6b6c9f9a4bc6eca3440ef928a9de0260575,agent/target-a-discovery-snapshot;analytic-proof-first;exp/circulant-1s-generalization;paper/circulant-all-jump-rebuild-20260909;paper/circulant-finite-threshold-20260909;paper/circulant-periodic-gap-20260909;paper/jgt-authorial-rewrite;paper/period8-conclusion-correction;period8-paper-strengthening;proof/complete-mathematical-closure;research/circulant-1s-extension;research/quadratic-gap-upgrade;research/spectral-related-work-refresh,https://github.com/whzy3185/math/commit/9d41ec514192e2ccbc94646c13c4d3421436ea9a
2026-08-24T10:43:19Z,2026-08-24T10:43:19Z,6343da285591b81dd7d1b6ce316139c4a227aa03,task58: write switching and reference phase section,9d41ec514192e2ccbc94646c13c4d3421436ea9a,agent/target-a-discovery-snapshot;analytic-proof-first;exp/circulant-1s-generalization;paper/circulant-all-jump-rebuild-20260909;paper/circulant-finite-threshold-20260909;paper/circulant-periodic-gap-20260909;paper/jgt-authorial-rewrite;paper/period8-conclusion-correction;period8-paper-strengthening;proof/complete-mathematical-closure;research/circulant-1s-extension;research/quadratic-gap-upgrade;research/spectral-related-work-refresh,https://github.com/whzy3185/math/commit/6343da285591b81dd7d1b6ce316139c4a227aa03
2026-08-24T10:47:03Z,2026-08-24T10:47:03Z,e870ba023a0e2ac8990cc665b8b4591b54b87fca,task58: write gap charge and sector section,6343da285591b81dd7d1b6ce316139c4a227aa03,agent/target-a-discovery-snapshot;analytic-proof-first;exp/circulant-1s-generalization;paper/circulant-all-jump-rebuild-20260909;paper/circulant-finite-threshold-20260909;paper/circulant-periodic-gap-20260909;paper/jgt-authorial-rewrite;paper/period8-conclusion-correction;period8-paper-strengthening;proof/complete-mathematical-closure;research/circulant-1s-extension;research/quadratic-gap-upgrade;research/spectral-related-work-refresh,https://github.com/whzy3185/math/commit/e870ba023a0e2ac8990cc665b8b4591b54b87fca
2026-08-24T10:57:48Z,2026-08-24T10:57:48Z,0ac624d4c6fc7fdfb7bf5c10b6b3ad46aa002060,task58: reconstruct elementary G6 proof,e870ba023a0e2ac8990cc665b8b4591b54b87fca,agent/target-a-discovery-snapshot;analytic-proof-first;exp/circulant-1s-generalization;paper/circulant-all-jump-rebuild-20260909;paper/circulant-finite-threshold-20260909;paper/circulant-periodic-gap-20260909;paper/jgt-authorial-rewrite;paper/period8-conclusion-correction;period8-paper-strengthening;proof/complete-mathematical-closure;research/circulant-1s-extension;research/quadratic-gap-upgrade;research/spectral-related-work-refresh,https://github.com/whzy3185/math/commit/0ac624d4c6fc7fdfb7bf5c10b6b3ad46aa002060
2026-08-24T11:03:36Z,2026-08-24T11:03:36Z,3418360374aa48bd1b12ab740bdf9dc3ce440ea6,task58: write single-gap spectral hierarchy,0ac624d4c6fc7fdfb7bf5c10b6b3ad46aa002060,agent/target-a-discovery-snapshot;analytic-proof-first;exp/circulant-1s-generalization;paper/circulant-all-jump-rebuild-20260909;paper/circulant-finite-threshold-20260909;paper/circulant-periodic-gap-20260909;paper/jgt-authorial-rewrite;paper/period8-conclusion-correction;period8-paper-strengthening;proof/complete-mathematical-closure;research/circulant-1s-extension;research/quadratic-gap-upgrade;research/spectral-related-work-refresh,https://github.com/whzy3185/math/commit/3418360374aa48bd1b12ab740bdf9dc3ce440ea6
2026-08-24T11:22:46Z,2026-08-24T11:22:46Z,f24e5becf1bacce7816982aa63b14c010ac6685e,task58: write finite-ring phase slip section,3418360374aa48bd1b12ab740bdf9dc3ce440ea6,agent/target-a-discovery-snapshot;analytic-proof-first;exp/circulant-1s-generalization;paper/circulant-all-jump-rebuild-20260909;paper/circulant-finite-threshold-20260909;paper/circulant-periodic-gap-20260909;paper/jgt-authorial-rewrite;paper/period8-conclusion-correction;period8-paper-strengthening;proof/complete-mathematical-closure;research/circulant-1s-extension;research/quadratic-gap-upgrade;research/spectral-related-work-refresh,https://github.com/whzy3185/math/commit/f24e5becf1bacce7816982aa63b14c010ac6685e
2026-08-24T11:37:40Z,2026-08-24T11:37:40Z,e365e1553ad73a8a534fb67f5ee76562521609ce,task58: complete finite classification section,f24e5becf1bacce7816982aa63b14c010ac6685e,agent/target-a-discovery-snapshot;analytic-proof-first;exp/circulant-1s-generalization;paper/circulant-all-jump-rebuild-20260909;paper/circulant-finite-threshold-20260909;paper/circulant-periodic-gap-20260909;paper/jgt-authorial-rewrite;paper/period8-conclusion-correction;period8-paper-strengthening;proof/complete-mathematical-closure;research/circulant-1s-extension;research/quadratic-gap-upgrade;research/spectral-related-work-refresh,https://github.com/whzy3185/math/commit/e365e1553ad73a8a534fb67f5ee76562521609ce
2026-08-24T14:25:39Z,2026-08-24T14:25:39Z,96efe50c55df82feb9e58f3fc71009f4292d1652,task58: finalize figures appendices and availability,e365e1553ad73a8a534fb67f5ee76562521609ce,agent/target-a-discovery-snapshot;analytic-proof-first;exp/circulant-1s-generalization;paper/circulant-all-jump-rebuild-20260909;paper/circulant-finite-threshold-20260909;paper/circulant-periodic-gap-20260909;paper/jgt-authorial-rewrite;paper/period8-conclusion-correction;period8-paper-strengthening;proof/complete-mathematical-closure;research/circulant-1s-extension;research/quadratic-gap-upgrade;research/spectral-related-work-refresh,https://github.com/whzy3185/math/commit/96efe50c55df82feb9e58f3fc71009f4292d1652
2026-08-24T14:52:52Z,2026-08-24T14:52:52Z,6b8beda0506074ff7516b9cfe6af26ae8de3f231,task58: complete hostile manuscript review,96efe50c55df82feb9e58f3fc71009f4292d1652,agent/target-a-discovery-snapshot;analytic-proof-first;exp/circulant-1s-generalization;paper/circulant-all-jump-rebuild-20260909;paper/circulant-finite-threshold-20260909;paper/circulant-periodic-gap-20260909;paper/jgt-authorial-rewrite;paper/period8-conclusion-correction;period8-paper-strengthening;proof/complete-mathematical-closure;research/circulant-1s-extension;research/quadratic-gap-upgrade;research/spectral-related-work-refresh,https://github.com/whzy3185/math/commit/6b8beda0506074ff7516b9cfe6af26ae8de3f231
2026-08-24T16:02:18Z,2026-08-24T16:02:18Z,a274240fce3c73c0a34e36e6c9c61986e9f4844f,task58: complete final manuscript audit,6b8beda0506074ff7516b9cfe6af26ae8de3f231,agent/target-a-discovery-snapshot;analytic-proof-first;exp/circulant-1s-generalization;paper/circulant-all-jump-rebuild-20260909;paper/circulant-finite-threshold-20260909;paper/circulant-periodic-gap-20260909;paper/jgt-authorial-rewrite;paper/period8-conclusion-correction;period8-paper-strengthening;proof/complete-mathematical-closure;research/circulant-1s-extension;research/quadratic-gap-upgrade;research/spectral-related-work-refresh,https://github.com/whzy3185/math/commit/a274240fce3c73c0a34e36e6c9c61986e9f4844f
2026-08-24T18:33:54Z,2026-08-24T18:33:54Z,0ebfc7ba36c67fec5cb79bb9e515dcd3cb2c69c8,task59: prepare JGT submission revision,a274240fce3c73c0a34e36e6c9c61986e9f4844f,agent/target-a-discovery-snapshot;analytic-proof-first;exp/circulant-1s-generalization;paper/circulant-all-jump-rebuild-20260909;paper/circulant-finite-threshold-20260909;paper/circulant-periodic-gap-20260909;paper/jgt-authorial-rewrite;paper/period8-conclusion-correction;period8-paper-strengthening;proof/complete-mathematical-closure;research/circulant-1s-extension;research/quadratic-gap-upgrade;research/spectral-related-work-refresh,https://github.com/whzy3185/math/commit/0ebfc7ba36c67fec5cb79bb9e515dcd3cb2c69c8
2026-08-24T19:53:23Z,2026-08-24T19:53:23Z,e9a175438f3aac353f90f65a241e4829f555c0ed,"task60: derive general C_N(1,s) switching algebra",0ebfc7ba36c67fec5cb79bb9e515dcd3cb2c69c8,analytic-proof-first;exp/circulant-1s-generalization;paper/circulant-all-jump-rebuild-20260909;paper/circulant-finite-threshold-20260909;paper/circulant-periodic-gap-20260909;paper/jgt-authorial-rewrite;paper/period8-conclusion-correction;period8-paper-strengthening;proof/complete-mathematical-closure;research/circulant-1s-extension;research/quadratic-gap-upgrade;research/spectral-related-work-refresh,https://github.com/whzy3185/math/commit/e9a175438f3aac353f90f65a241e4829f555c0ed
2026-08-24T20:01:02Z,2026-08-24T20:01:02Z,bf1d75c8545e8bec79ec39086a27aa9b61d412a2,task60: generalize the twisted candidate,e9a175438f3aac353f90f65a241e4829f555c0ed,analytic-proof-first;exp/circulant-1s-generalization;paper/circulant-all-jump-rebuild-20260909;paper/circulant-finite-threshold-20260909;paper/circulant-periodic-gap-20260909;paper/jgt-authorial-rewrite;paper/period8-conclusion-correction;period8-paper-strengthening;proof/complete-mathematical-closure;research/circulant-1s-extension;research/quadratic-gap-upgrade;research/spectral-related-work-refresh,https://github.com/whzy3185/math/commit/bf1d75c8545e8bec79ec39086a27aa9b61d412a2
2026-08-25T07:44:33Z,2026-08-25T07:44:33Z,80e3d948f462c5dadaa0a4d1d0552b5a37aca0d9,paper: add identified author metadata,bf1d75c8545e8bec79ec39086a27aa9b61d412a2,analytic-proof-first;exp/circulant-1s-generalization;paper/circulant-all-jump-rebuild-20260909;paper/circulant-finite-threshold-20260909;paper/circulant-periodic-gap-20260909;paper/jgt-authorial-rewrite;paper/period8-conclusion-correction;period8-paper-strengthening;proof/complete-mathematical-closure;research/circulant-1s-extension;research/quadratic-gap-upgrade;research/spectral-related-work-refresh,https://github.com/whzy3185/math/commit/80e3d948f462c5dadaa0a4d1d0552b5a37aca0d9
2026-08-25T09:37:27Z,2026-08-25T09:37:27Z,bfbe5202f9cfb32226e3bb1a9d650f02563c1859,task59: strengthen JGT-style mathematical figures,80e3d948f462c5dadaa0a4d1d0552b5a37aca0d9,analytic-proof-first;exp/circulant-1s-generalization;paper/circulant-all-jump-rebuild-20260909;paper/circulant-finite-threshold-20260909;paper/circulant-periodic-gap-20260909;paper/jgt-authorial-rewrite;paper/period8-conclusion-correction;period8-paper-strengthening;proof/complete-mathematical-closure;research/circulant-1s-extension;research/quadratic-gap-upgrade;research/spectral-related-work-refresh,https://github.com/whzy3185/math/commit/bfbe5202f9cfb32226e3bb1a9d650f02563c1859
2026-08-25T10:40:22Z,2026-08-25T10:40:22Z,833face614d2e9bda09d7d7112dc89f9a78b3555,task59: polish final journal prose,bfbe5202f9cfb32226e3bb1a9d650f02563c1859,analytic-proof-first;exp/circulant-1s-generalization;paper/circulant-all-jump-rebuild-20260909;paper/circulant-finite-threshold-20260909;paper/circulant-periodic-gap-20260909;paper/jgt-authorial-rewrite;paper/period8-conclusion-correction;period8-paper-strengthening;proof/complete-mathematical-closure;research/circulant-1s-extension;research/quadratic-gap-upgrade;research/spectral-related-work-refresh,https://github.com/whzy3185/math/commit/833face614d2e9bda09d7d7112dc89f9a78b3555
2026-08-31T13:02:28Z,2026-08-31T13:02:28Z,40b49984e9cd87530ceb27aa97c5785b05ce2968,research: rebuild spectral related-work literature base,833face614d2e9bda09d7d7112dc89f9a78b3555,analytic-proof-first;paper/circulant-all-jump-rebuild-20260909;paper/circulant-finite-threshold-20260909;paper/circulant-periodic-gap-20260909;paper/jgt-authorial-rewrite;paper/period8-conclusion-correction;period8-paper-strengthening;proof/complete-mathematical-closure;research/circulant-1s-extension;research/quadratic-gap-upgrade;research/spectral-related-work-refresh,https://github.com/whzy3185/math/commit/40b49984e9cd87530ceb27aa97c5785b05ce2968
2026-08-31T13:14:17Z,2026-08-31T13:14:17Z,fc3854053ebd6990985d017cc489a137958dc6de,research: synthesize spectral literature review,40b49984e9cd87530ceb27aa97c5785b05ce2968,analytic-proof-first;paper/circulant-all-jump-rebuild-20260909;paper/circulant-finite-threshold-20260909;paper/circulant-periodic-gap-20260909;paper/jgt-authorial-rewrite;paper/period8-conclusion-correction;period8-paper-strengthening;proof/complete-mathematical-closure;research/circulant-1s-extension;research/quadratic-gap-upgrade;research/spectral-related-work-refresh,https://github.com/whzy3185/math/commit/fc3854053ebd6990985d017cc489a137958dc6de
2026-08-31T13:20:47Z,2026-08-31T13:20:47Z,ebc6de4fb67eeae7af961eb415a4dc1fdcc4c2c7,research: detail article proof architectures,fc3854053ebd6990985d017cc489a137958dc6de,analytic-proof-first;paper/circulant-all-jump-rebuild-20260909;paper/circulant-finite-threshold-20260909;paper/circulant-periodic-gap-20260909;paper/jgt-authorial-rewrite;paper/period8-conclusion-correction;period8-paper-strengthening;proof/complete-mathematical-closure;research/circulant-1s-extension;research/quadratic-gap-upgrade;research/spectral-related-work-refresh,https://github.com/whzy3185/math/commit/ebc6de4fb67eeae7af961eb415a4dc1fdcc4c2c7
2026-09-01T01:39:40Z,2026-09-01T01:39:40Z,8b43d8f311abd6fb3c78102de7e71e199c684bd5,proof: close Target A classification audit,ebc6de4fb67eeae7af961eb415a4dc1fdcc4c2c7,analytic-proof-first;paper/circulant-all-jump-rebuild-20260909;paper/circulant-finite-threshold-20260909;paper/circulant-periodic-gap-20260909;paper/jgt-authorial-rewrite;paper/period8-conclusion-correction;period8-paper-strengthening;proof/complete-mathematical-closure;research/circulant-1s-extension;research/quadratic-gap-upgrade,https://github.com/whzy3185/math/commit/8b43d8f311abd6fb3c78102de7e71e199c684bd5
2026-09-01T02:23:39Z,2026-09-01T02:23:39Z,b2c4d88cf4565e6b0ea1eb28f23e59aedd3ca3a0,proof: begin analytic replacement program,8b43d8f311abd6fb3c78102de7e71e199c684bd5,analytic-proof-first;paper/circulant-all-jump-rebuild-20260909;paper/circulant-finite-threshold-20260909;paper/circulant-periodic-gap-20260909;paper/jgt-authorial-rewrite;paper/period8-conclusion-correction;period8-paper-strengthening;proof/complete-mathematical-closure;research/circulant-1s-extension;research/quadratic-gap-upgrade,https://github.com/whzy3185/math/commit/b2c4d88cf4565e6b0ea1eb28f23e59aedd3ca3a0
2026-09-01T03:33:05Z,2026-09-01T03:33:05Z,576197e868083121a74204cbd100b0abcf8c876c,formal: add pinned Lean foundation,b2c4d88cf4565e6b0ea1eb28f23e59aedd3ca3a0,analytic-proof-first;paper/circulant-all-jump-rebuild-20260909;paper/circulant-finite-threshold-20260909;paper/circulant-periodic-gap-20260909;paper/jgt-authorial-rewrite;paper/period8-conclusion-correction;period8-paper-strengthening;proof/complete-mathematical-closure;research/circulant-1s-extension;research/quadratic-gap-upgrade,https://github.com/whzy3185/math/commit/576197e868083121a74204cbd100b0abcf8c876c
2026-09-01T06:02:34Z,2026-09-01T06:02:34Z,9efc705b2bbc01e63db4fbedaaa68a9d8a09601d,proof: reduce finite tail to uniform residue caps,576197e868083121a74204cbd100b0abcf8c876c,analytic-proof-first;paper/circulant-all-jump-rebuild-20260909;paper/circulant-finite-threshold-20260909;paper/circulant-periodic-gap-20260909;paper/jgt-authorial-rewrite;paper/period8-conclusion-correction;period8-paper-strengthening;proof/complete-mathematical-closure;research/circulant-1s-extension;research/quadratic-gap-upgrade,https://github.com/whzy3185/math/commit/9efc705b2bbc01e63db4fbedaaa68a9d8a09601d
2026-09-01T06:54:38Z,2026-09-01T06:54:38Z,5ae43d6775c7e1fdb26e46def07b8bba980b3961,proof: record auxiliary periodic Floquet families,9efc705b2bbc01e63db4fbedaaa68a9d8a09601d,analytic-proof-first;paper/circulant-all-jump-rebuild-20260909;paper/circulant-finite-threshold-20260909;paper/circulant-periodic-gap-20260909;paper/jgt-authorial-rewrite;paper/period8-conclusion-correction;period8-paper-strengthening;proof/complete-mathematical-closure;research/circulant-1s-extension;research/quadratic-gap-upgrade,https://github.com/whzy3185/math/commit/5ae43d6775c7e1fdb26e46def07b8bba980b3961
2026-09-01T06:58:36Z,2026-09-01T06:58:36Z,58aa0045d19ec13c4403610a5b792187fe8e16ce,proof: reduce residue-two cap to fixed-width Schur state,5ae43d6775c7e1fdb26e46def07b8bba980b3961,analytic-proof-first;paper/circulant-all-jump-rebuild-20260909;paper/circulant-finite-threshold-20260909;paper/circulant-periodic-gap-20260909;paper/jgt-authorial-rewrite;paper/period8-conclusion-correction;period8-paper-strengthening;proof/complete-mathematical-closure;research/circulant-1s-extension;research/quadratic-gap-upgrade,https://github.com/whzy3185/math/commit/58aa0045d19ec13c4403610a5b792187fe8e16ce
2026-09-01T07:27:50Z,2026-09-01T07:27:50Z,1218e1895db47d7bf406d1053e458740f0051297,proof: establish residue-two bulk Riccati invariant box,58aa0045d19ec13c4403610a5b792187fe8e16ce,analytic-proof-first;paper/circulant-all-jump-rebuild-20260909;paper/circulant-finite-threshold-20260909;paper/circulant-periodic-gap-20260909;paper/jgt-authorial-rewrite;paper/period8-conclusion-correction;period8-paper-strengthening;proof/complete-mathematical-closure;research/circulant-1s-extension;research/quadratic-gap-upgrade,https://github.com/whzy3185/math/commit/1218e1895db47d7bf406d1053e458740f0051297
2026-09-01T07:30:05Z,2026-09-01T07:30:05Z,768854b1ee47930d5508ab2f304f069ca9fac8e7,proof: certify residue-two bulk Riccati propagation,1218e1895db47d7bf406d1053e458740f0051297,analytic-proof-first;paper/circulant-all-jump-rebuild-20260909;paper/circulant-finite-threshold-20260909;paper/circulant-periodic-gap-20260909;paper/jgt-authorial-rewrite;paper/period8-conclusion-correction;period8-paper-strengthening;proof/complete-mathematical-closure;research/circulant-1s-extension;research/quadratic-gap-upgrade,https://github.com/whzy3185/math/commit/768854b1ee47930d5508ab2f304f069ca9fac8e7
2026-09-01T07:31:32Z,2026-09-01T07:31:32Z,b1e9ad56a2405b35069a1411b636bfc82683087c,proof: reduce residue-two boundary to fixed response system,768854b1ee47930d5508ab2f304f069ca9fac8e7,analytic-proof-first;paper/circulant-all-jump-rebuild-20260909;paper/circulant-finite-threshold-20260909;paper/circulant-periodic-gap-20260909;paper/jgt-authorial-rewrite;paper/period8-conclusion-correction;period8-paper-strengthening;proof/complete-mathematical-closure;research/circulant-1s-extension;research/quadratic-gap-upgrade,https://github.com/whzy3185/math/commit/b1e9ad56a2405b35069a1411b636bfc82683087c
2026-09-01T09:42:33Z,2026-09-01T09:42:33Z,44ff33a89294056907d0b909d68a8db27371c4f0,proof: audit current analytic gaps,b1e9ad56a2405b35069a1411b636bfc82683087c,analytic-proof-first;paper/circulant-all-jump-rebuild-20260909;paper/circulant-finite-threshold-20260909;paper/circulant-periodic-gap-20260909;paper/jgt-authorial-rewrite;paper/period8-conclusion-correction;period8-paper-strengthening;proof/complete-mathematical-closure;research/circulant-1s-extension;research/quadratic-gap-upgrade,https://github.com/whzy3185/math/commit/44ff33a89294056907d0b909d68a8db27371c4f0
2026-09-02T06:48:37Z,2026-09-02T06:48:37Z,43c5903917f45ece9bc2facbf0fde936bf74e0e6,research: initialize analytic-first proof inventory,44ff33a89294056907d0b909d68a8db27371c4f0,analytic-proof-first;paper/circulant-all-jump-rebuild-20260909;paper/circulant-finite-threshold-20260909;paper/circulant-periodic-gap-20260909;paper/jgt-authorial-rewrite;paper/period8-conclusion-correction;period8-paper-strengthening;research/circulant-1s-extension;research/quadratic-gap-upgrade,https://github.com/whzy3185/math/commit/43c5903917f45ece9bc2facbf0fde936bf74e0e6
2026-09-02T06:49:43Z,2026-09-02T06:49:43Z,d9fcc08356c95d63146872cbe0f782005a730386,research: map analytic proof-reduction targets,43c5903917f45ece9bc2facbf0fde936bf74e0e6,analytic-proof-first;paper/circulant-all-jump-rebuild-20260909;paper/circulant-finite-threshold-20260909;paper/circulant-periodic-gap-20260909;paper/jgt-authorial-rewrite;paper/period8-conclusion-correction;period8-paper-strengthening;research/circulant-1s-extension;research/quadratic-gap-upgrade,https://github.com/whzy3185/math/commit/d9fcc08356c95d63146872cbe0f782005a730386
2026-09-02T06:52:37Z,2026-09-02T06:52:37Z,53625fb2c8fa499c944b39ac608eab70cb5ad91b,research: draft analytic period-eight counterexample derivation,d9fcc08356c95d63146872cbe0f782005a730386,analytic-proof-first;paper/circulant-all-jump-rebuild-20260909;paper/circulant-finite-threshold-20260909;paper/circulant-periodic-gap-20260909;paper/jgt-authorial-rewrite;paper/period8-conclusion-correction;period8-paper-strengthening;research/circulant-1s-extension;research/quadratic-gap-upgrade,https://github.com/whzy3185/math/commit/53625fb2c8fa499c944b39ac608eab70cb5ad91b
2026-09-02T06:53:36Z,2026-09-02T06:53:36Z,9e37a7ed9ed2d6d0e521df4e1de3b3a00d80f010,research: define analytic G6 scalarization programme,53625fb2c8fa499c944b39ac608eab70cb5ad91b,analytic-proof-first;paper/circulant-all-jump-rebuild-20260909;paper/circulant-finite-threshold-20260909;paper/circulant-periodic-gap-20260909;paper/jgt-authorial-rewrite;paper/period8-conclusion-correction;period8-paper-strengthening;research/circulant-1s-extension;research/quadratic-gap-upgrade,https://github.com/whzy3185/math/commit/9e37a7ed9ed2d6d0e521df4e1de3b3a00d80f010
2026-09-02T07:04:15Z,2026-09-02T07:04:15Z,11ccdef5acf1462ed7cbe66a948f19bb594d375b,research: reduce period-eight fiber to four-dimensional determinant,9e37a7ed9ed2d6d0e521df4e1de3b3a00d80f010,analytic-proof-first;paper/circulant-all-jump-rebuild-20260909;paper/circulant-finite-threshold-20260909;paper/circulant-periodic-gap-20260909;paper/jgt-authorial-rewrite;paper/period8-conclusion-correction;period8-paper-strengthening;research/circulant-1s-extension;research/quadratic-gap-upgrade,https://github.com/whzy3185/math/commit/11ccdef5acf1462ed7cbe66a948f19bb594d375b
2026-09-02T07:06:10Z,2026-09-02T07:06:10Z,d2d7d13b91e000293b46cb1533e7758d06e226d7,research: formalize residue-two analytic boundary obligations,11ccdef5acf1462ed7cbe66a948f19bb594d375b,analytic-proof-first;paper/circulant-all-jump-rebuild-20260909;paper/circulant-finite-threshold-20260909;paper/circulant-periodic-gap-20260909;paper/jgt-authorial-rewrite;paper/period8-conclusion-correction;period8-paper-strengthening;research/circulant-1s-extension;research/quadratic-gap-upgrade,https://github.com/whzy3185/math/commit/d2d7d13b91e000293b46cb1533e7758d06e226d7
2026-09-02T07:07:30Z,2026-09-02T07:07:30Z,572e34f53fbb7dfc1f5b7253dab98148ef20256c,research: record residue-two boundary closure diagnostic,d2d7d13b91e000293b46cb1533e7758d06e226d7,analytic-proof-first;paper/circulant-all-jump-rebuild-20260909;paper/circulant-finite-threshold-20260909;paper/circulant-periodic-gap-20260909;paper/jgt-authorial-rewrite;paper/period8-conclusion-correction;period8-paper-strengthening;research/circulant-1s-extension;research/quadratic-gap-upgrade,https://github.com/whzy3185/math/commit/572e34f53fbb7dfc1f5b7253dab98148ef20256c
2026-09-02T07:10:35Z,2026-09-02T07:10:35Z,3be147601579d472c3049c864d4333c89a729ce5,research: reject naive residue-two norm contraction,572e34f53fbb7dfc1f5b7253dab98148ef20256c,analytic-proof-first;paper/circulant-all-jump-rebuild-20260909;paper/circulant-finite-threshold-20260909;paper/circulant-periodic-gap-20260909;paper/jgt-authorial-rewrite;paper/period8-conclusion-correction;period8-paper-strengthening;research/circulant-1s-extension;research/quadratic-gap-upgrade,https://github.com/whzy3185/math/commit/3be147601579d472c3049c864d4333c89a729ce5
2026-09-02T07:12:19Z,2026-09-02T07:12:19Z,c8cb0c2e27d7863a440121e8238e1f3dceb886b2,research: isolate analytic periodic moment barrier,3be147601579d472c3049c864d4333c89a729ce5,analytic-proof-first;paper/circulant-all-jump-rebuild-20260909;paper/circulant-finite-threshold-20260909;paper/circulant-periodic-gap-20260909;paper/jgt-authorial-rewrite;paper/period8-conclusion-correction;period8-paper-strengthening;research/circulant-1s-extension;research/quadratic-gap-upgrade,https://github.com/whzy3185/math/commit/c8cb0c2e27d7863a440121e8238e1f3dceb886b2
2026-09-02T07:15:45Z,2026-09-02T07:15:45Z,063fe717d32be7a72ed8f294d770991382268c53,research: identify local Riccati Lyapunov contraction route,c8cb0c2e27d7863a440121e8238e1f3dceb886b2,analytic-proof-first;paper/circulant-all-jump-rebuild-20260909;paper/circulant-finite-threshold-20260909;paper/circulant-periodic-gap-20260909;paper/jgt-authorial-rewrite;paper/period8-conclusion-correction;period8-paper-strengthening;research/circulant-1s-extension;research/quadratic-gap-upgrade,https://github.com/whzy3185/math/commit/063fe717d32be7a72ed8f294d770991382268c53
2026-09-02T07:18:33Z,2026-09-02T07:18:33Z,0dc88c4865b18081dd3f3826758cbbf4e156a997,research: add exact local Riccati Lyapunov certificate,063fe717d32be7a72ed8f294d770991382268c53,analytic-proof-first;paper/circulant-all-jump-rebuild-20260909;paper/circulant-finite-threshold-20260909;paper/circulant-periodic-gap-20260909;paper/jgt-authorial-rewrite;paper/period8-conclusion-correction;period8-paper-strengthening;research/circulant-1s-extension;research/quadratic-gap-upgrade,https://github.com/whzy3185/math/commit/0dc88c4865b18081dd3f3826758cbbf4e156a997
2026-09-02T07:37:41Z,2026-09-02T07:37:41Z,73ebd6e47ebb2a4b0fea4a47af17120e8c12350f,research: certify local residue-two Riccati contraction,0dc88c4865b18081dd3f3826758cbbf4e156a997,analytic-proof-first;paper/circulant-all-jump-rebuild-20260909;paper/circulant-finite-threshold-20260909;paper/circulant-periodic-gap-20260909;paper/jgt-authorial-rewrite;paper/period8-conclusion-correction;period8-paper-strengthening;research/circulant-1s-extension;research/quadratic-gap-upgrade,https://github.com/whzy3185/math/commit/73ebd6e47ebb2a4b0fea4a47af17120e8c12350f
2026-09-02T07:39:41Z,2026-09-02T07:39:41Z,a63386e21a28320bd4ed0b6520eb86dc45540c78,research: reduce period-eight characteristic identity to two-by-two blocks,73ebd6e47ebb2a4b0fea4a47af17120e8c12350f,analytic-proof-first;paper/circulant-all-jump-rebuild-20260909;paper/circulant-finite-threshold-20260909;paper/circulant-periodic-gap-20260909;paper/jgt-authorial-rewrite;paper/period8-conclusion-correction;period8-paper-strengthening;research/circulant-1s-extension;research/quadratic-gap-upgrade,https://github.com/whzy3185/math/commit/a63386e21a28320bd4ed0b6520eb86dc45540c78
2026-09-02T07:40:30Z,2026-09-02T07:40:30Z,5d8329378037fbf7e988f7c1842c4e2f35079167,research: correct conservative Riccati second-derivative bound,a63386e21a28320bd4ed0b6520eb86dc45540c78,analytic-proof-first;paper/circulant-all-jump-rebuild-20260909;paper/circulant-finite-threshold-20260909;paper/circulant-periodic-gap-20260909;paper/jgt-authorial-rewrite;paper/period8-conclusion-correction;period8-paper-strengthening;research/circulant-1s-extension;research/quadratic-gap-upgrade,https://github.com/whzy3185/math/commit/5d8329378037fbf7e988f7c1842c4e2f35079167
2026-09-02T07:41:36Z,2026-09-02T07:41:36Z,cf734e8d66aaee5fcf9400372861e049a171c3e4,research: derive fourth periodic moment directly,5d8329378037fbf7e988f7c1842c4e2f35079167,analytic-proof-first;paper/circulant-all-jump-rebuild-20260909;paper/circulant-finite-threshold-20260909;paper/circulant-periodic-gap-20260909;paper/jgt-authorial-rewrite;paper/period8-conclusion-correction;period8-paper-strengthening;research/circulant-1s-extension;research/quadratic-gap-upgrade,https://github.com/whzy3185/math/commit/cf734e8d66aaee5fcf9400372861e049a171c3e4
2026-09-02T07:42:12Z,2026-09-02T07:42:12Z,16ae8088365baecb8cc9e7fc3a438695f8b21627,research: close analytic entry for residue-two bulk contraction,cf734e8d66aaee5fcf9400372861e049a171c3e4,analytic-proof-first;paper/circulant-all-jump-rebuild-20260909;paper/circulant-finite-threshold-20260909;paper/circulant-periodic-gap-20260909;paper/jgt-authorial-rewrite;paper/period8-conclusion-correction;period8-paper-strengthening;research/circulant-1s-extension;research/quadratic-gap-upgrade,https://github.com/whzy3185/math/commit/16ae8088365baecb8cc9e7fc3a438695f8b21627
2026-09-02T07:43:42Z,2026-09-02T07:43:42Z,2375a984e755e0a0ce64359e79b18ad60004eee7,research: certify local residue-two response transfer,16ae8088365baecb8cc9e7fc3a438695f8b21627,analytic-proof-first;paper/circulant-all-jump-rebuild-20260909;paper/circulant-finite-threshold-20260909;paper/circulant-periodic-gap-20260909;paper/jgt-authorial-rewrite;paper/period8-conclusion-correction;period8-paper-strengthening;research/circulant-1s-extension;research/quadratic-gap-upgrade,https://github.com/whzy3185/math/commit/2375a984e755e0a0ce64359e79b18ad60004eee7
2026-09-02T07:44:31Z,2026-09-02T07:44:31Z,2c1bbde8ebe1c306da9eeea733f6aa733adaf5ed,research: extend residue-two response transfer locally,2375a984e755e0a0ce64359e79b18ad60004eee7,analytic-proof-first;paper/circulant-all-jump-rebuild-20260909;paper/circulant-finite-threshold-20260909;paper/circulant-periodic-gap-20260909;paper/jgt-authorial-rewrite;paper/period8-conclusion-correction;period8-paper-strengthening;research/circulant-1s-extension;research/quadratic-gap-upgrade,https://github.com/whzy3185/math/commit/2c1bbde8ebe1c306da9eeea733f6aa733adaf5ed
2026-09-02T07:46:42Z,2026-09-02T07:46:42Z,d8992bbee165f032a884fc2c615a8964d504efb7,research: add exact residue-two boundary seed,2c1bbde8ebe1c306da9eeea733f6aa733adaf5ed,analytic-proof-first;paper/circulant-all-jump-rebuild-20260909;paper/circulant-finite-threshold-20260909;paper/circulant-periodic-gap-20260909;paper/jgt-authorial-rewrite;paper/period8-conclusion-correction;period8-paper-strengthening;research/circulant-1s-extension;research/quadratic-gap-upgrade,https://github.com/whzy3185/math/commit/d8992bbee165f032a884fc2c615a8964d504efb7
2026-09-02T07:50:59Z,2026-09-02T07:50:59Z,8a4e8bf0cb2890b2195cecfa7cd5493e522c4dce,research: reconstruct exact residue-two cyclic response recurrence,d8992bbee165f032a884fc2c615a8964d504efb7,analytic-proof-first;paper/circulant-all-jump-rebuild-20260909;paper/circulant-finite-threshold-20260909;paper/circulant-periodic-gap-20260909;paper/jgt-authorial-rewrite;paper/period8-conclusion-correction;period8-paper-strengthening;research/circulant-1s-extension;research/quadratic-gap-upgrade,https://github.com/whzy3185/math/commit/8a4e8bf0cb2890b2195cecfa7cd5493e522c4dce
2026-09-02T07:51:20Z,2026-09-02T07:51:20Z,911ca0b66e4e9b410573bd6e66824ccf7dcb44f9,research: strengthen residue-two boundary seed margin,8a4e8bf0cb2890b2195cecfa7cd5493e522c4dce,analytic-proof-first;paper/circulant-all-jump-rebuild-20260909;paper/circulant-finite-threshold-20260909;paper/circulant-periodic-gap-20260909;paper/jgt-authorial-rewrite;paper/period8-conclusion-correction;period8-paper-strengthening;research/circulant-1s-extension;research/quadratic-gap-upgrade,https://github.com/whzy3185/math/commit/911ca0b66e4e9b410573bd6e66824ccf7dcb44f9
2026-09-02T07:53:45Z,2026-09-02T07:53:45Z,8b7b1b158a420431eba920c3eba5bd2d3dacb4ca,research: add dual metric for residue-two response tails,911ca0b66e4e9b410573bd6e66824ccf7dcb44f9,analytic-proof-first;paper/circulant-all-jump-rebuild-20260909;paper/circulant-finite-threshold-20260909;paper/circulant-periodic-gap-20260909;paper/jgt-authorial-rewrite;paper/period8-conclusion-correction;period8-paper-strengthening;research/circulant-1s-extension;research/quadratic-gap-upgrade,https://github.com/whzy3185/math/commit/8b7b1b158a420431eba920c3eba5bd2d3dacb4ca
2026-09-02T07:55:02Z,2026-09-02T07:55:02Z,1554915f6859d59a3c26f381da65b91054b37c7f,research: certify residue-two response entrance bounds,8b7b1b158a420431eba920c3eba5bd2d3dacb4ca,analytic-proof-first;paper/circulant-all-jump-rebuild-20260909;paper/circulant-finite-threshold-20260909;paper/circulant-periodic-gap-20260909;paper/jgt-authorial-rewrite;paper/period8-conclusion-correction;period8-paper-strengthening;research/circulant-1s-extension;research/quadratic-gap-upgrade,https://github.com/whzy3185/math/commit/1554915f6859d59a3c26f381da65b91054b37c7f
2026-09-02T07:57:25Z,2026-09-02T07:57:25Z,5a115a50f8feeaf6dc36238457be70532ff96a40,research: state complete analytic period-eight family theorem,1554915f6859d59a3c26f381da65b91054b37c7f,analytic-proof-first;paper/circulant-all-jump-rebuild-20260909;paper/circulant-finite-threshold-20260909;paper/circulant-periodic-gap-20260909;paper/jgt-authorial-rewrite;paper/period8-conclusion-correction;period8-paper-strengthening;research/circulant-1s-extension;research/quadratic-gap-upgrade,https://github.com/whzy3185/math/commit/5a115a50f8feeaf6dc36238457be70532ff96a40
2026-09-02T08:01:29Z,2026-09-02T08:01:29Z,357042f70e548e178b3e0713039acacad5a2e55e,research: set deep exact seed for residue-two tail closure,5a115a50f8feeaf6dc36238457be70532ff96a40,analytic-proof-first;paper/circulant-all-jump-rebuild-20260909;paper/circulant-finite-threshold-20260909;paper/circulant-periodic-gap-20260909;paper/jgt-authorial-rewrite;paper/period8-conclusion-correction;period8-paper-strengthening;research/circulant-1s-extension;research/quadratic-gap-upgrade,https://github.com/whzy3185/math/commit/357042f70e548e178b3e0713039acacad5a2e55e
2026-09-02T08:01:48Z,2026-09-02T08:01:48Z,234510fa9aa9e37cdf1500d08912e6f12f78c595,docs: repair local Riccati contraction notation,357042f70e548e178b3e0713039acacad5a2e55e,analytic-proof-first;paper/circulant-all-jump-rebuild-20260909;paper/circulant-finite-threshold-20260909;paper/circulant-periodic-gap-20260909;paper/jgt-authorial-rewrite;paper/period8-conclusion-correction;period8-paper-strengthening;research/circulant-1s-extension;research/quadratic-gap-upgrade,https://github.com/whzy3185/math/commit/234510fa9aa9e37cdf1500d08912e6f12f78c595
2026-09-02T08:03:45Z,2026-09-02T08:03:45Z,1c9721dcd1279327e0dc56f45e53b00e44fa57f2,research: add exact finite base for residue-two boundary cores,234510fa9aa9e37cdf1500d08912e6f12f78c595,analytic-proof-first;paper/circulant-all-jump-rebuild-20260909;paper/circulant-finite-threshold-20260909;paper/circulant-periodic-gap-20260909;paper/jgt-authorial-rewrite;paper/period8-conclusion-correction;period8-paper-strengthening;research/circulant-1s-extension;research/quadratic-gap-upgrade,https://github.com/whzy3185/math/commit/1c9721dcd1279327e0dc56f45e53b00e44fa57f2
2026-09-02T08:05:35Z,2026-09-02T08:05:35Z,b08ace2a15865a8c2fdb093bdc026183266b9ea0,research: draft analytic residue-two boundary tail estimate,1c9721dcd1279327e0dc56f45e53b00e44fa57f2,analytic-proof-first;paper/circulant-all-jump-rebuild-20260909;paper/circulant-finite-threshold-20260909;paper/circulant-periodic-gap-20260909;paper/jgt-authorial-rewrite;paper/period8-conclusion-correction;period8-paper-strengthening;research/circulant-1s-extension;research/quadratic-gap-upgrade,https://github.com/whzy3185/math/commit/b08ace2a15865a8c2fdb093bdc026183266b9ea0
2026-09-02T08:10:01Z,2026-09-02T08:10:01Z,d3436f8dc4fb0a776f37a7b680605e808325c317,research: audit residue-two analytic tail draft,b08ace2a15865a8c2fdb093bdc026183266b9ea0,analytic-proof-first;paper/circulant-all-jump-rebuild-20260909;paper/circulant-finite-threshold-20260909;paper/circulant-periodic-gap-20260909;paper/jgt-authorial-rewrite;paper/period8-conclusion-correction;period8-paper-strengthening;research/circulant-1s-extension;research/quadratic-gap-upgrade,https://github.com/whzy3185/math/commit/d3436f8dc4fb0a776f37a7b680605e808325c317
2026-09-02T08:11:07Z,2026-09-02T08:11:07Z,0b84c8167a4ee7ffaa98e31e3d92d641b6acbfc0,research: resolve residue-two tail indexing and envelope,d3436f8dc4fb0a776f37a7b680605e808325c317,analytic-proof-first;paper/circulant-all-jump-rebuild-20260909;paper/circulant-finite-threshold-20260909;paper/circulant-periodic-gap-20260909;paper/jgt-authorial-rewrite;paper/period8-conclusion-correction;period8-paper-strengthening;research/circulant-1s-extension;research/quadratic-gap-upgrade,https://github.com/whzy3185/math/commit/0b84c8167a4ee7ffaa98e31e3d92d641b6acbfc0
2026-09-02T08:21:23Z,2026-09-02T08:21:23Z,11e1d23fead9e8b48a112dfa516c4d2cc983d9a6,research: retract incomplete residue-two tail closure claim,0b84c8167a4ee7ffaa98e31e3d92d641b6acbfc0,analytic-proof-first;paper/circulant-all-jump-rebuild-20260909;paper/circulant-finite-threshold-20260909;paper/circulant-periodic-gap-20260909;paper/jgt-authorial-rewrite;paper/period8-conclusion-correction;period8-paper-strengthening;research/circulant-1s-extension;research/quadratic-gap-upgrade,https://github.com/whzy3185/math/commit/11e1d23fead9e8b48a112dfa516c4d2cc983d9a6
2026-09-02T08:23:34Z,2026-09-02T08:23:34Z,663adb8e532f6931d86d23530296b9a8120950aa,research: expose residue-two tail majorant constants,11e1d23fead9e8b48a112dfa516c4d2cc983d9a6,analytic-proof-first;paper/circulant-all-jump-rebuild-20260909;paper/circulant-finite-threshold-20260909;paper/circulant-periodic-gap-20260909;paper/jgt-authorial-rewrite;paper/period8-conclusion-correction;period8-paper-strengthening;research/circulant-1s-extension;research/quadratic-gap-upgrade,https://github.com/whzy3185/math/commit/663adb8e532f6931d86d23530296b9a8120950aa
2026-09-02T08:25:36Z,2026-09-02T08:25:36Z,1b083c624d926685e5d9be63e83d1c1c3e1caa0b,research: audit multi-interface block templates,663adb8e532f6931d86d23530296b9a8120950aa,analytic-proof-first;paper/circulant-all-jump-rebuild-20260909;paper/circulant-finite-threshold-20260909;paper/circulant-periodic-gap-20260909;paper/jgt-authorial-rewrite;paper/period8-conclusion-correction;period8-paper-strengthening;research/circulant-1s-extension;research/quadratic-gap-upgrade,https://github.com/whzy3185/math/commit/1b083c624d926685e5d9be63e83d1c1c3e1caa0b
2026-09-02T08:27:12Z,2026-09-02T08:27:12Z,70f23e5c6ae54a5284524f1ac65db9d729e09899,research: correct residue-four blocking model,1b083c624d926685e5d9be63e83d1c1c3e1caa0b,analytic-proof-first;paper/circulant-all-jump-rebuild-20260909;paper/circulant-finite-threshold-20260909;paper/circulant-periodic-gap-20260909;paper/jgt-authorial-rewrite;paper/period8-conclusion-correction;period8-paper-strengthening;research/circulant-1s-extension;research/quadratic-gap-upgrade,https://github.com/whzy3185/math/commit/70f23e5c6ae54a5284524f1ac65db9d729e09899
2026-09-02T08:28:05Z,2026-09-02T08:28:05Z,ea153e7b63352ac968730d2ba107d216d1af9ba0,research: reject monotone residue-two core shortcut,70f23e5c6ae54a5284524f1ac65db9d729e09899,analytic-proof-first;paper/circulant-all-jump-rebuild-20260909;paper/circulant-finite-threshold-20260909;paper/circulant-periodic-gap-20260909;paper/jgt-authorial-rewrite;paper/period8-conclusion-correction;period8-paper-strengthening;research/circulant-1s-extension;research/quadratic-gap-upgrade,https://github.com/whzy3185/math/commit/ea153e7b63352ac968730d2ba107d216d1af9ba0
2026-09-02T08:28:50Z,2026-09-02T08:28:50Z,01b82e1296246a71ed4f8a8ced24d916616d4c2b,research: mark Riccati neighbourhood lemma pending audit,ea153e7b63352ac968730d2ba107d216d1af9ba0,analytic-proof-first;paper/circulant-all-jump-rebuild-20260909;paper/circulant-finite-threshold-20260909;paper/circulant-periodic-gap-20260909;paper/jgt-authorial-rewrite;paper/period8-conclusion-correction;period8-paper-strengthening;research/circulant-1s-extension;research/quadratic-gap-upgrade,https://github.com/whzy3185/math/commit/01b82e1296246a71ed4f8a8ced24d916616d4c2b
2026-09-02T08:31:37Z,2026-09-02T08:31:37Z,e24100858a0d3f321f161704eb41152f7c2b106c,research: make Riccati neighbourhood constants explicit,01b82e1296246a71ed4f8a8ced24d916616d4c2b,analytic-proof-first;paper/circulant-all-jump-rebuild-20260909;paper/circulant-finite-threshold-20260909;paper/circulant-periodic-gap-20260909;paper/jgt-authorial-rewrite;paper/period8-conclusion-correction;period8-paper-strengthening;research/circulant-1s-extension;research/quadratic-gap-upgrade,https://github.com/whzy3185/math/commit/e24100858a0d3f321f161704eb41152f7c2b106c
2026-09-02T08:33:45Z,2026-09-02T08:33:45Z,30b79886588bea081a465b1ebd5056a3e517343b,research: verify residue-four two-arc block template,e24100858a0d3f321f161704eb41152f7c2b106c,analytic-proof-first;paper/circulant-all-jump-rebuild-20260909;paper/circulant-finite-threshold-20260909;paper/circulant-periodic-gap-20260909;paper/jgt-authorial-rewrite;paper/period8-conclusion-correction;period8-paper-strengthening;research/circulant-1s-extension;research/quadratic-gap-upgrade,https://github.com/whzy3185/math/commit/30b79886588bea081a465b1ebd5056a3e517343b
2026-09-02T08:39:10Z,2026-09-02T08:39:10Z,1f31da86c7d45251cb3b4e9852a73c54c0adb538,research: extract exact residue-four bulk arc templates,30b79886588bea081a465b1ebd5056a3e517343b,analytic-proof-first;paper/circulant-all-jump-rebuild-20260909;paper/circulant-finite-threshold-20260909;paper/circulant-periodic-gap-20260909;paper/jgt-authorial-rewrite;paper/period8-conclusion-correction;period8-paper-strengthening;research/circulant-1s-extension;research/quadratic-gap-upgrade,https://github.com/whzy3185/math/commit/1f31da86c7d45251cb3b4e9852a73c54c0adb538
2026-09-02T08:42:13Z,2026-09-02T08:42:13Z,ef6353e9a387b636e2479e844a13e5189d0a4930,research: defer dense residue-four Riccati route,1f31da86c7d45251cb3b4e9852a73c54c0adb538,analytic-proof-first;paper/circulant-all-jump-rebuild-20260909;paper/circulant-finite-threshold-20260909;paper/circulant-periodic-gap-20260909;paper/jgt-authorial-rewrite;paper/period8-conclusion-correction;period8-paper-strengthening;research/circulant-1s-extension;research/quadratic-gap-upgrade,https://github.com/whzy3185/math/commit/ef6353e9a387b636e2479e844a13e5189d0a4930
2026-09-02T08:44:43Z,2026-09-02T08:44:43Z,b7204e35f43cbfc4cc6d90890242a65ae7c66386,research: derive analytic period-eight sub-eight trichotomy,ef6353e9a387b636e2479e844a13e5189d0a4930,analytic-proof-first;paper/circulant-all-jump-rebuild-20260909;paper/circulant-finite-threshold-20260909;paper/circulant-periodic-gap-20260909;paper/jgt-authorial-rewrite;paper/period8-conclusion-correction;period8-paper-strengthening;research/circulant-1s-extension;research/quadratic-gap-upgrade,https://github.com/whzy3185/math/commit/b7204e35f43cbfc4cc6d90890242a65ae7c66386
2026-09-02T08:49:18Z,2026-09-02T08:49:18Z,2ce21ec928bf0f6c544ba7ddbc7d643860ffd79a,research: repair period-eight trichotomy finite sublemma,b7204e35f43cbfc4cc6d90890242a65ae7c66386,analytic-proof-first;paper/circulant-all-jump-rebuild-20260909;paper/circulant-finite-threshold-20260909;paper/circulant-periodic-gap-20260909;paper/jgt-authorial-rewrite;paper/period8-conclusion-correction;period8-paper-strengthening;research/circulant-1s-extension;research/quadratic-gap-upgrade,https://github.com/whzy3185/math/commit/2ce21ec928bf0f6c544ba7ddbc7d643860ffd79a
2026-09-02T08:51:05Z,2026-09-02T08:51:05Z,cc0fa9ff68cc6a54e4c4f0f851841bd5d4b0eaba,research: define analytic period-eight article route,2ce21ec928bf0f6c544ba7ddbc7d643860ffd79a,analytic-proof-first;paper/circulant-all-jump-rebuild-20260909;paper/circulant-finite-threshold-20260909;paper/circulant-periodic-gap-20260909;paper/jgt-authorial-rewrite;paper/period8-conclusion-correction;period8-paper-strengthening;research/circulant-1s-extension;research/quadratic-gap-upgrade,https://github.com/whzy3185/math/commit/cc0fa9ff68cc6a54e4c4f0f851841bd5d4b0eaba
2026-09-02T11:06:17Z,2026-09-02T11:06:17Z,b104aa8777d4f3f0de377423f93bc133be45294c,research: independently audit analytic period-eight package,cc0fa9ff68cc6a54e4c4f0f851841bd5d4b0eaba,analytic-proof-first;paper/circulant-all-jump-rebuild-20260909;paper/circulant-finite-threshold-20260909;paper/circulant-periodic-gap-20260909;paper/jgt-authorial-rewrite;paper/period8-conclusion-correction;period8-paper-strengthening;research/circulant-1s-extension;research/quadratic-gap-upgrade,https://github.com/whzy3185/math/commit/b104aa8777d4f3f0de377423f93bc133be45294c
2026-09-02T11:08:20Z,2026-09-02T11:08:20Z,896fc6455f60196665d1769fe1bc576b94894dcd,research: close period-eight edge derivation,b104aa8777d4f3f0de377423f93bc133be45294c,analytic-proof-first;paper/circulant-all-jump-rebuild-20260909;paper/circulant-finite-threshold-20260909;paper/circulant-periodic-gap-20260909;paper/jgt-authorial-rewrite;paper/period8-conclusion-correction;period8-paper-strengthening;research/circulant-1s-extension;research/quadratic-gap-upgrade,https://github.com/whzy3185/math/commit/896fc6455f60196665d1769fe1bc576b94894dcd
2026-09-02T11:11:31Z,2026-09-02T11:11:31Z,4c4bf8ff6948c74b2367caf193a48797e5f7e383,research: expose exact period-eight defect recurrence,896fc6455f60196665d1769fe1bc576b94894dcd,analytic-proof-first;paper/circulant-all-jump-rebuild-20260909;paper/circulant-finite-threshold-20260909;paper/circulant-periodic-gap-20260909;paper/jgt-authorial-rewrite;paper/period8-conclusion-correction;period8-paper-strengthening;research/circulant-1s-extension;research/quadratic-gap-upgrade,https://github.com/whzy3185/math/commit/4c4bf8ff6948c74b2367caf193a48797e5f7e383
2026-09-02T11:14:07Z,2026-09-02T11:14:07Z,1c62880eaf528f0fcceac534e1fe090c1874ddf8,research: derive finite Hamilton-gauge realization,4c4bf8ff6948c74b2367caf193a48797e5f7e383,analytic-proof-first;paper/circulant-all-jump-rebuild-20260909;paper/circulant-finite-threshold-20260909;paper/circulant-periodic-gap-20260909;paper/jgt-authorial-rewrite;paper/period8-conclusion-correction;period8-paper-strengthening;research/circulant-1s-extension;research/quadratic-gap-upgrade,https://github.com/whzy3185/math/commit/1c62880eaf528f0fcceac534e1fe090c1874ddf8
2026-09-02T11:15:43Z,2026-09-02T11:15:43Z,62b943ade0aeafa8ca0ffcfbf0081ac14fc1f806,research: expose sixth-moment combinatorial catalogue,1c62880eaf528f0fcceac534e1fe090c1874ddf8,analytic-proof-first;paper/circulant-all-jump-rebuild-20260909;paper/circulant-finite-threshold-20260909;paper/circulant-periodic-gap-20260909;paper/jgt-authorial-rewrite;paper/period8-conclusion-correction;period8-paper-strengthening;research/circulant-1s-extension;research/quadratic-gap-upgrade,https://github.com/whzy3185/math/commit/62b943ade0aeafa8ca0ffcfbf0081ac14fc1f806
2026-09-02T11:16:42Z,2026-09-02T11:16:42Z,fe9825ee2bef07f3af722330cd205a45e7ccc05f,research: prove period-eight four-defect gap bound,62b943ade0aeafa8ca0ffcfbf0081ac14fc1f806,analytic-proof-first;paper/circulant-all-jump-rebuild-20260909;paper/circulant-finite-threshold-20260909;paper/circulant-periodic-gap-20260909;paper/jgt-authorial-rewrite;paper/period8-conclusion-correction;period8-paper-strengthening;research/circulant-1s-extension;research/quadratic-gap-upgrade,https://github.com/whzy3185/math/commit/fe9825ee2bef07f3af722330cd205a45e7ccc05f
2026-09-02T11:17:31Z,2026-09-02T11:17:31Z,4ea4ec201e802671febf232671a6b363a2c1c418,research: register analytic period-eight claim boundary,fe9825ee2bef07f3af722330cd205a45e7ccc05f,analytic-proof-first;paper/circulant-all-jump-rebuild-20260909;paper/circulant-finite-threshold-20260909;paper/circulant-periodic-gap-20260909;paper/jgt-authorial-rewrite;paper/period8-conclusion-correction;period8-paper-strengthening;research/circulant-1s-extension;research/quadratic-gap-upgrade,https://github.com/whzy3185/math/commit/4ea4ec201e802671febf232671a6b363a2c1c418
2026-09-02T11:22:46Z,2026-09-02T11:22:46Z,d0ba046d689e14c994bc25436257625d62022fe4,research: audit period-eight chiral block reduction,4ea4ec201e802671febf232671a6b363a2c1c418,analytic-proof-first;paper/circulant-all-jump-rebuild-20260909;paper/circulant-finite-threshold-20260909;paper/circulant-periodic-gap-20260909;paper/jgt-authorial-rewrite;paper/period8-conclusion-correction;period8-paper-strengthening;research/circulant-1s-extension;research/quadratic-gap-upgrade,https://github.com/whzy3185/math/commit/d0ba046d689e14c994bc25436257625d62022fe4
2026-09-02T11:37:13Z,2026-09-02T11:37:13Z,d7ce902fec748f95da67f8436935a3ee018292c9,research: complete period-eight proof line audit,d0ba046d689e14c994bc25436257625d62022fe4,analytic-proof-first;paper/circulant-all-jump-rebuild-20260909;paper/circulant-finite-threshold-20260909;paper/circulant-periodic-gap-20260909;paper/jgt-authorial-rewrite;paper/period8-conclusion-correction;period8-paper-strengthening;research/circulant-1s-extension;research/quadratic-gap-upgrade,https://github.com/whzy3185/math/commit/d7ce902fec748f95da67f8436935a3ee018292c9
2026-09-02T11:41:44Z,2026-09-02T11:41:44Z,22c7142ba5787e9623cf02f87a1ecbc4b21d0639,research: correct residue-two terminal tail constant,d7ce902fec748f95da67f8436935a3ee018292c9,analytic-proof-first;paper/circulant-all-jump-rebuild-20260909;paper/circulant-finite-threshold-20260909;paper/circulant-periodic-gap-20260909;paper/jgt-authorial-rewrite;paper/period8-conclusion-correction;period8-paper-strengthening;research/circulant-1s-extension;research/quadratic-gap-upgrade,https://github.com/whzy3185/math/commit/22c7142ba5787e9623cf02f87a1ecbc4b21d0639
2026-09-02T11:45:34Z,2026-09-02T11:45:34Z,15438ccda08418c4e151e1dbec6761b9a878f6ca,research: assess analytic period-eight manuscript integration,22c7142ba5787e9623cf02f87a1ecbc4b21d0639,analytic-proof-first;paper/circulant-all-jump-rebuild-20260909;paper/circulant-finite-threshold-20260909;paper/circulant-periodic-gap-20260909;paper/jgt-authorial-rewrite;paper/period8-conclusion-correction;period8-paper-strengthening;research/circulant-1s-extension;research/quadratic-gap-upgrade,https://github.com/whzy3185/math/commit/15438ccda08418c4e151e1dbec6761b9a878f6ca
2026-09-02T11:50:16Z,2026-09-02T11:50:16Z,af001b65c0017564dd6a608cf7e1a2691e4dc1db,research: align period-eight article with literature structure,15438ccda08418c4e151e1dbec6761b9a878f6ca,analytic-proof-first;paper/circulant-all-jump-rebuild-20260909;paper/circulant-finite-threshold-20260909;paper/circulant-periodic-gap-20260909;paper/jgt-authorial-rewrite;paper/period8-conclusion-correction;period8-paper-strengthening;research/circulant-1s-extension;research/quadratic-gap-upgrade,https://github.com/whzy3185/math/commit/af001b65c0017564dd6a608cf7e1a2691e4dc1db
2026-09-02T12:14:28Z,2026-09-02T12:14:28Z,030a64c5cb1c7768804d45805e6afb497a29e167,research: define two-act period-eight narrative,af001b65c0017564dd6a608cf7e1a2691e4dc1db,analytic-proof-first;paper/circulant-all-jump-rebuild-20260909;paper/circulant-finite-threshold-20260909;paper/circulant-periodic-gap-20260909;paper/jgt-authorial-rewrite;paper/period8-conclusion-correction;period8-paper-strengthening;research/circulant-1s-extension;research/quadratic-gap-upgrade,https://github.com/whzy3185/math/commit/030a64c5cb1c7768804d45805e6afb497a29e167
2026-09-02T12:31:55Z,2026-09-02T12:31:55Z,beb39d871d074e41c20993fc4c236a4d84542355,research: derive twisted benchmark independently,030a64c5cb1c7768804d45805e6afb497a29e167,analytic-proof-first;paper/circulant-all-jump-rebuild-20260909;paper/circulant-finite-threshold-20260909;paper/circulant-periodic-gap-20260909;paper/jgt-authorial-rewrite;paper/period8-conclusion-correction;period8-paper-strengthening;research/circulant-1s-extension;research/quadratic-gap-upgrade,https://github.com/whzy3185/math/commit/beb39d871d074e41c20993fc4c236a4d84542355
2026-09-02T12:32:41Z,2026-09-02T12:32:41Z,4d14a949c7eb93dd874b93dec4b0ec32602e5f0d,research: correct twisted grid maximization,beb39d871d074e41c20993fc4c236a4d84542355,analytic-proof-first;paper/circulant-all-jump-rebuild-20260909;paper/circulant-finite-threshold-20260909;paper/circulant-periodic-gap-20260909;paper/jgt-authorial-rewrite;paper/period8-conclusion-correction;period8-paper-strengthening;research/circulant-1s-extension;research/quadratic-gap-upgrade,https://github.com/whzy3185/math/commit/4d14a949c7eb93dd874b93dec4b0ec32602e5f0d
2026-09-02T12:34:28Z,2026-09-02T12:34:28Z,dabdaea84b867a1ca9f7a1b716a1dd8c4ed758c2,research: close period-eight two-defect recurrence lemma,4d14a949c7eb93dd874b93dec4b0ec32602e5f0d,analytic-proof-first;paper/circulant-all-jump-rebuild-20260909;paper/circulant-finite-threshold-20260909;paper/circulant-periodic-gap-20260909;paper/jgt-authorial-rewrite;paper/period8-conclusion-correction;period8-paper-strengthening;research/circulant-1s-extension;research/quadratic-gap-upgrade,https://github.com/whzy3185/math/commit/dabdaea84b867a1ca9f7a1b716a1dd8c4ed758c2
2026-09-02T12:35:20Z,2026-09-02T12:35:20Z,677c00c9142737d7ecb9d1c29ec0cd3a91f4d056,research: state general periodic defect obstruction,dabdaea84b867a1ca9f7a1b716a1dd8c4ed758c2,analytic-proof-first;paper/circulant-all-jump-rebuild-20260909;paper/circulant-finite-threshold-20260909;paper/circulant-periodic-gap-20260909;paper/jgt-authorial-rewrite;paper/period8-conclusion-correction;period8-paper-strengthening;research/circulant-1s-extension;research/quadratic-gap-upgrade,https://github.com/whzy3185/math/commit/677c00c9142737d7ecb9d1c29ec0cd3a91f4d056
2026-09-02T12:38:15Z,2026-09-02T12:38:15Z,170546514e2b584c58f819e5bdea22073a90e987,research: close general periodic moment obstruction,677c00c9142737d7ecb9d1c29ec0cd3a91f4d056,analytic-proof-first;paper/circulant-all-jump-rebuild-20260909;paper/circulant-finite-threshold-20260909;paper/circulant-periodic-gap-20260909;paper/jgt-authorial-rewrite;paper/period8-conclusion-correction;period8-paper-strengthening;research/circulant-1s-extension;research/quadratic-gap-upgrade,https://github.com/whzy3185/math/commit/170546514e2b584c58f819e5bdea22073a90e987
2026-09-02T12:39:00Z,2026-09-02T12:39:00Z,c1f3628eaf3c6719ff396b1738d08e7c4999a807,research: freeze analytic article dependency line,170546514e2b584c58f819e5bdea22073a90e987,analytic-proof-first;paper/circulant-all-jump-rebuild-20260909;paper/circulant-finite-threshold-20260909;paper/circulant-periodic-gap-20260909;paper/jgt-authorial-rewrite;paper/period8-conclusion-correction;period8-paper-strengthening;research/circulant-1s-extension;research/quadratic-gap-upgrade,https://github.com/whzy3185/math/commit/c1f3628eaf3c6719ff396b1738d08e7c4999a807
2026-09-02T12:57:10Z,2026-09-02T12:57:10Z,cef9c0dbbb4ea7a3f504eb35b80cfdb779e02805,formal: certify period-eight polynomial bound,c1f3628eaf3c6719ff396b1738d08e7c4999a807,analytic-proof-first;paper/circulant-all-jump-rebuild-20260909;paper/circulant-finite-threshold-20260909;paper/circulant-periodic-gap-20260909;paper/jgt-authorial-rewrite;paper/period8-conclusion-correction;period8-paper-strengthening;research/circulant-1s-extension;research/quadratic-gap-upgrade,https://github.com/whzy3185/math/commit/cef9c0dbbb4ea7a3f504eb35b80cfdb779e02805
2026-09-02T13:00:04Z,2026-09-02T13:00:04Z,9e85cad304dedf3151a185a2aae1de33d1f7dd0a,research: record Lean polynomial certificate completion,cef9c0dbbb4ea7a3f504eb35b80cfdb779e02805,analytic-proof-first;paper/circulant-all-jump-rebuild-20260909;paper/circulant-finite-threshold-20260909;paper/circulant-periodic-gap-20260909;paper/jgt-authorial-rewrite;paper/period8-conclusion-correction;period8-paper-strengthening;research/circulant-1s-extension;research/quadratic-gap-upgrade,https://github.com/whzy3185/math/commit/9e85cad304dedf3151a185a2aae1de33d1f7dd0a
2026-09-02T13:25:54Z,2026-09-02T13:25:54Z,4c4faf0c2a6a137aa87edf7f27400ca1794be691,formal: verify Hamilton gauge seam signs,9e85cad304dedf3151a185a2aae1de33d1f7dd0a,analytic-proof-first;paper/circulant-all-jump-rebuild-20260909;paper/circulant-finite-threshold-20260909;paper/circulant-periodic-gap-20260909;paper/jgt-authorial-rewrite;paper/period8-conclusion-correction;period8-paper-strengthening;research/circulant-1s-extension;research/quadratic-gap-upgrade,https://github.com/whzy3185/math/commit/4c4faf0c2a6a137aa87edf7f27400ca1794be691
2026-09-02T13:29:42Z,2026-09-02T13:29:42Z,0524a10da86383969a2d9d2a4bc4adf503723d5b,formal: verify twisted Fourier block,4c4faf0c2a6a137aa87edf7f27400ca1794be691,analytic-proof-first;paper/circulant-all-jump-rebuild-20260909;paper/circulant-finite-threshold-20260909;paper/circulant-periodic-gap-20260909;paper/jgt-authorial-rewrite;paper/period8-conclusion-correction;period8-paper-strengthening;research/circulant-1s-extension;research/quadratic-gap-upgrade,https://github.com/whzy3185/math/commit/0524a10da86383969a2d9d2a4bc4adf503723d5b
2026-09-02T13:32:12Z,2026-09-02T13:32:12Z,18854f9b551b92923a6bd122f93b0b1782324173,formal: derive period-eight edge factorization,0524a10da86383969a2d9d2a4bc4adf503723d5b,analytic-proof-first;paper/circulant-all-jump-rebuild-20260909;paper/circulant-finite-threshold-20260909;paper/circulant-periodic-gap-20260909;paper/jgt-authorial-rewrite;paper/period8-conclusion-correction;period8-paper-strengthening;research/circulant-1s-extension;research/quadratic-gap-upgrade,https://github.com/whzy3185/math/commit/18854f9b551b92923a6bd122f93b0b1782324173
2026-09-02T13:38:29Z,2026-09-02T13:38:29Z,4d34c8a2979bea2454f79ee93774c640ac03f5c4,formal: define symmetric Hamilton gauge matrix,18854f9b551b92923a6bd122f93b0b1782324173,analytic-proof-first;paper/circulant-all-jump-rebuild-20260909;paper/circulant-finite-threshold-20260909;paper/circulant-periodic-gap-20260909;paper/jgt-authorial-rewrite;paper/period8-conclusion-correction;period8-paper-strengthening;research/circulant-1s-extension;research/quadratic-gap-upgrade,https://github.com/whzy3185/math/commit/4d34c8a2979bea2454f79ee93774c640ac03f5c4
2026-09-02T13:57:12Z,2026-09-02T13:57:12Z,2fbabbcdeed33d9041b8406bca8ab009bd359ee0,formal: rule out Hamilton gauge self loops,4d34c8a2979bea2454f79ee93774c640ac03f5c4,analytic-proof-first;paper/circulant-all-jump-rebuild-20260909;paper/circulant-finite-threshold-20260909;paper/circulant-periodic-gap-20260909;paper/jgt-authorial-rewrite;paper/period8-conclusion-correction;period8-paper-strengthening;research/circulant-1s-extension;research/quadratic-gap-upgrade,https://github.com/whzy3185/math/commit/2fbabbcdeed33d9041b8406bca8ab009bd359ee0
2026-09-02T14:02:16Z,2026-09-02T14:02:16Z,e7bfe5657c4d0362c9e2e775036c1cb7cd34b491,formal: separate Hamilton gauge edge steps,2fbabbcdeed33d9041b8406bca8ab009bd359ee0,analytic-proof-first;paper/circulant-all-jump-rebuild-20260909;paper/circulant-finite-threshold-20260909;paper/circulant-periodic-gap-20260909;paper/jgt-authorial-rewrite;paper/period8-conclusion-correction;period8-paper-strengthening;research/circulant-1s-extension;research/quadratic-gap-upgrade,https://github.com/whzy3185/math/commit/e7bfe5657c4d0362c9e2e775036c1cb7cd34b491
2026-09-02T14:14:36Z,2026-09-02T14:14:36Z,b05358ad5aaa49fe872a0dcdcbbd649b72dec75d,formal: exclude period-eight roots above bound,e7bfe5657c4d0362c9e2e775036c1cb7cd34b491,analytic-proof-first;paper/circulant-all-jump-rebuild-20260909;paper/circulant-finite-threshold-20260909;paper/circulant-periodic-gap-20260909;paper/jgt-authorial-rewrite;paper/period8-conclusion-correction;period8-paper-strengthening;research/circulant-1s-extension;research/quadratic-gap-upgrade,https://github.com/whzy3185/math/commit/b05358ad5aaa49fe872a0dcdcbbd649b72dec75d
2026-09-02T15:19:18Z,2026-09-02T15:19:18Z,2f5da01139298408d031bf61f8a65f00691fd6cc,formal: certify twisted threshold at order thirty-two,b05358ad5aaa49fe872a0dcdcbbd649b72dec75d,analytic-proof-first;paper/circulant-all-jump-rebuild-20260909;paper/circulant-finite-threshold-20260909;paper/circulant-periodic-gap-20260909;paper/jgt-authorial-rewrite;paper/period8-conclusion-correction;period8-paper-strengthening;research/circulant-1s-extension;research/quadratic-gap-upgrade,https://github.com/whzy3185/math/commit/2f5da01139298408d031bf61f8a65f00691fd6cc
2026-09-02T15:23:17Z,2026-09-02T15:23:17Z,8d16c04d050ee61307534f3213d5a36bef2189b2,formal: prove twisted threshold for all period-eight orders,2f5da01139298408d031bf61f8a65f00691fd6cc,analytic-proof-first;paper/circulant-all-jump-rebuild-20260909;paper/circulant-finite-threshold-20260909;paper/circulant-periodic-gap-20260909;paper/jgt-authorial-rewrite;paper/period8-conclusion-correction;period8-paper-strengthening;research/circulant-1s-extension;research/quadratic-gap-upgrade,https://github.com/whzy3185/math/commit/8d16c04d050ee61307534f3213d5a36bef2189b2
2026-09-02T15:27:43Z,2026-09-02T15:27:43Z,4696b5f30c45c9d89d3f9886566b247de8292d78,formal: verify period-eight reduced determinant,8d16c04d050ee61307534f3213d5a36bef2189b2,analytic-proof-first;paper/circulant-all-jump-rebuild-20260909;paper/circulant-finite-threshold-20260909;paper/circulant-periodic-gap-20260909;paper/jgt-authorial-rewrite;paper/period8-conclusion-correction;period8-paper-strengthening;research/circulant-1s-extension;research/quadratic-gap-upgrade,https://github.com/whzy3185/math/commit/4696b5f30c45c9d89d3f9886566b247de8292d78
2026-09-03T01:32:41Z,2026-09-03T01:32:41Z,73e2422db90dca9903b23d2ecfabe6eff1844c47,formal: verify period-eight fiber chiral symmetry,4696b5f30c45c9d89d3f9886566b247de8292d78,analytic-proof-first;paper/circulant-all-jump-rebuild-20260909;paper/circulant-finite-threshold-20260909;paper/circulant-periodic-gap-20260909;paper/jgt-authorial-rewrite;paper/period8-conclusion-correction;period8-paper-strengthening;research/circulant-1s-extension;research/quadratic-gap-upgrade,https://github.com/whzy3185/math/commit/73e2422db90dca9903b23d2ecfabe6eff1844c47
2026-09-03T01:37:50Z,2026-09-03T01:37:50Z,a5c3d4da3cf54402f15f55466f015e609d8cf6f4,formal: derive chiral fiber eigenspace exchange,73e2422db90dca9903b23d2ecfabe6eff1844c47,analytic-proof-first;paper/circulant-all-jump-rebuild-20260909;paper/circulant-finite-threshold-20260909;paper/circulant-periodic-gap-20260909;paper/jgt-authorial-rewrite;paper/period8-conclusion-correction;period8-paper-strengthening;research/circulant-1s-extension;research/quadratic-gap-upgrade,https://github.com/whzy3185/math/commit/a5c3d4da3cf54402f15f55466f015e609d8cf6f4
2026-09-03T02:06:04Z,2026-09-03T02:06:04Z,ff8363782870a8eef268ac9d08c4ccec8944ee5a,formal: connect fiber to chiral block coordinates,a5c3d4da3cf54402f15f55466f015e609d8cf6f4,analytic-proof-first;paper/circulant-all-jump-rebuild-20260909;paper/circulant-finite-threshold-20260909;paper/circulant-periodic-gap-20260909;paper/jgt-authorial-rewrite;paper/period8-conclusion-correction;period8-paper-strengthening;research/circulant-1s-extension;research/quadratic-gap-upgrade,https://github.com/whzy3185/math/commit/ff8363782870a8eef268ac9d08c4ccec8944ee5a
2026-09-03T02:08:31Z,2026-09-03T02:08:31Z,410c30f8070d3846445541cafab29947c6cd482b,formal: verify period-eight squared chiral block,ff8363782870a8eef268ac9d08c4ccec8944ee5a,analytic-proof-first;paper/circulant-all-jump-rebuild-20260909;paper/circulant-finite-threshold-20260909;paper/circulant-periodic-gap-20260909;paper/jgt-authorial-rewrite;paper/period8-conclusion-correction;period8-paper-strengthening;research/circulant-1s-extension;research/quadratic-gap-upgrade,https://github.com/whzy3185/math/commit/410c30f8070d3846445541cafab29947c6cd482b
2026-09-03T02:21:47Z,2026-09-03T02:21:47Z,798724ec89e4c13163b45c3d8f249538551d0f02,formal: prove unit-fiber parameter reality,410c30f8070d3846445541cafab29947c6cd482b,analytic-proof-first;paper/circulant-all-jump-rebuild-20260909;paper/circulant-finite-threshold-20260909;paper/circulant-periodic-gap-20260909;paper/jgt-authorial-rewrite;paper/period8-conclusion-correction;period8-paper-strengthening;research/circulant-1s-extension;research/quadratic-gap-upgrade,https://github.com/whzy3185/math/commit/798724ec89e4c13163b45c3d8f249538551d0f02
2026-09-03T02:24:30Z,2026-09-03T02:24:30Z,901d7e97687eb98a28315df210fc3fc74516b45f,formal: bridge complex period-eight fiber polynomial,798724ec89e4c13163b45c3d8f249538551d0f02,analytic-proof-first;paper/circulant-all-jump-rebuild-20260909;paper/circulant-finite-threshold-20260909;paper/circulant-periodic-gap-20260909;paper/jgt-authorial-rewrite;paper/period8-conclusion-correction;period8-paper-strengthening;research/circulant-1s-extension;research/quadratic-gap-upgrade,https://github.com/whzy3185/math/commit/901d7e97687eb98a28315df210fc3fc74516b45f
2026-09-03T02:33:20Z,2026-09-03T02:33:20Z,f55fa43ec05a1325073bed06219f930c3c33325a,formal: certify period-eight squared block polynomial,901d7e97687eb98a28315df210fc3fc74516b45f,analytic-proof-first;paper/circulant-all-jump-rebuild-20260909;paper/circulant-finite-threshold-20260909;paper/circulant-periodic-gap-20260909;paper/jgt-authorial-rewrite;paper/period8-conclusion-correction;period8-paper-strengthening;research/circulant-1s-extension;research/quadratic-gap-upgrade,https://github.com/whzy3185/math/commit/f55fa43ec05a1325073bed06219f930c3c33325a
2026-09-03T02:46:51Z,2026-09-03T02:46:51Z,ce6afd86f991790b06367f8db214029401292636,formal: derive period-eight eigenvalue polynomial bound,f55fa43ec05a1325073bed06219f930c3c33325a,analytic-proof-first;paper/circulant-all-jump-rebuild-20260909;paper/circulant-finite-threshold-20260909;paper/circulant-periodic-gap-20260909;paper/jgt-authorial-rewrite;paper/period8-conclusion-correction;period8-paper-strengthening;research/circulant-1s-extension;research/quadratic-gap-upgrade,https://github.com/whzy3185/math/commit/ce6afd86f991790b06367f8db214029401292636
2026-09-03T03:09:24Z,2026-09-03T03:09:24Z,cb2515e83d65b35fb1cefb9d36c2977d0cd0b883,formal: bound unit-fiber period-eight roots,ce6afd86f991790b06367f8db214029401292636,analytic-proof-first;paper/circulant-all-jump-rebuild-20260909;paper/circulant-finite-threshold-20260909;paper/circulant-periodic-gap-20260909;paper/jgt-authorial-rewrite;paper/period8-conclusion-correction;period8-paper-strengthening;research/circulant-1s-extension;research/quadratic-gap-upgrade,https://github.com/whzy3185/math/commit/cb2515e83d65b35fb1cefb9d36c2977d0cd0b883
2026-09-03T03:15:17Z,2026-09-03T03:15:17Z,1086aae31c6eed82136bc1ec62969592b1e87d01,formal: define period-eight finite signing,cb2515e83d65b35fb1cefb9d36c2977d0cd0b883,analytic-proof-first;paper/circulant-all-jump-rebuild-20260909;paper/circulant-finite-threshold-20260909;paper/circulant-periodic-gap-20260909;paper/jgt-authorial-rewrite;paper/period8-conclusion-correction;period8-paper-strengthening;research/circulant-1s-extension;research/quadratic-gap-upgrade,https://github.com/whzy3185/math/commit/1086aae31c6eed82136bc1ec62969592b1e87d01
2026-09-03T03:24:37Z,2026-09-03T03:24:37Z,e6ae9c01313a20ad53b8d8c4acce81e36c140b8f,formal: derive finite holonomy root bound,1086aae31c6eed82136bc1ec62969592b1e87d01,analytic-proof-first;paper/circulant-all-jump-rebuild-20260909;paper/circulant-finite-threshold-20260909;paper/circulant-periodic-gap-20260909;paper/jgt-authorial-rewrite;paper/period8-conclusion-correction;period8-paper-strengthening;research/circulant-1s-extension;research/quadratic-gap-upgrade,https://github.com/whzy3185/math/commit/e6ae9c01313a20ad53b8d8c4acce81e36c140b8f
2026-09-03T03:36:03Z,2026-09-03T03:36:03Z,3781acc7bf41e1828368381dcff2c90b219efb3c,formal: establish period-eight fiber similarity,e6ae9c01313a20ad53b8d8c4acce81e36c140b8f,analytic-proof-first;paper/circulant-all-jump-rebuild-20260909;paper/circulant-finite-threshold-20260909;paper/circulant-periodic-gap-20260909;paper/jgt-authorial-rewrite;paper/period8-conclusion-correction;period8-paper-strengthening;research/circulant-1s-extension;research/quadratic-gap-upgrade,https://github.com/whzy3185/math/commit/3781acc7bf41e1828368381dcff2c90b219efb3c
2026-09-03T03:42:26Z,2026-09-03T03:42:26Z,dbe0296b77bba8c4491f4bc8c856102877460103,formal: certify complex period-eight squared block roots,3781acc7bf41e1828368381dcff2c90b219efb3c,analytic-proof-first;paper/circulant-all-jump-rebuild-20260909;paper/circulant-finite-threshold-20260909;paper/circulant-periodic-gap-20260909;paper/jgt-authorial-rewrite;paper/period8-conclusion-correction;period8-paper-strengthening;research/circulant-1s-extension;research/quadratic-gap-upgrade,https://github.com/whzy3185/math/commit/dbe0296b77bba8c4491f4bc8c856102877460103
2026-09-03T03:47:27Z,2026-09-03T03:47:27Z,4b9cee1c161d6f9558e1b3c5be7a8fc9f654e372,formal: decompose period-eight chiral block action,dbe0296b77bba8c4491f4bc8c856102877460103,analytic-proof-first;paper/circulant-all-jump-rebuild-20260909;paper/circulant-finite-threshold-20260909;paper/circulant-periodic-gap-20260909;paper/jgt-authorial-rewrite;paper/period8-conclusion-correction;period8-paper-strengthening;research/circulant-1s-extension;research/quadratic-gap-upgrade,https://github.com/whzy3185/math/commit/4b9cee1c161d6f9558e1b3c5be7a8fc9f654e372
2026-09-03T06:39:04Z,2026-09-03T06:39:04Z,d2a966598e3690f4b40ad21b60067fbe2a0967c9,formal: derive strict bound for period-eight fiber eigenvalues,4b9cee1c161d6f9558e1b3c5be7a8fc9f654e372,analytic-proof-first;paper/circulant-all-jump-rebuild-20260909;paper/circulant-finite-threshold-20260909;paper/circulant-periodic-gap-20260909;paper/jgt-authorial-rewrite;paper/period8-conclusion-correction;period8-paper-strengthening;research/circulant-1s-extension;research/quadratic-gap-upgrade,https://github.com/whzy3185/math/commit/d2a966598e3690f4b40ad21b60067fbe2a0967c9
2026-09-03T06:43:39Z,2026-09-03T06:43:39Z,292e5c10413cfbc41590b83bf1c616aceb684617,formal: verify Hermitian period-eight finite fibers,d2a966598e3690f4b40ad21b60067fbe2a0967c9,analytic-proof-first;paper/circulant-all-jump-rebuild-20260909;paper/circulant-finite-threshold-20260909;paper/circulant-periodic-gap-20260909;paper/jgt-authorial-rewrite;paper/period8-conclusion-correction;period8-paper-strengthening;research/circulant-1s-extension;research/quadratic-gap-upgrade,https://github.com/whzy3185/math/commit/292e5c10413cfbc41590b83bf1c616aceb684617
2026-09-03T07:26:03Z,2026-09-03T07:26:03Z,de6f2e3a1854b104c557c96d3bba837696eb032b,formal: reindex finite period-eight cells,292e5c10413cfbc41590b83bf1c616aceb684617,analytic-proof-first;paper/circulant-all-jump-rebuild-20260909;paper/circulant-finite-threshold-20260909;paper/circulant-periodic-gap-20260909;paper/jgt-authorial-rewrite;paper/period8-conclusion-correction;period8-paper-strengthening;research/circulant-1s-extension;research/quadratic-gap-upgrade,https://github.com/whzy3185/math/commit/de6f2e3a1854b104c557c96d3bba837696eb032b
2026-09-03T07:28:23Z,2026-09-03T07:28:23Z,97d92879191e0f43320331baca423a675d54fbfd,formal: index finite cells by ZMod,de6f2e3a1854b104c557c96d3bba837696eb032b,analytic-proof-first;paper/circulant-all-jump-rebuild-20260909;paper/circulant-finite-threshold-20260909;paper/circulant-periodic-gap-20260909;paper/jgt-authorial-rewrite;paper/period8-conclusion-correction;period8-paper-strengthening;research/circulant-1s-extension;research/quadratic-gap-upgrade,https://github.com/whzy3185/math/commit/97d92879191e0f43320331baca423a675d54fbfd
2026-09-03T07:51:26Z,2026-09-03T07:51:26Z,94ba6b578924332bc944b3bb20a6ae9cad256024,formal: establish finite Hamilton matrix support,97d92879191e0f43320331baca423a675d54fbfd,analytic-proof-first;paper/circulant-all-jump-rebuild-20260909;paper/circulant-finite-threshold-20260909;paper/circulant-periodic-gap-20260909;paper/jgt-authorial-rewrite;paper/period8-conclusion-correction;period8-paper-strengthening;research/circulant-1s-extension;research/quadratic-gap-upgrade,https://github.com/whzy3185/math/commit/94ba6b578924332bc944b3bb20a6ae9cad256024
2026-09-03T07:57:49Z,2026-09-03T07:57:49Z,8704cb08776d96cf575535b7b2760c22f4236218,formal: fix finite Hamilton diagonal proof,94ba6b578924332bc944b3bb20a6ae9cad256024,analytic-proof-first;paper/circulant-all-jump-rebuild-20260909;paper/circulant-finite-threshold-20260909;paper/circulant-periodic-gap-20260909;paper/jgt-authorial-rewrite;paper/period8-conclusion-correction;period8-paper-strengthening;research/circulant-1s-extension;research/quadratic-gap-upgrade,https://github.com/whzy3185/math/commit/8704cb08776d96cf575535b7b2760c22f4236218
2026-09-03T08:02:40Z,2026-09-03T08:02:40Z,aee99e0fc64b22977d2d57b66e45cb72db1aeeeb,formal: prove target Hamiltonian is Hermitian,8704cb08776d96cf575535b7b2760c22f4236218,analytic-proof-first;paper/circulant-all-jump-rebuild-20260909;paper/circulant-finite-threshold-20260909;paper/circulant-periodic-gap-20260909;paper/jgt-authorial-rewrite;paper/period8-conclusion-correction;period8-paper-strengthening;research/circulant-1s-extension;research/quadratic-gap-upgrade,https://github.com/whzy3185/math/commit/aee99e0fc64b22977d2d57b66e45cb72db1aeeeb
2026-09-03T08:13:14Z,2026-09-03T08:13:14Z,9f5953e226d5e27fa9b5547154c96a73890d5af7,formal: prove finite Bloch translation identity,aee99e0fc64b22977d2d57b66e45cb72db1aeeeb,analytic-proof-first;paper/circulant-all-jump-rebuild-20260909;paper/circulant-finite-threshold-20260909;paper/circulant-periodic-gap-20260909;paper/jgt-authorial-rewrite;paper/period8-conclusion-correction;period8-paper-strengthening;research/circulant-1s-extension;research/quadratic-gap-upgrade,https://github.com/whzy3185/math/commit/9f5953e226d5e27fa9b5547154c96a73890d5af7
2026-09-03T08:20:31Z,2026-09-03T08:20:31Z,f49345a303dcc969426b6d9a26298d42b263b241,formal: decompose period-eight fiber into cell shifts,9f5953e226d5e27fa9b5547154c96a73890d5af7,analytic-proof-first;paper/circulant-all-jump-rebuild-20260909;paper/circulant-finite-threshold-20260909;paper/circulant-periodic-gap-20260909;paper/jgt-authorial-rewrite;paper/period8-conclusion-correction;period8-paper-strengthening;research/circulant-1s-extension;research/quadratic-gap-upgrade,https://github.com/whzy3185/math/commit/f49345a303dcc969426b6d9a26298d42b263b241
2026-09-03T08:26:04Z,2026-09-03T08:26:04Z,1ed710a2bff94c19e57ed63af97c2be0ed0a563e,formal: lift Bloch translation to period-eight states,f49345a303dcc969426b6d9a26298d42b263b241,analytic-proof-first;paper/circulant-all-jump-rebuild-20260909;paper/circulant-finite-threshold-20260909;paper/circulant-periodic-gap-20260909;paper/jgt-authorial-rewrite;paper/period8-conclusion-correction;period8-paper-strengthening;research/circulant-1s-extension;research/quadratic-gap-upgrade,https://github.com/whzy3185/math/commit/1ed710a2bff94c19e57ed63af97c2be0ed0a563e
2026-09-03T09:18:58Z,2026-09-03T09:18:58Z,2413b3eefe6a832cd9e84e036babada266eb3397,formal: commute cell matrices with finite DFT,1ed710a2bff94c19e57ed63af97c2be0ed0a563e,analytic-proof-first;paper/circulant-all-jump-rebuild-20260909;paper/circulant-finite-threshold-20260909;paper/circulant-periodic-gap-20260909;paper/jgt-authorial-rewrite;paper/period8-conclusion-correction;period8-paper-strengthening;research/circulant-1s-extension;research/quadratic-gap-upgrade,https://github.com/whzy3185/math/commit/2413b3eefe6a832cd9e84e036babada266eb3397
2026-09-03T09:39:10Z,2026-09-03T09:39:10Z,b0f728b65d316a41756a256fec03b1a43fdcfa42,formal: derive period-eight Bloch intertwining,2413b3eefe6a832cd9e84e036babada266eb3397,analytic-proof-first;paper/circulant-all-jump-rebuild-20260909;paper/circulant-finite-threshold-20260909;paper/circulant-periodic-gap-20260909;paper/jgt-authorial-rewrite;paper/period8-conclusion-correction;period8-paper-strengthening;research/circulant-1s-extension;research/quadratic-gap-upgrade,https://github.com/whzy3185/math/commit/b0f728b65d316a41756a256fec03b1a43fdcfa42
2026-09-03T09:45:28Z,2026-09-03T09:45:28Z,f1315f3607250e7560479683a846d34e9c9f3be9,formal: certify periodic Bloch holonomy,b0f728b65d316a41756a256fec03b1a43fdcfa42,analytic-proof-first;paper/circulant-all-jump-rebuild-20260909;paper/circulant-finite-threshold-20260909;paper/circulant-periodic-gap-20260909;paper/jgt-authorial-rewrite;paper/period8-conclusion-correction;period8-paper-strengthening;research/circulant-1s-extension;research/quadratic-gap-upgrade,https://github.com/whzy3185/math/commit/f1315f3607250e7560479683a846d34e9c9f3be9
2026-09-03T09:54:41Z,2026-09-03T09:54:41Z,293524bec2036fcd3ed961b5ac68cf64ff9b3bec,formal: establish interior period-eight cell transitions,f1315f3607250e7560479683a846d34e9c9f3be9,analytic-proof-first;paper/circulant-all-jump-rebuild-20260909;paper/circulant-finite-threshold-20260909;paper/circulant-periodic-gap-20260909;paper/jgt-authorial-rewrite;paper/period8-conclusion-correction;period8-paper-strengthening;research/circulant-1s-extension;research/quadratic-gap-upgrade,https://github.com/whzy3185/math/commit/293524bec2036fcd3ed961b5ac68cf64ff9b3bec
2026-09-03T10:02:27Z,2026-09-03T10:02:27Z,eae9e007c20dca9929b8718e6956edd41e760f46,formal: establish period-eight seam transitions,293524bec2036fcd3ed961b5ac68cf64ff9b3bec,analytic-proof-first;paper/circulant-all-jump-rebuild-20260909;paper/circulant-finite-threshold-20260909;paper/circulant-periodic-gap-20260909;paper/jgt-authorial-rewrite;paper/period8-conclusion-correction;period8-paper-strengthening;research/circulant-1s-extension;research/quadratic-gap-upgrade,https://github.com/whzy3185/math/commit/eae9e007c20dca9929b8718e6956edd41e760f46
2026-09-03T10:07:57Z,2026-09-03T10:07:57Z,a58c6175b2f2ed68c28761af47b7934ec4dc6b72,formal: package period-eight cell transitions,eae9e007c20dca9929b8718e6956edd41e760f46,analytic-proof-first;paper/circulant-all-jump-rebuild-20260909;paper/circulant-finite-threshold-20260909;paper/circulant-periodic-gap-20260909;paper/jgt-authorial-rewrite;paper/period8-conclusion-correction;period8-paper-strengthening;research/circulant-1s-extension;research/quadratic-gap-upgrade,https://github.com/whzy3185/math/commit/a58c6175b2f2ed68c28761af47b7934ec4dc6b72
2026-09-03T10:27:21Z,2026-09-03T10:27:21Z,8212135bcc15218b97a9460b5572428f8b1f08b0,formal: normalize periodic Hamilton coefficients,a58c6175b2f2ed68c28761af47b7934ec4dc6b72,analytic-proof-first;paper/circulant-all-jump-rebuild-20260909;paper/circulant-finite-threshold-20260909;paper/circulant-periodic-gap-20260909;paper/jgt-authorial-rewrite;paper/period8-conclusion-correction;period8-paper-strengthening;research/circulant-1s-extension;research/quadratic-gap-upgrade,https://github.com/whzy3185/math/commit/8212135bcc15218b97a9460b5572428f8b1f08b0
2026-09-03T10:31:46Z,2026-09-03T10:31:46Z,f76a3d3660a307b721ede23600bebff25ba3b555,formal: split Hamilton matrix into forward edges,8212135bcc15218b97a9460b5572428f8b1f08b0,analytic-proof-first;paper/circulant-all-jump-rebuild-20260909;paper/circulant-finite-threshold-20260909;paper/circulant-periodic-gap-20260909;paper/jgt-authorial-rewrite;paper/period8-conclusion-correction;period8-paper-strengthening;research/circulant-1s-extension;research/quadratic-gap-upgrade,https://github.com/whzy3185/math/commit/f76a3d3660a307b721ede23600bebff25ba3b555
2026-09-03T10:34:59Z,2026-09-03T10:34:59Z,b3268f99d535d67e5e6fb7b2ebed909fd8d94eef,formal: evaluate forward Hamilton action,f76a3d3660a307b721ede23600bebff25ba3b555,analytic-proof-first;paper/circulant-all-jump-rebuild-20260909;paper/circulant-finite-threshold-20260909;paper/circulant-periodic-gap-20260909;paper/jgt-authorial-rewrite;paper/period8-conclusion-correction;period8-paper-strengthening;research/circulant-1s-extension;research/quadratic-gap-upgrade,https://github.com/whzy3185/math/commit/b3268f99d535d67e5e6fb7b2ebed909fd8d94eef
2026-09-03T10:37:52Z,2026-09-03T10:37:52Z,8493658629a62714bcd2b736412f208c4ab5c270,formal: reindex forward period-eight Hamilton action,b3268f99d535d67e5e6fb7b2ebed909fd8d94eef,analytic-proof-first;paper/circulant-all-jump-rebuild-20260909;paper/circulant-finite-threshold-20260909;paper/circulant-periodic-gap-20260909;paper/jgt-authorial-rewrite;paper/period8-conclusion-correction;period8-paper-strengthening;research/circulant-1s-extension;research/quadratic-gap-upgrade,https://github.com/whzy3185/math/commit/8493658629a62714bcd2b736412f208c4ab5c270
2026-09-03T10:40:12Z,2026-09-03T10:40:12Z,a9503c650e86bb9af6d6b44848ce970612754c31,formal: split period-eight cell operator into forward blocks,8493658629a62714bcd2b736412f208c4ab5c270,analytic-proof-first;paper/circulant-all-jump-rebuild-20260909;paper/circulant-finite-threshold-20260909;paper/circulant-periodic-gap-20260909;paper/jgt-authorial-rewrite;paper/period8-conclusion-correction;period8-paper-strengthening;research/circulant-1s-extension;research/quadratic-gap-upgrade,https://github.com/whzy3185/math/commit/a9503c650e86bb9af6d6b44848ce970612754c31
2026-09-03T10:43:19Z,2026-09-03T10:43:19Z,d4408673583c8ea315f8f65e100fb90ceef8a123,formal: evaluate finite forward cell operator,a9503c650e86bb9af6d6b44848ce970612754c31,analytic-proof-first;paper/circulant-all-jump-rebuild-20260909;paper/circulant-finite-threshold-20260909;paper/circulant-periodic-gap-20260909;paper/jgt-authorial-rewrite;paper/period8-conclusion-correction;period8-paper-strengthening;research/circulant-1s-extension;research/quadratic-gap-upgrade,https://github.com/whzy3185/math/commit/d4408673583c8ea315f8f65e100fb90ceef8a123
2026-09-03T11:46:57Z,2026-09-03T11:46:57Z,4535448ae9ea024ac7a7989e8bf01cf2a1afcae8,formal: reindex forward Hamilton action over complex cells,d4408673583c8ea315f8f65e100fb90ceef8a123,analytic-proof-first;paper/circulant-all-jump-rebuild-20260909;paper/circulant-finite-threshold-20260909;paper/circulant-periodic-gap-20260909;paper/jgt-authorial-rewrite;paper/period8-conclusion-correction;period8-paper-strengthening;research/circulant-1s-extension;research/quadratic-gap-upgrade,https://github.com/whzy3185/math/commit/4535448ae9ea024ac7a7989e8bf01cf2a1afcae8
2026-09-03T11:50:43Z,2026-09-03T11:50:43Z,927c9e79f7f39c0547785bb691798296d21154fe,formal: package reindexed forward cell operator,4535448ae9ea024ac7a7989e8bf01cf2a1afcae8,analytic-proof-first;paper/circulant-all-jump-rebuild-20260909;paper/circulant-finite-threshold-20260909;paper/circulant-periodic-gap-20260909;paper/jgt-authorial-rewrite;paper/period8-conclusion-correction;period8-paper-strengthening;research/circulant-1s-extension;research/quadratic-gap-upgrade,https://github.com/whzy3185/math/commit/927c9e79f7f39c0547785bb691798296d21154fe
2026-09-03T11:56:09Z,2026-09-03T11:56:09Z,4e1d7b7850eb7da7d8284bcd97e542a14e4d1827,formal: establish cyclic cell predecessor,927c9e79f7f39c0547785bb691798296d21154fe,analytic-proof-first;paper/circulant-all-jump-rebuild-20260909;paper/circulant-finite-threshold-20260909;paper/circulant-periodic-gap-20260909;paper/jgt-authorial-rewrite;paper/period8-conclusion-correction;period8-paper-strengthening;research/circulant-1s-extension;research/quadratic-gap-upgrade,https://github.com/whzy3185/math/commit/4e1d7b7850eb7da7d8284bcd97e542a14e4d1827
2026-09-03T12:28:42Z,2026-09-03T12:28:42Z,33511925837766ad0281f74be0f6b512e38486a5,formal: decompose finite cell action by orientation,4e1d7b7850eb7da7d8284bcd97e542a14e4d1827,analytic-proof-first;paper/circulant-all-jump-rebuild-20260909;paper/circulant-finite-threshold-20260909;paper/circulant-periodic-gap-20260909;paper/jgt-authorial-rewrite;paper/period8-conclusion-correction;period8-paper-strengthening;research/circulant-1s-extension;research/quadratic-gap-upgrade,https://github.com/whzy3185/math/commit/33511925837766ad0281f74be0f6b512e38486a5
2026-09-03T12:35:55Z,2026-09-03T12:35:55Z,62af701878b446fb41421050513b6a5987b221fd,formal: reindex forward Hamilton matrix on cells,33511925837766ad0281f74be0f6b512e38486a5,analytic-proof-first;paper/circulant-all-jump-rebuild-20260909;paper/circulant-finite-threshold-20260909;paper/circulant-periodic-gap-20260909;paper/jgt-authorial-rewrite;paper/period8-conclusion-correction;period8-paper-strengthening;research/circulant-1s-extension;research/quadratic-gap-upgrade,https://github.com/whzy3185/math/commit/62af701878b446fb41421050513b6a5987b221fd
2026-09-03T12:48:56Z,2026-09-03T12:48:56Z,604eb530cc42e231b305721b9cc0c3023a80c1f4,formal: identify full finite Hamilton cell matrix,62af701878b446fb41421050513b6a5987b221fd,analytic-proof-first;paper/circulant-all-jump-rebuild-20260909;paper/circulant-finite-threshold-20260909;paper/circulant-periodic-gap-20260909;paper/jgt-authorial-rewrite;paper/period8-conclusion-correction;period8-paper-strengthening;research/circulant-1s-extension;research/quadratic-gap-upgrade,https://github.com/whzy3185/math/commit/604eb530cc42e231b305721b9cc0c3023a80c1f4
2026-09-03T13:10:37Z,2026-09-03T13:10:37Z,2a6ff8757191f3036cb16e4f2a7df848b9fc2ae2,formal: derive full finite period-eight cell action,604eb530cc42e231b305721b9cc0c3023a80c1f4,analytic-proof-first;paper/circulant-all-jump-rebuild-20260909;paper/circulant-finite-threshold-20260909;paper/circulant-periodic-gap-20260909;paper/jgt-authorial-rewrite;paper/period8-conclusion-correction;period8-paper-strengthening;research/circulant-1s-extension;research/quadratic-gap-upgrade,https://github.com/whzy3185/math/commit/2a6ff8757191f3036cb16e4f2a7df848b9fc2ae2
2026-09-04T03:38:44Z,2026-09-04T03:38:44Z,136b91cfb5246ef829511b3fcb253a8923748e95,formal: bridge finite and ZMod period-eight actions,2a6ff8757191f3036cb16e4f2a7df848b9fc2ae2,analytic-proof-first;paper/circulant-all-jump-rebuild-20260909;paper/circulant-finite-threshold-20260909;paper/circulant-periodic-gap-20260909;paper/jgt-authorial-rewrite;paper/period8-conclusion-correction;period8-paper-strengthening;research/circulant-1s-extension;research/quadratic-gap-upgrade,https://github.com/whzy3185/math/commit/136b91cfb5246ef829511b3fcb253a8923748e95
2026-09-04T03:45:22Z,2026-09-04T03:45:22Z,29edc3d7eae4864a94470933169ea6a58097ae76,formal: derive nonzero Bloch fiber eigenstate,136b91cfb5246ef829511b3fcb253a8923748e95,analytic-proof-first;paper/circulant-all-jump-rebuild-20260909;paper/circulant-finite-threshold-20260909;paper/circulant-periodic-gap-20260909;paper/jgt-authorial-rewrite;paper/period8-conclusion-correction;period8-paper-strengthening;research/circulant-1s-extension;research/quadratic-gap-upgrade,https://github.com/whzy3185/math/commit/29edc3d7eae4864a94470933169ea6a58097ae76
2026-09-04T03:48:08Z,2026-09-04T03:48:08Z,5f7f39daf77759fb89c089832cb3ccf98cd2f05d,formal: bound ZMod period-eight cell eigenstates,29edc3d7eae4864a94470933169ea6a58097ae76,analytic-proof-first;paper/circulant-all-jump-rebuild-20260909;paper/circulant-finite-threshold-20260909;paper/circulant-periodic-gap-20260909;paper/jgt-authorial-rewrite;paper/period8-conclusion-correction;period8-paper-strengthening;research/circulant-1s-extension;research/quadratic-gap-upgrade,https://github.com/whzy3185/math/commit/5f7f39daf77759fb89c089832cb3ccf98cd2f05d
2026-09-04T03:54:32Z,2026-09-04T03:54:32Z,50c632793d045bffd70fa083d8d6cf62327cc0c7,formal: bound finite period-eight Hamilton eigenstates,5f7f39daf77759fb89c089832cb3ccf98cd2f05d,analytic-proof-first;paper/circulant-all-jump-rebuild-20260909;paper/circulant-finite-threshold-20260909;paper/circulant-periodic-gap-20260909;paper/jgt-authorial-rewrite;paper/period8-conclusion-correction;period8-paper-strengthening;research/circulant-1s-extension;research/quadratic-gap-upgrade,https://github.com/whzy3185/math/commit/50c632793d045bffd70fa083d8d6cf62327cc0c7
2026-09-04T03:57:55Z,2026-09-04T03:57:55Z,c7fb9ad7e99b318952f85231608f48ce8080f1cf,formal: bound all finite period-eight eigenvalues,50c632793d045bffd70fa083d8d6cf62327cc0c7,analytic-proof-first;paper/circulant-all-jump-rebuild-20260909;paper/circulant-finite-threshold-20260909;paper/circulant-periodic-gap-20260909;paper/jgt-authorial-rewrite;paper/period8-conclusion-correction;period8-paper-strengthening;research/circulant-1s-extension;research/quadratic-gap-upgrade,https://github.com/whzy3185/math/commit/c7fb9ad7e99b318952f85231608f48ce8080f1cf
2026-09-04T04:45:08Z,2026-09-04T04:45:08Z,be8ba625f4dde258208d8221574422d52e6a7ea8,formal: compare finite period-eight eigenvalues to twisted bound,c7fb9ad7e99b318952f85231608f48ce8080f1cf,analytic-proof-first;paper/circulant-all-jump-rebuild-20260909;paper/circulant-finite-threshold-20260909;paper/circulant-periodic-gap-20260909;paper/jgt-authorial-rewrite;paper/period8-conclusion-correction;period8-paper-strengthening;research/circulant-1s-extension;research/quadratic-gap-upgrade,https://github.com/whzy3185/math/commit/be8ba625f4dde258208d8221574422d52e6a7ea8
2026-09-04T05:16:40Z,2026-09-04T05:16:40Z,c1c4600c0f882edaf675742cbc6f620ce5e2d321,formal: freeze alpha-plus period-eight theorem kernel,be8ba625f4dde258208d8221574422d52e6a7ea8,analytic-proof-first;paper/circulant-all-jump-rebuild-20260909;paper/circulant-finite-threshold-20260909;paper/circulant-periodic-gap-20260909;paper/jgt-authorial-rewrite;paper/period8-conclusion-correction;period8-paper-strengthening;research/circulant-1s-extension;research/quadratic-gap-upgrade,https://github.com/whzy3185/math/commit/c1c4600c0f882edaf675742cbc6f620ce5e2d321
2026-09-04T05:19:38Z,2026-09-04T05:19:38Z,4034a6dfdec4e6c981a2eb99181c63efd51c287f,docs: draft analytic period-eight manuscript core,c1c4600c0f882edaf675742cbc6f620ce5e2d321,analytic-proof-first;paper/circulant-all-jump-rebuild-20260909;paper/circulant-finite-threshold-20260909;paper/circulant-periodic-gap-20260909;paper/jgt-authorial-rewrite;paper/period8-conclusion-correction;period8-paper-strengthening;research/circulant-1s-extension;research/quadratic-gap-upgrade,https://github.com/whzy3185/math/commit/4034a6dfdec4e6c981a2eb99181c63efd51c287f
2026-09-04T06:08:05Z,2026-09-04T06:08:05Z,ff60226c139a47cca52a0030207163f8d07298bd,docs: classify current sources for period-eight article,4034a6dfdec4e6c981a2eb99181c63efd51c287f,analytic-proof-first;paper/circulant-all-jump-rebuild-20260909;paper/circulant-finite-threshold-20260909;paper/circulant-periodic-gap-20260909;paper/jgt-authorial-rewrite;paper/period8-conclusion-correction;period8-paper-strengthening;research/circulant-1s-extension;research/quadratic-gap-upgrade,https://github.com/whzy3185/math/commit/ff60226c139a47cca52a0030207163f8d07298bd
2026-09-04T06:15:24Z,2026-09-04T06:15:24Z,72dbba29ff5d0617a29370a6aa2dfadde5f57e03,docs: integrate structural supplements into period-eight article,ff60226c139a47cca52a0030207163f8d07298bd,analytic-proof-first;paper/circulant-all-jump-rebuild-20260909;paper/circulant-finite-threshold-20260909;paper/circulant-periodic-gap-20260909;paper/jgt-authorial-rewrite;paper/period8-conclusion-correction;period8-paper-strengthening;research/circulant-1s-extension;research/quadratic-gap-upgrade,https://github.com/whzy3185/math/commit/72dbba29ff5d0617a29370a6aa2dfadde5f57e03
2026-09-04T06:18:24Z,2026-09-04T06:18:24Z,7b6a351cc5f8f83f5527b7fc547f0a865ea50cf2,docs: add detailed JGT period-eight writing plan,72dbba29ff5d0617a29370a6aa2dfadde5f57e03,analytic-proof-first;paper/circulant-all-jump-rebuild-20260909;paper/circulant-finite-threshold-20260909;paper/circulant-periodic-gap-20260909;paper/jgt-authorial-rewrite;paper/period8-conclusion-correction;period8-paper-strengthening;research/circulant-1s-extension;research/quadratic-gap-upgrade,https://github.com/whzy3185/math/commit/7b6a351cc5f8f83f5527b7fc547f0a865ea50cf2
2026-09-04T06:50:22Z,2026-09-04T06:50:22Z,3bbd295f8739e532994988a8427047cae6cfd510,strengthening: freeze current period-eight kernel,7b6a351cc5f8f83f5527b7fc547f0a865ea50cf2,paper/circulant-all-jump-rebuild-20260909;paper/circulant-finite-threshold-20260909;paper/circulant-periodic-gap-20260909;paper/jgt-authorial-rewrite;paper/period8-conclusion-correction;period8-paper-strengthening;research/circulant-1s-extension;research/quadratic-gap-upgrade,https://github.com/whzy3185/math/commit/3bbd295f8739e532994988a8427047cae6cfd510
2026-09-04T07:12:11Z,2026-09-04T07:12:11Z,beccc5309bfc92b48978d08c19d495304a903f90,strengthening: prove exact edge and minimal period,3bbd295f8739e532994988a8427047cae6cfd510,paper/circulant-all-jump-rebuild-20260909;paper/circulant-finite-threshold-20260909;paper/circulant-periodic-gap-20260909;paper/jgt-authorial-rewrite;paper/period8-conclusion-correction;period8-paper-strengthening;research/circulant-1s-extension;research/quadratic-gap-upgrade,https://github.com/whzy3185/math/commit/beccc5309bfc92b48978d08c19d495304a903f90
2026-09-04T07:32:31Z,2026-09-04T07:32:31Z,842eb3d0822887d0d01407f927afd71b9e1773f1,research: rebuild literature and venue strategy,beccc5309bfc92b48978d08c19d495304a903f90,paper/circulant-all-jump-rebuild-20260909;paper/circulant-finite-threshold-20260909;paper/circulant-periodic-gap-20260909;paper/jgt-authorial-rewrite;paper/period8-conclusion-correction;period8-paper-strengthening;research/circulant-1s-extension;research/quadratic-gap-upgrade,https://github.com/whzy3185/math/commit/842eb3d0822887d0d01407f927afd71b9e1773f1
2026-09-04T07:54:06Z,2026-09-04T07:54:06Z,57945575ae5f8c1565397172a74d60e1f9f64f3b,strengthening: close half-cell chiral theorem,842eb3d0822887d0d01407f927afd71b9e1773f1,paper/circulant-all-jump-rebuild-20260909;paper/circulant-finite-threshold-20260909;paper/circulant-periodic-gap-20260909;paper/jgt-authorial-rewrite;paper/period8-conclusion-correction;period8-paper-strengthening;research/circulant-1s-extension;research/quadratic-gap-upgrade,https://github.com/whzy3185/math/commit/57945575ae5f8c1565397172a74d60e1f9f64f3b
2026-09-04T09:25:36Z,2026-09-04T09:25:36Z,d97afe58a93ae040a1920befe67279da8ea49891,paper: build reviewable bilingual period-eight manuscript,57945575ae5f8c1565397172a74d60e1f9f64f3b,paper/circulant-all-jump-rebuild-20260909;paper/circulant-finite-threshold-20260909;paper/circulant-periodic-gap-20260909;paper/jgt-authorial-rewrite;paper/period8-conclusion-correction;period8-paper-strengthening;research/circulant-1s-extension;research/quadratic-gap-upgrade,https://github.com/whzy3185/math/commit/d97afe58a93ae040a1920befe67279da8ea49891
2026-09-04T09:33:20Z,2026-09-04T09:33:20Z,1201d4ecbc12da1152c110a18f57b9de49cbb191,research: organize canonical period-eight reference library,d97afe58a93ae040a1920befe67279da8ea49891,paper/circulant-all-jump-rebuild-20260909;paper/circulant-finite-threshold-20260909;paper/circulant-periodic-gap-20260909;paper/jgt-authorial-rewrite;paper/period8-conclusion-correction;period8-paper-strengthening;research/circulant-1s-extension;research/quadratic-gap-upgrade,https://github.com/whzy3185/math/commit/1201d4ecbc12da1152c110a18f57b9de49cbb191
2026-09-04T14:36:07Z,2026-09-04T14:36:07Z,6766ecbc20b084c648b29b0bf3813b8c1ecf86cb,paper: complete JGT authorial rewrite,1201d4ecbc12da1152c110a18f57b9de49cbb191,paper/circulant-all-jump-rebuild-20260909;paper/circulant-finite-threshold-20260909;paper/circulant-periodic-gap-20260909;paper/jgt-authorial-rewrite;paper/period8-conclusion-correction;research/circulant-1s-extension;research/quadratic-gap-upgrade,https://github.com/whzy3185/math/commit/6766ecbc20b084c648b29b0bf3813b8c1ecf86cb
2026-09-05T04:29:48Z,2026-09-05T04:29:48Z,b8e971e2798b19fb1231829f9a88aaf80c08a7aa,research: freeze period-eight article and record 1s extension conjectures,6766ecbc20b084c648b29b0bf3813b8c1ecf86cb,paper/circulant-all-jump-rebuild-20260909;paper/circulant-finite-threshold-20260909;paper/circulant-periodic-gap-20260909;research/circulant-1s-extension;research/quadratic-gap-upgrade,https://github.com/whzy3185/math/commit/b8e971e2798b19fb1231829f9a88aaf80c08a7aa
2026-09-05T05:05:55Z,2026-09-05T05:05:55Z,29b63db32467e74f1b74e4f3a0f5a9db80987450,research: prove antipodal sub-eight families for every even jump,b8e971e2798b19fb1231829f9a88aaf80c08a7aa,paper/circulant-all-jump-rebuild-20260909;paper/circulant-finite-threshold-20260909;paper/circulant-periodic-gap-20260909;research/circulant-1s-extension;research/quadratic-gap-upgrade,https://github.com/whzy3185/math/commit/29b63db32467e74f1b74e4f3a0f5a9db80987450
2026-09-05T06:22:22Z,2026-09-05T06:22:22Z,29773c3d50dff19202b92f93a8d7a0c29353bc9e,research: derive polynomial gap bound and record limited literature audit,29b63db32467e74f1b74e4f3a0f5a9db80987450,paper/circulant-all-jump-rebuild-20260909;paper/circulant-finite-threshold-20260909;paper/circulant-periodic-gap-20260909;research/circulant-1s-extension;research/quadratic-gap-upgrade,https://github.com/whzy3185/math/commit/29773c3d50dff19202b92f93a8d7a0c29353bc9e
2026-09-05T06:31:06Z,2026-09-05T06:31:06Z,d81a188ba97403d653080e521f627578907b028f,docs: add GitHub research handoff and flag frozen conclusion inconsistency,29773c3d50dff19202b92f93a8d7a0c29353bc9e,paper/circulant-all-jump-rebuild-20260909;paper/circulant-finite-threshold-20260909;paper/circulant-periodic-gap-20260909;research/circulant-1s-extension;research/quadratic-gap-upgrade,https://github.com/whzy3185/math/commit/d81a188ba97403d653080e521f627578907b028f
2026-09-05T07:22:47Z,2026-09-05T07:22:47Z,2dc5b90d3ef86dc81a304379154d1063273a3c93,paper: correct bilingual finite-minimum conclusion,6766ecbc20b084c648b29b0bf3813b8c1ecf86cb,paper/period8-conclusion-correction,https://github.com/whzy3185/math/commit/2dc5b90d3ef86dc81a304379154d1063273a3c93
2026-09-05T07:35:12Z,2026-09-05T07:35:12Z,eae1218a689b5ececbfb905b7e5095dc32c9cf0f,docs: rebuild repository navigation and map evidence boundaries,d81a188ba97403d653080e521f627578907b028f,paper/circulant-all-jump-rebuild-20260909;paper/circulant-finite-threshold-20260909;paper/circulant-periodic-gap-20260909;research/circulant-1s-extension;research/quadratic-gap-upgrade,https://github.com/whzy3185/math/commit/eae1218a689b5ececbfb905b7e5095dc32c9cf0f
2026-09-05T07:35:39Z,2026-09-05T07:35:39Z,65ec34402f08bc1025077233a24c121b00f5703a,docs: normalize generated inventory line endings,eae1218a689b5ececbfb905b7e5095dc32c9cf0f,paper/circulant-all-jump-rebuild-20260909;paper/circulant-finite-threshold-20260909;paper/circulant-periodic-gap-20260909;research/circulant-1s-extension;research/quadratic-gap-upgrade,https://github.com/whzy3185/math/commit/65ec34402f08bc1025077233a24c121b00f5703a
2026-09-05T07:35:40Z,2026-09-05T07:35:40Z,d7f7ebea5ddae11c8280cb311305edf1b712b247,docs: add default-branch navigation to current research,fb4375f9588b558f162d7e3f6542c35b0056eea3,codex/math-zyc-workflow-20260914;lean-lonely-runner-ci;main;research/aml-production-consumption-stabilization;research/q1-discrete-full-push-20260906;research/remark3-explicit-classification-v2-20260908;research/remark3-leading-form-v3-20260908;research/remark3-polynomial-exponential-20260908;research/remark3-product-pde-20260908;skill/math-research-full-push-20260909,https://github.com/whzy3185/math/commit/d7f7ebea5ddae11c8280cb311305edf1b712b247
2026-09-06T07:56:59Z,2026-09-06T07:56:59Z,c63b2ea465ae31596ec12571d64890a5c3633c97,research: prove quadratic-order Bloch gap bound,65ec34402f08bc1025077233a24c121b00f5703a,paper/circulant-all-jump-rebuild-20260909;paper/circulant-finite-threshold-20260909;paper/circulant-periodic-gap-20260909;research/quadratic-gap-upgrade,https://github.com/whzy3185/math/commit/c63b2ea465ae31596ec12571d64890a5c3633c97
2026-09-06T07:57:19Z,2026-09-06T07:57:19Z,3881fb8f31ea38da904efa1abca50fae96be79d6,research: certify phase-zero conjecture counterexample,c63b2ea465ae31596ec12571d64890a5c3633c97,paper/circulant-all-jump-rebuild-20260909;paper/circulant-finite-threshold-20260909;paper/circulant-periodic-gap-20260909;research/quadratic-gap-upgrade,https://github.com/whzy3185/math/commit/3881fb8f31ea38da904efa1abca50fae96be79d6
2026-09-06T07:57:40Z,2026-09-06T07:57:40Z,ab758e6cca198e645460a56706f99633da684e43,research: add exact verifier for quadratic gap identities,3881fb8f31ea38da904efa1abca50fae96be79d6,paper/circulant-all-jump-rebuild-20260909;paper/circulant-finite-threshold-20260909;paper/circulant-periodic-gap-20260909;research/quadratic-gap-upgrade,https://github.com/whzy3185/math/commit/ab758e6cca198e645460a56706f99633da684e43
2026-09-06T07:58:17Z,2026-09-06T07:58:17Z,58b32d62836eda54f077c08bab3a636b58e46ee3,formal: add quadratic-gap core algebra lemmas,ab758e6cca198e645460a56706f99633da684e43,paper/circulant-all-jump-rebuild-20260909;paper/circulant-finite-threshold-20260909;paper/circulant-periodic-gap-20260909;research/quadratic-gap-upgrade,https://github.com/whzy3185/math/commit/58b32d62836eda54f077c08bab3a636b58e46ee3
2026-09-06T07:58:28Z,2026-09-06T07:58:28Z,e6162332f2c4b52d4d84da23f4aff465a4122914,formal: add quadratic-gap module entry point,58b32d62836eda54f077c08bab3a636b58e46ee3,paper/circulant-all-jump-rebuild-20260909;paper/circulant-finite-threshold-20260909;paper/circulant-periodic-gap-20260909;research/quadratic-gap-upgrade,https://github.com/whzy3185/math/commit/e6162332f2c4b52d4d84da23f4aff465a4122914
2026-09-06T07:58:42Z,2026-09-06T07:58:42Z,86fc17e6b4711286c1b73350263fb6c2dd921c00,research: add quadratic-gap workstream index,e6162332f2c4b52d4d84da23f4aff465a4122914,paper/circulant-all-jump-rebuild-20260909;paper/circulant-finite-threshold-20260909;paper/circulant-periodic-gap-20260909;research/quadratic-gap-upgrade,https://github.com/whzy3185/math/commit/86fc17e6b4711286c1b73350263fb6c2dd921c00
2026-09-06T07:59:03Z,2026-09-06T07:59:03Z,53d4b0d55c318db891ab0dbbacf7496124f5bf51,research: improve finite comparison threshold to linear scale,86fc17e6b4711286c1b73350263fb6c2dd921c00,paper/circulant-all-jump-rebuild-20260909;paper/circulant-finite-threshold-20260909;paper/circulant-periodic-gap-20260909;research/quadratic-gap-upgrade,https://github.com/whzy3185/math/commit/53d4b0d55c318db891ab0dbbacf7496124f5bf51
2026-09-06T08:00:24Z,2026-09-06T08:00:24Z,5123bfdd06c4cb056d7af3495bd3355f7fcc87b0,research: prove pi-squared endpoint asymptotic,53d4b0d55c318db891ab0dbbacf7496124f5bf51,paper/circulant-all-jump-rebuild-20260909;paper/circulant-finite-threshold-20260909;paper/circulant-periodic-gap-20260909;research/quadratic-gap-upgrade,https://github.com/whzy3185/math/commit/5123bfdd06c4cb056d7af3495bd3355f7fcc87b0
2026-09-06T08:00:47Z,2026-09-06T08:00:47Z,e1bde9c9184e4e48947b161123d22f21e505731d,research: point main index to quadratic-gap upgrade,5123bfdd06c4cb056d7af3495bd3355f7fcc87b0,paper/circulant-all-jump-rebuild-20260909;paper/circulant-finite-threshold-20260909;paper/circulant-periodic-gap-20260909;research/quadratic-gap-upgrade,https://github.com/whzy3185/math/commit/e1bde9c9184e4e48947b161123d22f21e505731d
2026-09-06T08:02:23Z,2026-09-06T08:02:23Z,5b38fdafd3b34b52b4a7d41a643b7267fb1b1110,research: update quadratic-gap index with endpoint asymptotic,e1bde9c9184e4e48947b161123d22f21e505731d,paper/circulant-all-jump-rebuild-20260909;paper/circulant-finite-threshold-20260909;paper/circulant-periodic-gap-20260909;research/quadratic-gap-upgrade,https://github.com/whzy3185/math/commit/5b38fdafd3b34b52b4a7d41a643b7267fb1b1110
2026-09-06T08:03:36Z,2026-09-06T08:03:36Z,6f3041b42e31744bbfe08075b70ad3ef40942057,paper: add quadratic-gap manuscript architecture,5b38fdafd3b34b52b4a7d41a643b7267fb1b1110,paper/circulant-all-jump-rebuild-20260909;paper/circulant-finite-threshold-20260909;paper/circulant-periodic-gap-20260909;research/quadratic-gap-upgrade,https://github.com/whzy3185/math/commit/6f3041b42e31744bbfe08075b70ad3ef40942057
2026-09-06T08:15:11Z,2026-09-06T08:15:11Z,f7c364afbeb096ada9b04dd372c447bcb4ac6cb8,research: prove sharp quadratic gap for odd jumps,6f3041b42e31744bbfe08075b70ad3ef40942057,paper/circulant-all-jump-rebuild-20260909;paper/circulant-finite-threshold-20260909;paper/circulant-periodic-gap-20260909;research/quadratic-gap-upgrade,https://github.com/whzy3185/math/commit/f7c364afbeb096ada9b04dd372c447bcb4ac6cb8
2026-09-06T08:15:32Z,2026-09-06T08:15:32Z,3d95c12c366ce03d8d9a0920642be35bfb8d4b5f,research: unify even and odd jump constructions,f7c364afbeb096ada9b04dd372c447bcb4ac6cb8,paper/circulant-all-jump-rebuild-20260909;paper/circulant-finite-threshold-20260909;paper/circulant-periodic-gap-20260909;research/quadratic-gap-upgrade,https://github.com/whzy3185/math/commit/3d95c12c366ce03d8d9a0920642be35bfb8d4b5f
2026-09-06T08:15:59Z,2026-09-06T08:15:59Z,2a7f3b5510ea40d15bd5c720f478bd2e1568df0c,research: add verifier for odd-jump sharp gap,3d95c12c366ce03d8d9a0920642be35bfb8d4b5f,paper/circulant-all-jump-rebuild-20260909;paper/circulant-finite-threshold-20260909;paper/circulant-periodic-gap-20260909;research/quadratic-gap-upgrade,https://github.com/whzy3185/math/commit/2a7f3b5510ea40d15bd5c720f478bd2e1568df0c
2026-09-06T08:16:32Z,2026-09-06T08:16:32Z,6c6d25b266f87e8331f827ab06aac0e82f7f3d0f,research: promote quadratic-gap workstream to all-s theorem,2a7f3b5510ea40d15bd5c720f478bd2e1568df0c,paper/circulant-all-jump-rebuild-20260909;paper/circulant-finite-threshold-20260909;paper/circulant-periodic-gap-20260909;research/quadratic-gap-upgrade,https://github.com/whzy3185/math/commit/6c6d25b266f87e8331f827ab06aac0e82f7f3d0f
2026-09-06T08:17:10Z,2026-09-06T08:17:10Z,08fb5dc356de4971063dece1f8548dabc1389ae7,formal: add odd-jump quadratic-distance core lemmas,6c6d25b266f87e8331f827ab06aac0e82f7f3d0f,paper/circulant-all-jump-rebuild-20260909;paper/circulant-finite-threshold-20260909;paper/circulant-periodic-gap-20260909;research/quadratic-gap-upgrade,https://github.com/whzy3185/math/commit/08fb5dc356de4971063dece1f8548dabc1389ae7
2026-09-06T08:17:14Z,2026-09-06T08:17:14Z,2e034d27184a04d273825b0762ac981b2ee7767a,formal: export odd-jump core lemmas,08fb5dc356de4971063dece1f8548dabc1389ae7,paper/circulant-all-jump-rebuild-20260909;paper/circulant-finite-threshold-20260909;paper/circulant-periodic-gap-20260909;research/quadratic-gap-upgrade,https://github.com/whzy3185/math/commit/2e034d27184a04d273825b0762ac981b2ee7767a
2026-09-06T08:17:37Z,2026-09-06T08:17:37Z,29b3fd9254fd969fac9ea3fc0163b0b3bf5b8115,ci: add Lean formalization workspace,d7f7ebea5ddae11c8280cb311305edf1b712b247,lean-lonely-runner-ci,https://github.com/whzy3185/math/commit/29b3fd9254fd969fac9ea3fc0163b0b3bf5b8115
2026-09-06T08:17:42Z,2026-09-06T08:17:42Z,f745718f140dd82c7afd401b0d628227f91eddd3,paper: reorganize architecture around all-s parity theorem,2e034d27184a04d273825b0762ac981b2ee7767a,paper/circulant-all-jump-rebuild-20260909;paper/circulant-finite-threshold-20260909;paper/circulant-periodic-gap-20260909;research/quadratic-gap-upgrade,https://github.com/whzy3185/math/commit/f745718f140dd82c7afd401b0d628227f91eddd3
2026-09-06T08:17:43Z,2026-09-06T08:17:43Z,e088b36a16a34917bc0f0d692dcc213ab033ca22,ci: add Lean build workflow,29b3fd9254fd969fac9ea3fc0163b0b3bf5b8115,lean-lonely-runner-ci,https://github.com/whzy3185/math/commit/e088b36a16a34917bc0f0d692dcc213ab033ca22
2026-09-06T08:17:47Z,2026-09-06T08:17:47Z,b391171a33fb153b60b2b7ae1530218d1d7c6c95,ci: add Lean toolchain,e088b36a16a34917bc0f0d692dcc213ab033ca22,lean-lonely-runner-ci,https://github.com/whzy3185/math/commit/b391171a33fb153b60b2b7ae1530218d1d7c6c95
2026-09-06T08:19:28Z,2026-09-06T08:19:28Z,af9e4dd459e2104cf0b2380d91cb110d8279abae,research: update main index to all-s jump theorem,f745718f140dd82c7afd401b0d628227f91eddd3,paper/circulant-all-jump-rebuild-20260909;paper/circulant-finite-threshold-20260909;paper/circulant-periodic-gap-20260909;research/quadratic-gap-upgrade,https://github.com/whzy3185/math/commit/af9e4dd459e2104cf0b2380d91cb110d8279abae
2026-09-06T08:20:58Z,2026-09-06T08:20:58Z,bdff1b65be51ef9914458ab6c17af2ed2e5bf1ff,research: add exact obstruction to naive odd-order extension,af9e4dd459e2104cf0b2380d91cb110d8279abae,paper/circulant-all-jump-rebuild-20260909;paper/circulant-finite-threshold-20260909;paper/circulant-periodic-gap-20260909;research/quadratic-gap-upgrade,https://github.com/whzy3185/math/commit/bdff1b65be51ef9914458ab6c17af2ed2e5bf1ff
2026-09-06T08:21:09Z,2026-09-06T08:21:09Z,7f3cd0182bb7c789539337c8d89606a6e3fee7e4,research: add exact verifier for odd-order one-defect obstruction,bdff1b65be51ef9914458ab6c17af2ed2e5bf1ff,paper/circulant-all-jump-rebuild-20260909;paper/circulant-finite-threshold-20260909;paper/circulant-periodic-gap-20260909;research/quadratic-gap-upgrade,https://github.com/whzy3185/math/commit/7f3cd0182bb7c789539337c8d89606a6e3fee7e4
2026-09-06T08:21:37Z,2026-09-06T08:21:37Z,063d44541ab96c170e52e74b8d05e2a026abd344,research: record odd-order obstruction in workstream index,7f3cd0182bb7c789539337c8d89606a6e3fee7e4,paper/circulant-all-jump-rebuild-20260909;paper/circulant-finite-threshold-20260909;paper/circulant-periodic-gap-20260909;research/quadratic-gap-upgrade,https://github.com/whzy3185/math/commit/063d44541ab96c170e52e74b8d05e2a026abd344
2026-09-06T08:22:54Z,2026-09-06T08:22:54Z,199270eb3d5f70ea1973028cea305f084a7038ae,ci: add Lean payload chunk 1,b391171a33fb153b60b2b7ae1530218d1d7c6c95,lean-lonely-runner-ci,https://github.com/whzy3185/math/commit/199270eb3d5f70ea1973028cea305f084a7038ae
2026-09-06T08:23:56Z,2026-09-06T08:23:56Z,b6dadc89480a0b6f93fc80660aeca699add8f8e5,ci: add Lean payload chunk 2,199270eb3d5f70ea1973028cea305f084a7038ae,lean-lonely-runner-ci,https://github.com/whzy3185/math/commit/b6dadc89480a0b6f93fc80660aeca699add8f8e5
2026-09-06T08:25:00Z,2026-09-06T08:25:00Z,6d0ccee4f6e82b8bdd636fdde03a37dcf4b0d8ef,ci: add Lean payload chunk 3,b6dadc89480a0b6f93fc80660aeca699add8f8e5,lean-lonely-runner-ci,https://github.com/whzy3185/math/commit/6d0ccee4f6e82b8bdd636fdde03a37dcf4b0d8ef
2026-09-06T08:26:01Z,2026-09-06T08:26:01Z,f15443027516fdeb30c9c1b47d1a1f03382427a3,ci: add Lean payload chunk 4,6d0ccee4f6e82b8bdd636fdde03a37dcf4b0d8ef,lean-lonely-runner-ci,https://github.com/whzy3185/math/commit/f15443027516fdeb30c9c1b47d1a1f03382427a3
2026-09-06T08:26:19Z,2026-09-06T08:26:19Z,968c2913ca6bc45817a59a1c320af5b99ea75d34,ci: add Lean payload chunk 5,f15443027516fdeb30c9c1b47d1a1f03382427a3,lean-lonely-runner-ci,https://github.com/whzy3185/math/commit/968c2913ca6bc45817a59a1c320af5b99ea75d34
2026-09-06T08:26:36Z,2026-09-06T08:26:36Z,19e1c88712c9d4c20810acc4841e5720e6925599,ci: reconstruct and really compile Lean v0.3,968c2913ca6bc45817a59a1c320af5b99ea75d34,lean-lonely-runner-ci,https://github.com/whzy3185/math/commit/19e1c88712c9d4c20810acc4841e5720e6925599
2026-09-06T08:27:02Z,2026-09-06T08:27:02Z,1c23bbb64a7dc69c6cae1311257809735f480af5,research: close even global pi2 asymptotic,063d44541ab96c170e52e74b8d05e2a026abd344,paper/circulant-all-jump-rebuild-20260909;paper/circulant-finite-threshold-20260909;paper/circulant-periodic-gap-20260909;research/quadratic-gap-upgrade,https://github.com/whzy3185/math/commit/1c23bbb64a7dc69c6cae1311257809735f480af5
2026-09-06T08:27:15Z,2026-09-06T08:27:15Z,0fa7a578ae4bae69bd5f9efbd62857763fbd8ca1,ci: run lake update before real Lean build,19e1c88712c9d4c20810acc4841e5720e6925599,lean-lonely-runner-ci,https://github.com/whzy3185/math/commit/0fa7a578ae4bae69bd5f9efbd62857763fbd8ca1
2026-09-06T08:28:21Z,2026-09-06T08:28:21Z,b00b837aa36402250ffa83de4509355c934fcc84,ci: install Lean directly and run real lake build,0fa7a578ae4bae69bd5f9efbd62857763fbd8ca1,lean-lonely-runner-ci,https://github.com/whzy3185/math/commit/b00b837aa36402250ffa83de4509355c934fcc84
2026-09-06T08:28:54Z,2026-09-06T08:28:54Z,40a4142f3410451896441b179aea37cf8196f02b,research: make global pi2 phase-localization lemma explicit,1c23bbb64a7dc69c6cae1311257809735f480af5,paper/circulant-all-jump-rebuild-20260909;paper/circulant-finite-threshold-20260909;paper/circulant-periodic-gap-20260909;research/quadratic-gap-upgrade,https://github.com/whzy3185/math/commit/40a4142f3410451896441b179aea37cf8196f02b
2026-09-06T08:29:12Z,2026-09-06T08:29:12Z,c6827f18f2d70c5b4ce567bead1d3b705df80312,ci: set pinned Lean as elan default,b00b837aa36402250ffa83de4509355c934fcc84,lean-lonely-runner-ci,https://github.com/whzy3185/math/commit/c6827f18f2d70c5b4ce567bead1d3b705df80312
2026-09-06T08:29:28Z,2026-09-06T08:29:28Z,6d48b849a1eff9e1385b3dfa4cf13cd26cc184e4,research: upgrade unified theorem to sharp all-s pi2 limit,40a4142f3410451896441b179aea37cf8196f02b,paper/circulant-all-jump-rebuild-20260909;paper/circulant-finite-threshold-20260909;paper/circulant-periodic-gap-20260909;research/quadratic-gap-upgrade,https://github.com/whzy3185/math/commit/6d48b849a1eff9e1385b3dfa4cf13cd26cc184e4
2026-09-06T08:29:50Z,2026-09-06T08:29:50Z,7216374d8b243bb97c06184210330060df10ed83,research: mark sharp all-s gap closed,6d48b849a1eff9e1385b3dfa4cf13cd26cc184e4,paper/circulant-all-jump-rebuild-20260909;paper/circulant-finite-threshold-20260909;paper/circulant-periodic-gap-20260909;research/quadratic-gap-upgrade,https://github.com/whzy3185/math/commit/7216374d8b243bb97c06184210330060df10ed83
2026-09-06T08:30:13Z,2026-09-06T08:30:13Z,81ed88a16f651852d1270f3b7f29d0ef1bb293a9,research: mark all-s sharp pi2 theorem complete,7216374d8b243bb97c06184210330060df10ed83,paper/circulant-all-jump-rebuild-20260909;paper/circulant-finite-threshold-20260909;paper/circulant-periodic-gap-20260909;research/quadratic-gap-upgrade,https://github.com/whzy3185/math/commit/81ed88a16f651852d1270f3b7f29d0ef1bb293a9
2026-09-06T08:30:52Z,2026-09-06T08:30:52Z,40459f96703bbbb05d62444277aebde072f7bb6c,paper: promote global all-s pi2 theorem to completed core result,81ed88a16f651852d1270f3b7f29d0ef1bb293a9,paper/circulant-all-jump-rebuild-20260909;paper/circulant-finite-threshold-20260909;paper/circulant-periodic-gap-20260909;research/quadratic-gap-upgrade,https://github.com/whzy3185/math/commit/40459f96703bbbb05d62444277aebde072f7bb6c
2026-09-06T08:31:14Z,2026-09-06T08:31:14Z,e96e2f3862b88609bc161dbd769dd4315e8f75c0,research: add second-order even phase-slip experiment,40459f96703bbbb05d62444277aebde072f7bb6c,paper/circulant-all-jump-rebuild-20260909;paper/circulant-finite-threshold-20260909;paper/circulant-periodic-gap-20260909;research/quadratic-gap-upgrade,https://github.com/whzy3185/math/commit/e96e2f3862b88609bc161dbd769dd4315e8f75c0
2026-09-06T08:33:26Z,2026-09-06T08:33:26Z,b1a871ec0b9f76a64d0d60cd58b61ee29fa5deb0,ci: add first Lean source patch,c6827f18f2d70c5b4ce567bead1d3b705df80312,lean-lonely-runner-ci,https://github.com/whzy3185/math/commit/b1a871ec0b9f76a64d0d60cd58b61ee29fa5deb0
2026-09-06T08:33:47Z,2026-09-06T08:33:47Z,206bdb8e3e8ee50a24bcdf2ec33b4afb0f85003f,ci: apply first Lean source fixes,b1a871ec0b9f76a64d0d60cd58b61ee29fa5deb0,lean-lonely-runner-ci,https://github.com/whzy3185/math/commit/206bdb8e3e8ee50a24bcdf2ec33b4afb0f85003f
2026-09-06T08:37:22Z,2026-09-06T08:37:22Z,d66b167ce71b99cd3d69a75a06fa76aaa3c97400,ci: add second Lean source patch,206bdb8e3e8ee50a24bcdf2ec33b4afb0f85003f,lean-lonely-runner-ci,https://github.com/whzy3185/math/commit/d66b167ce71b99cd3d69a75a06fa76aaa3c97400
2026-09-06T08:37:40Z,2026-09-06T08:37:40Z,1acd380da72942d3042122c4eea43c6f9fa3b6be,research: prove second-order even phase-slip asymptotic,e96e2f3862b88609bc161dbd769dd4315e8f75c0,paper/circulant-all-jump-rebuild-20260909;paper/circulant-finite-threshold-20260909;paper/circulant-periodic-gap-20260909;research/quadratic-gap-upgrade,https://github.com/whzy3185/math/commit/1acd380da72942d3042122c4eea43c6f9fa3b6be
2026-09-06T08:37:41Z,2026-09-06T08:37:41Z,1e078e9685f68ff4f7c3b36a2f2af07eb48d7853,ci: apply second Lean source fixes,d66b167ce71b99cd3d69a75a06fa76aaa3c97400,lean-lonely-runner-ci,https://github.com/whzy3185/math/commit/1e078e9685f68ff4f7c3b36a2f2af07eb48d7853
2026-09-06T08:38:18Z,2026-09-06T08:38:18Z,65f0344e8af889b882f85526da067aff0ddde3a3,research: add boundary-layer phase-slip regression,1acd380da72942d3042122c4eea43c6f9fa3b6be,paper/circulant-all-jump-rebuild-20260909;paper/circulant-finite-threshold-20260909;paper/circulant-periodic-gap-20260909;research/quadratic-gap-upgrade,https://github.com/whzy3185/math/commit/65f0344e8af889b882f85526da067aff0ddde3a3
2026-09-06T08:38:44Z,2026-09-06T08:38:44Z,91ee6b75b5f36eb1603aed6f6264d285c366d13f,research: isolate second-order phase boundary-layer lemma,65f0344e8af889b882f85526da067aff0ddde3a3,paper/circulant-all-jump-rebuild-20260909;paper/circulant-finite-threshold-20260909;paper/circulant-periodic-gap-20260909;research/quadratic-gap-upgrade,https://github.com/whzy3185/math/commit/91ee6b75b5f36eb1603aed6f6264d285c366d13f
2026-09-06T08:39:19Z,2026-09-06T08:39:19Z,56815e467de2c55aa3f3369f88c981415a0069bc,research: promote second-order even phase slip to theorem,91ee6b75b5f36eb1603aed6f6264d285c366d13f,paper/circulant-all-jump-rebuild-20260909;paper/circulant-finite-threshold-20260909;paper/circulant-periodic-gap-20260909;research/quadratic-gap-upgrade,https://github.com/whzy3185/math/commit/56815e467de2c55aa3f3369f88c981415a0069bc
2026-09-06T08:39:37Z,2026-09-06T08:39:37Z,2f3ce17af7184ba02cd8a214aaa9ce71c8d39ac0,research: update workstream with second-order phase-slip theorem,56815e467de2c55aa3f3369f88c981415a0069bc,paper/circulant-all-jump-rebuild-20260909;paper/circulant-finite-threshold-20260909;paper/circulant-periodic-gap-20260909;research/quadratic-gap-upgrade,https://github.com/whzy3185/math/commit/2f3ce17af7184ba02cd8a214aaa9ce71c8d39ac0
2026-09-06T08:40:07Z,2026-09-06T08:40:07Z,b7ce8f085d3858a699b91cd49a36861183427d54,paper: promote second-order phase slip into theorem hierarchy,2f3ce17af7184ba02cd8a214aaa9ce71c8d39ac0,paper/circulant-all-jump-rebuild-20260909;paper/circulant-finite-threshold-20260909;paper/circulant-periodic-gap-20260909;research/quadratic-gap-upgrade,https://github.com/whzy3185/math/commit/b7ce8f085d3858a699b91cd49a36861183427d54
2026-09-06T08:40:48Z,2026-09-06T08:40:48Z,832b49a1367d90f3cf359471bc253227e052b79d,ci: fix nonzero-support shape check,1e078e9685f68ff4f7c3b36a2f2af07eb48d7853,lean-lonely-runner-ci,https://github.com/whzy3185/math/commit/832b49a1367d90f3cf359471bc253227e052b79d
2026-09-06T08:41:14Z,2026-09-06T08:41:14Z,2c110e0b2af8b996eb6580a4077182dc5de907bd,ci: apply corrected nonzero support check,832b49a1367d90f3cf359471bc253227e052b79d,lean-lonely-runner-ci,https://github.com/whzy3185/math/commit/2c110e0b2af8b996eb6580a4077182dc5de907bd
2026-09-06T08:43:45Z,2026-09-06T08:43:45Z,eca2a8c5accc950563bc71f0a5cb6166b9442d0f,research: derive next phase-slip correction,b7ce8f085d3858a699b91cd49a36861183427d54,paper/circulant-all-jump-rebuild-20260909;paper/circulant-finite-threshold-20260909;paper/circulant-periodic-gap-20260909;research/quadratic-gap-upgrade,https://github.com/whzy3185/math/commit/eca2a8c5accc950563bc71f0a5cb6166b9442d0f
2026-09-06T08:44:13Z,2026-09-06T08:44:13Z,0cffcd343b65a9ed694c0c2dc7d7aaf30d49310e,research: add next-order phase-slip regression targets,eca2a8c5accc950563bc71f0a5cb6166b9442d0f,paper/circulant-all-jump-rebuild-20260909;paper/circulant-finite-threshold-20260909;paper/circulant-periodic-gap-20260909;research/quadratic-gap-upgrade,https://github.com/whzy3185/math/commit/0cffcd343b65a9ed694c0c2dc7d7aaf30d49310e
2026-09-06T08:44:28Z,2026-09-06T08:44:28Z,0cf44cafdf7e71026e685746dc507938c1c5210c,ci: raise kernel reduction limits for finite coefficient check,2c110e0b2af8b996eb6580a4077182dc5de907bd,lean-lonely-runner-ci,https://github.com/whzy3185/math/commit/0cf44cafdf7e71026e685746dc507938c1c5210c
2026-09-06T08:44:51Z,2026-09-06T08:44:51Z,6d9a3e9b95f2b1cb8a400f54df71bb8cb4f99681,ci: raise finite-check limits and cache Lean dependencies,0cf44cafdf7e71026e685746dc507938c1c5210c,lean-lonely-runner-ci,https://github.com/whzy3185/math/commit/6d9a3e9b95f2b1cb8a400f54df71bb8cb4f99681
2026-09-06T08:44:58Z,2026-09-06T08:44:58Z,e135b1e5a7ecd46a17c3cab2df4266ce2b003b11,formal: add phase-slip constant identities,0cffcd343b65a9ed694c0c2dc7d7aaf30d49310e,paper/circulant-all-jump-rebuild-20260909;paper/circulant-finite-threshold-20260909;paper/circulant-periodic-gap-20260909;research/quadratic-gap-upgrade,https://github.com/whzy3185/math/commit/e135b1e5a7ecd46a17c3cab2df4266ce2b003b11
2026-09-06T08:45:08Z,2026-09-06T08:45:08Z,9dd6325e4d204370c8cdaf594de338c47f2f9bb4,formal: import phase-slip constants,e135b1e5a7ecd46a17c3cab2df4266ce2b003b11,paper/circulant-all-jump-rebuild-20260909;paper/circulant-finite-threshold-20260909;paper/circulant-periodic-gap-20260909;research/quadratic-gap-upgrade,https://github.com/whzy3185/math/commit/9dd6325e4d204370c8cdaf594de338c47f2f9bb4
2026-09-06T08:45:45Z,2026-09-06T08:45:45Z,05699a8980ace0e5069f19873a4e29b158d5463b,research: update main entry with resolved phase-slip constants,9dd6325e4d204370c8cdaf594de338c47f2f9bb4,paper/circulant-all-jump-rebuild-20260909;paper/circulant-finite-threshold-20260909;paper/circulant-periodic-gap-20260909;research/quadratic-gap-upgrade,https://github.com/whzy3185/math/commit/05699a8980ace0e5069f19873a4e29b158d5463b
2026-09-06T08:54:32Z,2026-09-06T08:54:32Z,66b43fe088656a0940f2111efb217a2a8439f971,ci: patch Fourier orthogonality against mathlib 4.33.1,6d9a3e9b95f2b1cb8a400f54df71bb8cb4f99681,lean-lonely-runner-ci,https://github.com/whzy3185/math/commit/66b43fe088656a0940f2111efb217a2a8439f971
2026-09-06T08:55:46Z,2026-09-06T08:55:46Z,c1cd736bc016061431851d8395068e538be505f2,ci: apply Fourier orthogonality patch,66b43fe088656a0940f2111efb217a2a8439f971,lean-lonely-runner-ci,https://github.com/whzy3185/math/commit/c1cd736bc016061431851d8395068e538be505f2
2026-09-06T09:02:29Z,2026-09-06T09:02:29Z,f33d228731b6cbf71de822863fbd40480341e419,"research: add exhaustive exact C21(1,7) obstruction certificate",05699a8980ace0e5069f19873a4e29b158d5463b,paper/circulant-all-jump-rebuild-20260909;paper/circulant-finite-threshold-20260909;paper/circulant-periodic-gap-20260909;research/quadratic-gap-upgrade,https://github.com/whzy3185/math/commit/f33d228731b6cbf71de822863fbd40480341e419
2026-09-06T09:03:03Z,2026-09-06T09:03:03Z,dd9e29c82b4536ea79d937227568ca9909a93bcb,"research: prove exhaustive all-signing obstruction for C21(1,7)",f33d228731b6cbf71de822863fbd40480341e419,paper/circulant-all-jump-rebuild-20260909;paper/circulant-finite-threshold-20260909;paper/circulant-periodic-gap-20260909;research/quadratic-gap-upgrade,https://github.com/whzy3185/math/commit/dd9e29c82b4536ea79d937227568ca9909a93bcb
2026-09-06T09:04:14Z,2026-09-06T09:04:14Z,d1c54815b451243cf9a727f2b04b8aa17b809905,research: update workstream with higher-order phase slip and global C21 obstruction,dd9e29c82b4536ea79d937227568ca9909a93bcb,paper/circulant-all-jump-rebuild-20260909;paper/circulant-finite-threshold-20260909;paper/circulant-periodic-gap-20260909;research/quadratic-gap-upgrade,https://github.com/whzy3185/math/commit/d1c54815b451243cf9a727f2b04b8aa17b809905
2026-09-06T09:07:18Z,2026-09-06T09:07:18Z,f2e10eae83fbb56cc9764c0ec906a99cb9e74d3e,research: add seam-safe odd-order resonance explorer,d1c54815b451243cf9a727f2b04b8aa17b809905,paper/circulant-all-jump-rebuild-20260909;paper/circulant-finite-threshold-20260909;paper/circulant-periodic-gap-20260909;research/quadratic-gap-upgrade,https://github.com/whzy3185/math/commit/f2e10eae83fbb56cc9764c0ec906a99cb9e74d3e
2026-09-06T09:07:44Z,2026-09-06T09:07:44Z,651ac133a8a9b6fd2cdc27f544129a11774155b2,research: record seam-safe odd-order resonance map,f2e10eae83fbb56cc9764c0ec906a99cb9e74d3e,paper/circulant-all-jump-rebuild-20260909;paper/circulant-finite-threshold-20260909;paper/circulant-periodic-gap-20260909;research/quadratic-gap-upgrade,https://github.com/whzy3185/math/commit/651ac133a8a9b6fd2cdc27f544129a11774155b2
2026-09-06T09:10:29Z,2026-09-06T09:10:29Z,1cb1a760a606e4bcad66f1d1ea0210ff364c7a7e,research: add exact local obstruction for N=3s one-defect family,651ac133a8a9b6fd2cdc27f544129a11774155b2,paper/circulant-all-jump-rebuild-20260909;paper/circulant-finite-threshold-20260909;paper/circulant-periodic-gap-20260909;research/quadratic-gap-upgrade,https://github.com/whzy3185/math/commit/1cb1a760a606e4bcad66f1d1ea0210ff364c7a7e
2026-09-06T09:11:21Z,2026-09-06T09:11:21Z,aef5e2ced6153a33263f418b037d65009ce1c98a,research: prove uniform local obstruction for N=3s one-defect family,1cb1a760a606e4bcad66f1d1ea0210ff364c7a7e,paper/circulant-all-jump-rebuild-20260909;paper/circulant-finite-threshold-20260909;paper/circulant-periodic-gap-20260909;research/quadratic-gap-upgrade,https://github.com/whzy3185/math/commit/aef5e2ced6153a33263f418b037d65009ce1c98a
2026-09-06T09:14:33Z,2026-09-06T09:14:33Z,b5612f112ef64a34186118b5a3d870c96df89c92,ci: rewrite resonance extraction in Lean 4.33 syntax,c1cd736bc016061431851d8395068e538be505f2,lean-lonely-runner-ci,https://github.com/whzy3185/math/commit/b5612f112ef64a34186118b5a3d870c96df89c92
2026-09-06T09:14:56Z,2026-09-06T09:14:56Z,e2547c4389a912a4348188c3c833ab69daa16606,ci: apply resonance extraction rewrite,b5612f112ef64a34186118b5a3d870c96df89c92,lean-lonely-runner-ci,https://github.com/whzy3185/math/commit/e2547c4389a912a4348188c3c833ab69daa16606
2026-09-06T09:18:55Z,2026-09-06T09:18:55Z,605edf4d70dc7060f2a2b01911ce8da408560cc1,research: add exact nine-column triangle-strip rule,aef5e2ced6153a33263f418b037d65009ce1c98a,paper/circulant-all-jump-rebuild-20260909;paper/circulant-finite-threshold-20260909;paper/circulant-periodic-gap-20260909;research/quadratic-gap-upgrade,https://github.com/whzy3185/math/commit/605edf4d70dc7060f2a2b01911ce8da408560cc1
2026-09-06T09:19:16Z,2026-09-06T09:19:16Z,83bbaaec410c88410d6f3120a5c3ecc5f63d0707,"research: add exact pruned certificate for all C27(1,9) signings",605edf4d70dc7060f2a2b01911ce8da408560cc1,paper/circulant-all-jump-rebuild-20260909;paper/circulant-finite-threshold-20260909;paper/circulant-periodic-gap-20260909;research/quadratic-gap-upgrade,https://github.com/whzy3185/math/commit/83bbaaec410c88410d6f3120a5c3ecc5f63d0707
2026-09-06T09:20:28Z,2026-09-06T09:20:28Z,cafbef87c7cbd81fb319ae23ca3f7bb83af50237,"research: prove all-signing obstruction for C_(3s)(1,s), odd s>=7",83bbaaec410c88410d6f3120a5c3ecc5f63d0707,paper/circulant-all-jump-rebuild-20260909;paper/circulant-finite-threshold-20260909;paper/circulant-periodic-gap-20260909;research/quadratic-gap-upgrade,https://github.com/whzy3185/math/commit/cafbef87c7cbd81fb319ae23ca3f7bb83af50237
2026-09-06T09:21:47Z,2026-09-06T09:21:47Z,274a0a14bef03566bf5324da020c7a460f2df8f8,ci: make first relation shape kernel-decidable,e2547c4389a912a4348188c3c833ab69daa16606,lean-lonely-runner-ci,https://github.com/whzy3185/math/commit/274a0a14bef03566bf5324da020c7a460f2df8f8
2026-09-06T09:22:09Z,2026-09-06T09:22:09Z,a1ae095231927d0359b93e562a274d9858fab1aa,ci: apply decidable first-relation shape and cache project build,274a0a14bef03566bf5324da020c7a460f2df8f8,lean-lonely-runner-ci,https://github.com/whzy3185/math/commit/a1ae095231927d0359b93e562a274d9858fab1aa
2026-09-06T09:23:26Z,2026-09-06T09:23:26Z,3640dbf39a0852204cf0ff0db437ecd68092731e,research: add infinite N=3s all-signing obstruction to workstream,cafbef87c7cbd81fb319ae23ca3f7bb83af50237,paper/circulant-all-jump-rebuild-20260909;paper/circulant-finite-threshold-20260909;paper/circulant-periodic-gap-20260909;research/quadratic-gap-upgrade,https://github.com/whzy3185/math/commit/3640dbf39a0852204cf0ff0db437ecd68092731e
2026-09-06T09:24:00Z,2026-09-06T09:24:00Z,fd6999f491bde051321db762641662968e9fa205,paper: reorganize around Bloch theorem and N=3s arithmetic obstruction,3640dbf39a0852204cf0ff0db437ecd68092731e,paper/circulant-all-jump-rebuild-20260909;paper/circulant-finite-threshold-20260909;paper/circulant-periodic-gap-20260909;research/quadratic-gap-upgrade,https://github.com/whzy3185/math/commit/fd6999f491bde051321db762641662968e9fa205
2026-09-06T09:27:15Z,2026-09-06T09:27:15Z,cd64dc0d3f22c5bed87c4ed7da45412c350c2047,ci: separate Boolean and Prop first-relation shape checks,a1ae095231927d0359b93e562a274d9858fab1aa,lean-lonely-runner-ci,https://github.com/whzy3185/math/commit/cd64dc0d3f22c5bed87c4ed7da45412c350c2047
2026-09-06T09:27:39Z,2026-09-06T09:27:39Z,1071984af42745078871bb362e1eba3b6f38475c,ci: use Boolean shape checker and persistent build cache,cd64dc0d3f22c5bed87c4ed7da45412c350c2047,lean-lonely-runner-ci,https://github.com/whzy3185/math/commit/1071984af42745078871bb362e1eba3b6f38475c
2026-09-06T09:28:14Z,2026-09-06T09:28:14Z,751792aa3f890351d4c891a47fcda96377c42984,research: update literature boundary for all-s and N=3s results,fd6999f491bde051321db762641662968e9fa205,paper/circulant-all-jump-rebuild-20260909;paper/circulant-finite-threshold-20260909;paper/circulant-periodic-gap-20260909;research/quadratic-gap-upgrade,https://github.com/whzy3185/math/commit/751792aa3f890351d4c891a47fcda96377c42984
2026-09-06T09:28:51Z,2026-09-06T09:28:51Z,5a749e5ad79ce73800cd3c207f4f4438de3619fa,research: add current theorem and evidence index,751792aa3f890351d4c891a47fcda96377c42984,paper/circulant-all-jump-rebuild-20260909;paper/circulant-finite-threshold-20260909;paper/circulant-periodic-gap-20260909;research/quadratic-gap-upgrade,https://github.com/whzy3185/math/commit/5a749e5ad79ce73800cd3c207f4f4438de3619fa
2026-09-06T09:33:40Z,2026-09-06T09:33:40Z,ff065943fd6413825265d7981b4e36e81e85feb8,research: sharpen nine-column margin from 1/1038 to 1/70,5a749e5ad79ce73800cd3c207f4f4438de3619fa,paper/circulant-all-jump-rebuild-20260909;paper/circulant-finite-threshold-20260909;paper/circulant-periodic-gap-20260909;research/quadratic-gap-upgrade,https://github.com/whzy3185/math/commit/ff065943fd6413825265d7981b4e36e81e85feb8
2026-09-06T09:34:07Z,2026-09-06T09:34:07Z,dfd85bccc5f7d7a20253bdb2cd26b0b003ac6d7a,research: sharpen C27 all-signing certificate to 1/70,ff065943fd6413825265d7981b4e36e81e85feb8,paper/circulant-all-jump-rebuild-20260909;paper/circulant-finite-threshold-20260909;paper/circulant-periodic-gap-20260909;research/quadratic-gap-upgrade,https://github.com/whzy3185/math/commit/dfd85bccc5f7d7a20253bdb2cd26b0b003ac6d7a
2026-09-06T09:34:51Z,2026-09-06T09:34:51Z,e87b7cd915a6a9d5c833ad1cb665c2cf1c8994c1,research: sharpen N=3s all-signing bound to 8+1/70,dfd85bccc5f7d7a20253bdb2cd26b0b003ac6d7a,paper/circulant-all-jump-rebuild-20260909;paper/circulant-finite-threshold-20260909;paper/circulant-periodic-gap-20260909;research/quadratic-gap-upgrade,https://github.com/whzy3185/math/commit/e87b7cd915a6a9d5c833ad1cb665c2cf1c8994c1
2026-09-06T09:35:22Z,2026-09-06T09:35:22Z,2075fb09e4d988ecb93d5bbe428f04d1b82c8a95,research: sharpen finite-obstruction index to 1/70,e87b7cd915a6a9d5c833ad1cb665c2cf1c8994c1,paper/circulant-all-jump-rebuild-20260909;paper/circulant-finite-threshold-20260909;paper/circulant-periodic-gap-20260909;research/quadratic-gap-upgrade,https://github.com/whzy3185/math/commit/2075fb09e4d988ecb93d5bbe428f04d1b82c8a95
2026-09-06T09:35:53Z,2026-09-06T09:35:53Z,59a7dc8044ada910305dfda391a5382fd3b39006,research: sharpen N=3s workstream bound to 1/70,2075fb09e4d988ecb93d5bbe428f04d1b82c8a95,paper/circulant-all-jump-rebuild-20260909;paper/circulant-finite-threshold-20260909;paper/circulant-periodic-gap-20260909;research/quadratic-gap-upgrade,https://github.com/whzy3185/math/commit/59a7dc8044ada910305dfda391a5382fd3b39006
2026-09-06T09:36:21Z,2026-09-06T09:36:21Z,3eee81a7a021726f226dd9d9d9942addce692848,paper: sharpen arithmetic obstruction theorem to 1/70,59a7dc8044ada910305dfda391a5382fd3b39006,paper/circulant-all-jump-rebuild-20260909;paper/circulant-finite-threshold-20260909;paper/circulant-periodic-gap-20260909;research/quadratic-gap-upgrade,https://github.com/whzy3185/math/commit/3eee81a7a021726f226dd9d9d9942addce692848
2026-09-06T09:37:28Z,2026-09-06T09:37:28Z,93b7e1b5b5de84d7dcaf7898c024bd4110545bc2,ci: reuse first coefficient audit for relation shape,1071984af42745078871bb362e1eba3b6f38475c,lean-lonely-runner-ci,https://github.com/whzy3185/math/commit/93b7e1b5b5de84d7dcaf7898c024bd4110545bc2
2026-09-06T09:37:51Z,2026-09-06T09:37:51Z,ea213eb78a1a21f3cb160f8b906290930d1c09de,ci: extract first relation shape from existing coefficient audit,93b7e1b5b5de84d7dcaf7898c024bd4110545bc2,lean-lonely-runner-ci,https://github.com/whzy3185/math/commit/ea213eb78a1a21f3cb160f8b906290930d1c09de
2026-09-06T09:38:42Z,2026-09-06T09:38:42Z,c8aea5d70927f43a16db185e3f0d16d11d962d2f,research: document exact pruned C27 all-signing proof,3eee81a7a021726f226dd9d9d9942addce692848,paper/circulant-all-jump-rebuild-20260909;paper/circulant-finite-threshold-20260909;paper/circulant-periodic-gap-20260909;research/quadratic-gap-upgrade,https://github.com/whzy3185/math/commit/c8aea5d70927f43a16db185e3f0d16d11d962d2f
2026-09-06T09:39:12Z,2026-09-06T09:39:12Z,d635323c6ed6f1c8ab8c98f87fd914bf83c862ec,research: promote N=3s all-signing obstruction to main entry,c8aea5d70927f43a16db185e3f0d16d11d962d2f,paper/circulant-all-jump-rebuild-20260909;paper/circulant-finite-threshold-20260909;paper/circulant-periodic-gap-20260909;research/quadratic-gap-upgrade,https://github.com/whzy3185/math/commit/d635323c6ed6f1c8ab8c98f87fd914bf83c862ec
2026-09-06T09:39:14Z,2026-09-06T09:39:14Z,f2ed97efa2678428318cbe2c68c9c8107cea62d8,ci: cancel stale Lean runs and keep latest only,ea213eb78a1a21f3cb160f8b906290930d1c09de,lean-lonely-runner-ci,https://github.com/whzy3185/math/commit/f2ed97efa2678428318cbe2c68c9c8107cea62d8
2026-09-06T09:44:36Z,2026-09-06T09:44:36Z,9dcff8989ad5a8525cb66a072295112841848fc0,ci: make support bounds structural instead of enumerated,f2ed97efa2678428318cbe2c68c9c8107cea62d8,lean-lonely-runner-ci,https://github.com/whzy3185/math/commit/9dcff8989ad5a8525cb66a072295112841848fc0
2026-09-06T09:44:56Z,2026-09-06T09:44:56Z,9f3aa02b606cc4c32150cc37587cac3611fce04a,ci: use structural support-bound proof,9dcff8989ad5a8525cb66a072295112841848fc0,lean-lonely-runner-ci,https://github.com/whzy3185/math/commit/9f3aa02b606cc4c32150cc37587cac3611fce04a
2026-09-06T09:56:34Z,2026-09-06T09:56:34Z,37a81628af025a3fad66f3e421b2125c5c5d2ff9,ci: rewrite FirstLaurent with computable sparse convolution,9f3aa02b606cc4c32150cc37587cac3611fce04a,lean-lonely-runner-ci,https://github.com/whzy3185/math/commit/37a81628af025a3fad66f3e421b2125c5c5d2ff9
2026-09-06T09:56:57Z,2026-09-06T09:56:57Z,2bb2dcb3b3204ad6044b5105e8cc6002891d9889,ci: compile sparse-convolution FirstLaurent,37a81628af025a3fad66f3e421b2125c5c5d2ff9,lean-lonely-runner-ci,https://github.com/whzy3185/math/commit/2bb2dcb3b3204ad6044b5105e8cc6002891d9889
2026-09-06T10:47:27Z,2026-09-06T10:47:27Z,ca2561d7fe88ffe7e7da8cab977540bb7f1dbab2,ci: replace FirstLaurent with list-based sparse normalizer,2bb2dcb3b3204ad6044b5105e8cc6002891d9889,lean-lonely-runner-ci,https://github.com/whzy3185/math/commit/ca2561d7fe88ffe7e7da8cab977540bb7f1dbab2
2026-09-06T10:47:47Z,2026-09-06T10:47:47Z,2d96b8909e664f396d7b9ea939de2adc4486382a,ci: run list-based FirstLaurent rewrite,ca2561d7fe88ffe7e7da8cab977540bb7f1dbab2,lean-lonely-runner-ci,https://github.com/whzy3185/math/commit/2d96b8909e664f396d7b9ea939de2adc4486382a
2026-09-06T11:00:16Z,2026-09-06T11:00:16Z,79c4320ab1f3ee80be7fe1896aec1911747009cd,ci: split expensive Laurent data from evaluation proofs,2d96b8909e664f396d7b9ea939de2adc4486382a,lean-lonely-runner-ci,https://github.com/whzy3185/math/commit/79c4320ab1f3ee80be7fe1896aec1911747009cd
2026-09-06T11:00:42Z,2026-09-06T11:00:42Z,4b0fa100df10621749fb88bf3e4fd35d731449a3,ci: split and cache Laurent coefficient certificate,79c4320ab1f3ee80be7fe1896aec1911747009cd,lean-lonely-runner-ci,https://github.com/whzy3185/math/commit/4b0fa100df10621749fb88bf3e4fd35d731449a3
2026-09-06T11:17:05Z,2026-09-06T11:17:05Z,17eff5155221b28af2d33e52d628f23f45e6fbec,ci: fix local FirstLaurent evaluation proofs,4b0fa100df10621749fb88bf3e4fd35d731449a3,lean-lonely-runner-ci,https://github.com/whzy3185/math/commit/17eff5155221b28af2d33e52d628f23f45e6fbec
2026-09-06T11:17:32Z,2026-09-06T11:17:32Z,0a5d14d29fdbc7bbe37e1ee9aa4e4946d5298638,ci: apply local Laurent evaluation fixes,17eff5155221b28af2d33e52d628f23f45e6fbec,lean-lonely-runner-ci,https://github.com/whzy3185/math/commit/0a5d14d29fdbc7bbe37e1ee9aa4e4946d5298638
2026-09-06T11:22:47Z,2026-09-06T11:22:47Z,7fbab33535cab56b71c4a9e875c63b4b70c70f64,ci: make real-to-complex cosine casts explicit,0a5d14d29fdbc7bbe37e1ee9aa4e4946d5298638,lean-lonely-runner-ci,https://github.com/whzy3185/math/commit/7fbab33535cab56b71c4a9e875c63b4b70c70f64
2026-09-06T11:23:10Z,2026-09-06T11:23:10Z,fe8fa0cf4cf32be0500d485f0a2d7fcd7a96e773,ci: apply explicit Complex.ofReal cast proof,7fbab33535cab56b71c4a9e875c63b4b70c70f64,lean-lonely-runner-ci,https://github.com/whzy3185/math/commit/fe8fa0cf4cf32be0500d485f0a2d7fcd7a96e773
2026-09-06T11:26:11Z,2026-09-06T11:26:11Z,b153471563b081fc6dee083d314cd06f7f93db63,ci: use deterministic ofReal rewrites for cosine evaluation,fe8fa0cf4cf32be0500d485f0a2d7fcd7a96e773,lean-lonely-runner-ci,https://github.com/whzy3185/math/commit/b153471563b081fc6dee083d314cd06f7f93db63
2026-09-06T11:27:21Z,2026-09-06T11:27:21Z,4c1a1b17238407ea429ec2ef48648af67dba13bc,ci: apply deterministic cosine cast rewrites,b153471563b081fc6dee083d314cd06f7f93db63,lean-lonely-runner-ci,https://github.com/whzy3185/math/commit/4c1a1b17238407ea429ec2ef48648af67dba13bc
2026-09-06T11:29:26Z,2026-09-06T11:29:26Z,9ceab081fb8cdc30f90d761198d70b89eb7e440e,ci: simplify final real-to-complex arithmetic casts,4c1a1b17238407ea429ec2ef48648af67dba13bc,lean-lonely-runner-ci,https://github.com/whzy3185/math/commit/9ceab081fb8cdc30f90d761198d70b89eb7e440e
2026-09-06T11:29:46Z,2026-09-06T11:29:46Z,3726287a6a6040ad5e2f7dd18f5f4b113f222cd5,ci: apply minimal real-to-complex cast fixes,9ceab081fb8cdc30f90d761198d70b89eb7e440e,lean-lonely-runner-ci,https://github.com/whzy3185/math/commit/3726287a6a6040ad5e2f7dd18f5f4b113f222cd5
2026-09-06T11:32:32Z,2026-09-06T11:32:32Z,b44c91382a4c654c8aa4440bb92bb4030de4e27a,ci: normalize Euler identity before complex cast arithmetic,3726287a6a6040ad5e2f7dd18f5f4b113f222cd5,lean-lonely-runner-ci,https://github.com/whzy3185/math/commit/b44c91382a4c654c8aa4440bb92bb4030de4e27a
2026-09-06T11:32:51Z,2026-09-06T11:32:51Z,f9b6e011e951047588f29b5d6229d73ec6a85e0e,ci: apply normalized Euler identity,b44c91382a4c654c8aa4440bb92bb4030de4e27a,lean-lonely-runner-ci,https://github.com/whzy3185/math/commit/f9b6e011e951047588f29b5d6229d73ec6a85e0e
2026-09-06T12:16:36Z,2026-09-06T12:16:36Z,6c569d6e864ba60940b5f686e33f267ddd8e5a3f,ci: normalize remaining real-complex casts,f9b6e011e951047588f29b5d6229d73ec6a85e0e,lean-lonely-runner-ci,https://github.com/whzy3185/math/commit/6c569d6e864ba60940b5f686e33f267ddd8e5a3f
2026-09-06T12:16:59Z,2026-09-06T12:16:59Z,b2d9890765c0f40d348bd5c25379c32b87b55b5e,ci: run final cast normalization build,6c569d6e864ba60940b5f686e33f267ddd8e5a3f,lean-lonely-runner-ci,https://github.com/whzy3185/math/commit/b2d9890765c0f40d348bd5c25379c32b87b55b5e
2026-09-06T12:17:54Z,2026-09-06T12:17:54Z,a9258e8af5c45837596d91c75d3e51417f3e2da7,ci: fix stable FirstLaurent patch boundary,b2d9890765c0f40d348bd5c25379c32b87b55b5e,lean-lonely-runner-ci,https://github.com/whzy3185/math/commit/a9258e8af5c45837596d91c75d3e51417f3e2da7
2026-09-06T12:20:55Z,2026-09-06T12:20:55Z,76c3cb6ca3b9f96aa1eb9ef33eb6e96e6b1dd9e7,ci: use norm_cast for real-complex evaluation identities,a9258e8af5c45837596d91c75d3e51417f3e2da7,lean-lonely-runner-ci,https://github.com/whzy3185/math/commit/76c3cb6ca3b9f96aa1eb9ef33eb6e96e6b1dd9e7
2026-09-06T12:21:25Z,2026-09-06T12:21:25Z,4bb04c1e5c8f38b6555b71ea66cab15b6111a976,ci: run norm_cast evaluation build,76c3cb6ca3b9f96aa1eb9ef33eb6e96e6b1dd9e7,lean-lonely-runner-ci,https://github.com/whzy3185/math/commit/4bb04c1e5c8f38b6555b71ea66cab15b6111a976
2026-09-06T12:23:32Z,2026-09-06T12:23:32Z,c8ec8e66ad0af4a80783f90899901a141b72bdd8,prove p=17 Case 2 r=6 by independent deletion certificate,d7f7ebea5ddae11c8280cb311305edf1b712b247,codex/math-zyc-workflow-20260914;research/aml-production-consumption-stabilization;research/q1-discrete-full-push-20260906;skill/math-research-full-push-20260909,https://github.com/whzy3185/math/commit/c8ec8e66ad0af4a80783f90899901a141b72bdd8
2026-09-06T12:23:37Z,2026-09-06T12:23:37Z,212d75f851b43af2a98eb81bd4bae15e827cefb7,ci: close complex cosine cast bridge,4bb04c1e5c8f38b6555b71ea66cab15b6111a976,lean-lonely-runner-ci,https://github.com/whzy3185/math/commit/212d75f851b43af2a98eb81bd4bae15e827cefb7
2026-09-06T12:24:15Z,2026-09-06T12:24:15Z,7d19288ec21e9990f25264e46cfcfc1b920f8abc,ci: run explicit ofReal cosine bridge,212d75f851b43af2a98eb81bd4bae15e827cefb7,lean-lonely-runner-ci,https://github.com/whzy3185/math/commit/7d19288ec21e9990f25264e46cfcfc1b920f8abc
2026-09-06T12:28:47Z,2026-09-06T12:28:47Z,b3204b12e43361fb4e9b88629caffbf014df40ed,ci: make real-complex casts explicit ring equalities,7d19288ec21e9990f25264e46cfcfc1b920f8abc,lean-lonely-runner-ci,https://github.com/whzy3185/math/commit/b3204b12e43361fb4e9b88629caffbf014df40ed
2026-09-06T12:29:19Z,2026-09-06T12:29:19Z,9a3e515018364498d34b467e657effda91832a6c,ci: run explicit cast ring equality build,b3204b12e43361fb4e9b88629caffbf014df40ed,lean-lonely-runner-ci,https://github.com/whzy3185/math/commit/9a3e515018364498d34b467e657effda91832a6c
2026-09-06T12:33:48Z,2026-09-06T12:33:48Z,173c71c2d4466f77d1249d3189ec1843b6c2269b,ci: prevent trig rewriting before Laurent evaluation calc,9a3e515018364498d34b467e657effda91832a6c,lean-lonely-runner-ci,https://github.com/whzy3185/math/commit/173c71c2d4466f77d1249d3189ec1843b6c2269b
2026-09-06T12:34:24Z,2026-09-06T12:34:24Z,9f15e572bb87a8532090205dcd6c7c2e0e174010,ci: run trig-preserving evaluation build,173c71c2d4466f77d1249d3189ec1843b6c2269b,lean-lonely-runner-ci,https://github.com/whzy3185/math/commit/9f15e572bb87a8532090205dcd6c7c2e0e174010
2026-09-06T12:39:11Z,2026-09-06T12:39:11Z,96e91f8a83d51988b294e6a68f65384cc303f9f5,ci: rewrite final certificate closure for Lean 4.33 interval API,9f15e572bb87a8532090205dcd6c7c2e0e174010,lean-lonely-runner-ci,https://github.com/whzy3185/math/commit/96e91f8a83d51988b294e6a68f65384cc303f9f5
2026-09-06T12:39:47Z,2026-09-06T12:39:47Z,24f25335e0d0300ff2b2b11b0039018560ee1337,ci: run final first-certificate closure build,96e91f8a83d51988b294e6a68f65384cc303f9f5,lean-lonely-runner-ci,https://github.com/whzy3185/math/commit/24f25335e0d0300ff2b2b11b0039018560ee1337
2026-09-06T12:42:26Z,2026-09-06T12:42:26Z,b43df02d992feb3a4fbbc1a09d9f8bd3db4ca174,ci: simplify empty Fourier list integral base case,24f25335e0d0300ff2b2b11b0039018560ee1337,lean-lonely-runner-ci,https://github.com/whzy3185/math/commit/b43df02d992feb3a4fbbc1a09d9f8bd3db4ca174
2026-09-06T12:43:00Z,2026-09-06T12:43:00Z,78f7f78dbf576d6f8eddce421edb1025534d7f86,ci: rerun closure after nil-base fix,b43df02d992feb3a4fbbc1a09d9f8bd3db4ca174,lean-lonely-runner-ci,https://github.com/whzy3185/math/commit/78f7f78dbf576d6f8eddce421edb1025534d7f86
2026-09-06T12:51:45Z,2026-09-06T12:51:45Z,9e9f93b4d17575004f352a1178174aaf06125c68,close transitivity clique and Case 1 for p=17,c8ec8e66ad0af4a80783f90899901a141b72bdd8,codex/math-zyc-workflow-20260914;research/aml-production-consumption-stabilization;research/q1-discrete-full-push-20260906;skill/math-research-full-push-20260909,https://github.com/whzy3185/math/commit/9e9f93b4d17575004f352a1178174aaf06125c68
2026-09-06T12:55:00Z,2026-09-06T12:55:00Z,97022f0afb279fe8cedc2ccfe050aeb095ec33c8,formalize second certificate analytic negativity,78f7f78dbf576d6f8eddce421edb1025534d7f86,lean-lonely-runner-ci,https://github.com/whzy3185/math/commit/97022f0afb279fe8cedc2ccfe050aeb095ec33c8
2026-09-06T12:55:23Z,2026-09-06T12:55:23Z,9c25cc597189f3b873d2189cdddc8760e7491659,ci: compile second certificate analytic layer,97022f0afb279fe8cedc2ccfe050aeb095ec33c8,lean-lonely-runner-ci,https://github.com/whzy3185/math/commit/9c25cc597189f3b873d2189cdddc8760e7491659
2026-09-06T12:58:40Z,2026-09-06T12:58:40Z,18fc33d65920f3a0cd011bdf95fd1f18cbcb097d,fix second analytic product proof and computability,9c25cc597189f3b873d2189cdddc8760e7491659,lean-lonely-runner-ci,https://github.com/whzy3185/math/commit/18fc33d65920f3a0cd011bdf95fd1f18cbcb097d
2026-09-06T12:59:05Z,2026-09-06T12:59:05Z,c2452d0ae834f5ba73502770cf97f9a9b10e70bd,ci: rerun second analytic layer after fixes,18fc33d65920f3a0cd011bdf95fd1f18cbcb097d,lean-lonely-runner-ci,https://github.com/whzy3185/math/commit/c2452d0ae834f5ba73502770cf97f9a9b10e70bd
2026-09-06T13:03:30Z,2026-09-06T13:03:30Z,88a9fb137b91f052b5580cacbc68888bb59a664c,formalize second certificate coefficient bracket positivity,c2452d0ae834f5ba73502770cf97f9a9b10e70bd,lean-lonely-runner-ci,https://github.com/whzy3185/math/commit/88a9fb137b91f052b5580cacbc68888bb59a664c
2026-09-06T13:05:05Z,2026-09-06T13:05:05Z,402fc62722f2b4dfedcd03f3bc88356d373224f7,ci: compile second coefficient bracket positivity,88a9fb137b91f052b5580cacbc68888bb59a664c,lean-lonely-runner-ci,https://github.com/whzy3185/math/commit/402fc62722f2b4dfedcd03f3bc88356d373224f7
2026-09-06T13:07:47Z,2026-09-06T13:07:47Z,bfb05f1d0b2b9a26750a898c9bd7ab38bfc8bb77,fix second coefficient finite reductions,402fc62722f2b4dfedcd03f3bc88356d373224f7,lean-lonely-runner-ci,https://github.com/whzy3185/math/commit/bfb05f1d0b2b9a26750a898c9bd7ab38bfc8bb77
2026-09-06T13:08:16Z,2026-09-06T13:08:16Z,c2aa0d12425ffbf38f4059c45273aba08b6faac0,ci: rerun second coefficient reductions,bfb05f1d0b2b9a26750a898c9bd7ab38bfc8bb77,lean-lonely-runner-ci,https://github.com/whzy3185/math/commit/c2aa0d12425ffbf38f4059c45273aba08b6faac0
2026-09-06T13:10:51Z,2026-09-06T13:10:51Z,31582908aed19fe779be396a134c04df2737149c,use kernel decide for closed binomial cases,c2aa0d12425ffbf38f4059c45273aba08b6faac0,lean-lonely-runner-ci,https://github.com/whzy3185/math/commit/31582908aed19fe779be396a134c04df2737149c
2026-09-06T13:11:25Z,2026-09-06T13:11:25Z,a5dd41b4734a14fc43213d0d9d18eed32a6a6bcc,ci: rerun kernel binomial coefficient checks,31582908aed19fe779be396a134c04df2737149c,lean-lonely-runner-ci,https://github.com/whzy3185/math/commit/a5dd41b4734a14fc43213d0d9d18eed32a6a6bcc
2026-09-06T13:15:27Z,2026-09-06T13:15:27Z,ca007d0ac640bd6f660bf97c0944d0d2421e67e4,formalize second coefficient parity signs,a5dd41b4734a14fc43213d0d9d18eed32a6a6bcc,lean-lonely-runner-ci,https://github.com/whzy3185/math/commit/ca007d0ac640bd6f660bf97c0944d0d2421e67e4
2026-09-06T13:16:03Z,2026-09-06T13:16:03Z,57c7e11327a252bd80b0e30c153bc2d436b926b7,ci: compile second coefficient parity bridge,ca007d0ac640bd6f660bf97c0944d0d2421e67e4,lean-lonely-runner-ci,https://github.com/whzy3185/math/commit/57c7e11327a252bd80b0e30c153bc2d436b926b7
2026-09-06T13:19:44Z,2026-09-06T13:19:44Z,db682bd188debbad47bee8718a8fba5e443c89b9,formalize one-dimensional second Fourier expansions,57c7e11327a252bd80b0e30c153bc2d436b926b7,lean-lonely-runner-ci,https://github.com/whzy3185/math/commit/db682bd188debbad47bee8718a8fba5e443c89b9
2026-09-06T13:20:22Z,2026-09-06T13:20:22Z,29fa62f117eca8fce2f503581533de22dac7a95e,ci: compile one-dimensional second expansions,db682bd188debbad47bee8718a8fba5e443c89b9,lean-lonely-runner-ci,https://github.com/whzy3185/math/commit/29fa62f117eca8fce2f503581533de22dac7a95e
2026-09-07T03:27:13Z,2026-09-07T03:27:13Z,78a8339a15a6e8ad5f39f460ab46e624dcc97a79,research: certify short N=3s threshold cases,d635323c6ed6f1c8ab8c98f87fd914bf83c862ec,paper/circulant-all-jump-rebuild-20260909;paper/circulant-finite-threshold-20260909;paper/circulant-periodic-gap-20260909;research/quadratic-gap-upgrade,https://github.com/whzy3185/math/commit/78a8339a15a6e8ad5f39f460ab46e624dcc97a79
2026-09-07T03:27:40Z,2026-09-07T03:27:40Z,c986c03888129c30921e174993fbc3ee52bb86b6,research: complete threshold classification on N=3s,78a8339a15a6e8ad5f39f460ab46e624dcc97a79,paper/circulant-all-jump-rebuild-20260909;paper/circulant-finite-threshold-20260909;paper/circulant-periodic-gap-20260909;research/quadratic-gap-upgrade,https://github.com/whzy3185/math/commit/c986c03888129c30921e174993fbc3ee52bb86b6
2026-09-07T03:28:37Z,2026-09-07T03:28:37Z,9240e6f0fbc9c78f8ca82258b4bf30c669881719,research: assemble final all-s and resonance theorem package,c986c03888129c30921e174993fbc3ee52bb86b6,paper/circulant-all-jump-rebuild-20260909;paper/circulant-finite-threshold-20260909;paper/circulant-periodic-gap-20260909;research/quadratic-gap-upgrade,https://github.com/whzy3185/math/commit/9240e6f0fbc9c78f8ca82258b4bf30c669881719
2026-09-07T03:29:08Z,2026-09-07T03:29:08Z,c93a6d247d2056f80744f031c9b2c4d7c89f351d,research: promote final theorem and resonance threshold classification,9240e6f0fbc9c78f8ca82258b4bf30c669881719,paper/circulant-all-jump-rebuild-20260909;paper/circulant-finite-threshold-20260909;paper/circulant-periodic-gap-20260909;research/quadratic-gap-upgrade,https://github.com/whzy3185/math/commit/c93a6d247d2056f80744f031c9b2c4d7c89f351d
2026-09-07T03:29:37Z,2026-09-07T03:29:37Z,12329582b7b57060f18a37b8a8479970539057d5,research: update evidence index with final N=3s classification,c93a6d247d2056f80744f031c9b2c4d7c89f351d,paper/circulant-all-jump-rebuild-20260909;paper/circulant-finite-threshold-20260909;paper/circulant-periodic-gap-20260909;research/quadratic-gap-upgrade,https://github.com/whzy3185/math/commit/12329582b7b57060f18a37b8a8479970539057d5
2026-09-07T03:30:06Z,2026-09-07T03:30:06Z,acbbf4e26c6dc91c82184d6ffa6cb49bc67200b9,research: refresh literature boundary for final theorem package,12329582b7b57060f18a37b8a8479970539057d5,paper/circulant-all-jump-rebuild-20260909;paper/circulant-finite-threshold-20260909;paper/circulant-periodic-gap-20260909;research/quadratic-gap-upgrade,https://github.com/whzy3185/math/commit/acbbf4e26c6dc91c82184d6ffa6cb49bc67200b9
2026-09-07T03:30:37Z,2026-09-07T03:30:37Z,b31beb248f8fe8461f6194188ccc692ad121f2a8,research: point root index to final theorem package,acbbf4e26c6dc91c82184d6ffa6cb49bc67200b9,paper/circulant-all-jump-rebuild-20260909;paper/circulant-finite-threshold-20260909;paper/circulant-periodic-gap-20260909;research/quadratic-gap-upgrade,https://github.com/whzy3185/math/commit/b31beb248f8fe8461f6194188ccc692ad121f2a8
2026-09-07T03:31:14Z,2026-09-07T03:31:14Z,b3edd3818248b0fd4d6d3077a3a6804e8849318b,paper: recast architecture around final theorem package,b31beb248f8fe8461f6194188ccc692ad121f2a8,paper/circulant-all-jump-rebuild-20260909;paper/circulant-finite-threshold-20260909;paper/circulant-periodic-gap-20260909;research/quadratic-gap-upgrade,https://github.com/whzy3185/math/commit/b3edd3818248b0fd4d6d3077a3a6804e8849318b
2026-09-07T05:45:02Z,2026-09-07T05:45:02Z,198ce32adc7b609ea8eaff9c3a67e55724f4d564,research: add Clifford Cartesian product signing theorem,b3edd3818248b0fd4d6d3077a3a6804e8849318b,paper/circulant-all-jump-rebuild-20260909;paper/circulant-finite-threshold-20260909;paper/circulant-periodic-gap-20260909;research/quadratic-gap-upgrade,https://github.com/whzy3185/math/commit/198ce32adc7b609ea8eaff9c3a67e55724f4d564
2026-09-07T05:45:27Z,2026-09-07T05:45:27Z,37cb7ed3daee0ed676e62bbdd3513da0d31f16ee,research: derive torus hypercube Hadamard product corollaries,198ce32adc7b609ea8eaff9c3a67e55724f4d564,paper/circulant-all-jump-rebuild-20260909;paper/circulant-finite-threshold-20260909;paper/circulant-periodic-gap-20260909;research/quadratic-gap-upgrade,https://github.com/whzy3185/math/commit/37cb7ed3daee0ed676e62bbdd3513da0d31f16ee
2026-09-07T05:45:42Z,2026-09-07T05:45:42Z,309e4c6e2fafc8c7f0ec053e59f9c033bd24a150,"research: transfer C_N(1,s) theorems to unit-generated circulants",37cb7ed3daee0ed676e62bbdd3513da0d31f16ee,paper/circulant-all-jump-rebuild-20260909;paper/circulant-finite-threshold-20260909;paper/circulant-periodic-gap-20260909;research/quadratic-gap-upgrade,https://github.com/whzy3185/math/commit/309e4c6e2fafc8c7f0ec053e59f9c033bd24a150
2026-09-07T05:45:59Z,2026-09-07T05:45:59Z,a2a2f7a8474f20822b73b488cc2804ddf94a44de,research: add lattice quotient model for general two-generator circulants,309e4c6e2fafc8c7f0ec053e59f9c033bd24a150,paper/circulant-all-jump-rebuild-20260909;paper/circulant-finite-threshold-20260909;paper/circulant-periodic-gap-20260909;research/quadratic-gap-upgrade,https://github.com/whzy3185/math/commit/a2a2f7a8474f20822b73b488cc2804ddf94a44de
2026-09-07T05:46:16Z,2026-09-07T05:46:16Z,579b28ec5f5376dc5f15c241fd380ee85ce7ac35,research: add verifier for Clifford product graph families,a2a2f7a8474f20822b73b488cc2804ddf94a44de,paper/circulant-all-jump-rebuild-20260909;paper/circulant-finite-threshold-20260909;paper/circulant-periodic-gap-20260909;research/quadratic-gap-upgrade,https://github.com/whzy3185/math/commit/579b28ec5f5376dc5f15c241fd380ee85ce7ac35
2026-09-07T05:46:41Z,2026-09-07T05:46:41Z,25bf3ef4c164d963d5fa6818bdb7eb275f208262,research: add grid box and cylinder corollaries,579b28ec5f5376dc5f15c241fd380ee85ce7ac35,paper/circulant-all-jump-rebuild-20260909;paper/circulant-finite-threshold-20260909;paper/circulant-periodic-gap-20260909;research/quadratic-gap-upgrade,https://github.com/whzy3185/math/commit/25bf3ef4c164d963d5fa6818bdb7eb275f208262
2026-09-07T05:46:58Z,2026-09-07T05:46:58Z,78a47d77521b089241a1e0188563011b9ab51cbc,research: add beyond-circulants workstream index,25bf3ef4c164d963d5fa6818bdb7eb275f208262,paper/circulant-all-jump-rebuild-20260909;paper/circulant-finite-threshold-20260909;paper/circulant-periodic-gap-20260909;research/quadratic-gap-upgrade,https://github.com/whzy3185/math/commit/78a47d77521b089241a1e0188563011b9ab51cbc
2026-09-07T05:47:22Z,2026-09-07T05:47:22Z,5dd57e0eacb1176f354ee454cb07603f06df5bee,research: record literature boundary for product extensions,78a47d77521b089241a1e0188563011b9ab51cbc,paper/circulant-all-jump-rebuild-20260909;paper/circulant-finite-threshold-20260909;paper/circulant-periodic-gap-20260909;research/quadratic-gap-upgrade,https://github.com/whzy3185/math/commit/5dd57e0eacb1176f354ee454cb07603f06df5bee
2026-09-07T05:47:49Z,2026-09-07T05:47:49Z,9cf34b77a0a12f1dc24da55423dbdef2b130890c,research: index circulant and beyond-circulant workstreams,5dd57e0eacb1176f354ee454cb07603f06df5bee,paper/circulant-all-jump-rebuild-20260909;paper/circulant-finite-threshold-20260909;paper/circulant-periodic-gap-20260909;research/quadratic-gap-upgrade,https://github.com/whzy3185/math/commit/9cf34b77a0a12f1dc24da55423dbdef2b130890c
2026-09-07T07:00:50Z,2026-09-07T07:00:50Z,7ada9ce5b9bb90ae6d67c0bd701ed3543312e765,research: prove L=5 one-defect threshold,9cf34b77a0a12f1dc24da55423dbdef2b130890c,paper/circulant-all-jump-rebuild-20260909;paper/circulant-finite-threshold-20260909;paper/circulant-periodic-gap-20260909;research/quadratic-gap-upgrade,https://github.com/whzy3185/math/commit/7ada9ce5b9bb90ae6d67c0bd701ed3543312e765
2026-09-07T07:01:17Z,2026-09-07T07:01:17Z,1d23574bcbbe2a93d2e08574d5c3b058828f07b3,research: add exact verifier for L=5 one-defect threshold,7ada9ce5b9bb90ae6d67c0bd701ed3543312e765,paper/circulant-all-jump-rebuild-20260909;paper/circulant-finite-threshold-20260909;paper/circulant-periodic-gap-20260909;research/quadratic-gap-upgrade,https://github.com/whzy3185/math/commit/1d23574bcbbe2a93d2e08574d5c3b058828f07b3
2026-09-07T07:09:44Z,2026-09-07T07:09:44Z,49b5c6bba45ef829e106b1e6dbb47b0b36448852,research: prove L7 and L9 one-defect thresholds,1d23574bcbbe2a93d2e08574d5c3b058828f07b3,paper/circulant-all-jump-rebuild-20260909;paper/circulant-finite-threshold-20260909;paper/circulant-periodic-gap-20260909;research/quadratic-gap-upgrade,https://github.com/whzy3185/math/commit/49b5c6bba45ef829e106b1e6dbb47b0b36448852
2026-09-07T07:10:04Z,2026-09-07T07:10:04Z,9956a765ec46ff7ad0777160017d396d3ab1121c,research: add exact L7/L9 one-defect verifier,49b5c6bba45ef829e106b1e6dbb47b0b36448852,paper/circulant-all-jump-rebuild-20260909;paper/circulant-finite-threshold-20260909;paper/circulant-periodic-gap-20260909;research/quadratic-gap-upgrade,https://github.com/whzy3185/math/commit/9956a765ec46ff7ad0777160017d396d3ab1121c
2026-09-07T07:13:22Z,2026-09-07T07:13:22Z,951464cca5a900c026a0db95ce9089c69f9fbbcb,research: index L5 L7 L9 resonance thresholds,9956a765ec46ff7ad0777160017d396d3ab1121c,paper/circulant-all-jump-rebuild-20260909;paper/circulant-finite-threshold-20260909;paper/circulant-periodic-gap-20260909;research/quadratic-gap-upgrade,https://github.com/whzy3185/math/commit/951464cca5a900c026a0db95ce9089c69f9fbbcb
2026-09-07T07:31:35Z,2026-09-07T07:31:35Z,4be726f7eb60f0fe91a4d688b035b30157397254,research: add exact one-defect endpoint reduction,951464cca5a900c026a0db95ce9089c69f9fbbcb,paper/circulant-all-jump-rebuild-20260909;paper/circulant-finite-threshold-20260909;paper/circulant-periodic-gap-20260909;research/quadratic-gap-upgrade,https://github.com/whzy3185/math/commit/4be726f7eb60f0fe91a4d688b035b30157397254
2026-09-07T07:32:20Z,2026-09-07T07:32:20Z,cf5b14ce0b997b9d298ca8db5ee567a1be8b4c5b,research: add verifier for one-defect endpoint reduction,4be726f7eb60f0fe91a4d688b035b30157397254,paper/circulant-all-jump-rebuild-20260909;paper/circulant-finite-threshold-20260909;paper/circulant-periodic-gap-20260909;research/quadratic-gap-upgrade,https://github.com/whzy3185/math/commit/cf5b14ce0b997b9d298ca8db5ee567a1be8b4c5b
2026-09-07T07:43:33Z,2026-09-07T07:43:33Z,bc6653a6699d09720eac56d85797bd68d00121c1,research: exact L13 threshold and correct aspect-ratio conjecture,cf5b14ce0b997b9d298ca8db5ee567a1be8b4c5b,paper/circulant-all-jump-rebuild-20260909;paper/circulant-finite-threshold-20260909;paper/circulant-periodic-gap-20260909;research/quadratic-gap-upgrade,https://github.com/whzy3185/math/commit/bc6653a6699d09720eac56d85797bd68d00121c1
2026-09-07T07:44:07Z,2026-09-07T07:44:07Z,56b09f76e5881d2a7404c62c73778c787d29855b,research: add exact L13 one-defect verifier,bc6653a6699d09720eac56d85797bd68d00121c1,paper/circulant-all-jump-rebuild-20260909;paper/circulant-finite-threshold-20260909;paper/circulant-periodic-gap-20260909;research/quadratic-gap-upgrade,https://github.com/whzy3185/math/commit/56b09f76e5881d2a7404c62c73778c787d29855b
2026-09-07T07:44:35Z,2026-09-07T07:44:35Z,b8dda5ad37197e0ec92062384a276839ac9cf670,research: correct superseded s=2L extrapolation,56b09f76e5881d2a7404c62c73778c787d29855b,paper/circulant-all-jump-rebuild-20260909;paper/circulant-finite-threshold-20260909;paper/circulant-periodic-gap-20260909;research/quadratic-gap-upgrade,https://github.com/whzy3185/math/commit/b8dda5ad37197e0ec92062384a276839ac9cf670
2026-09-07T07:45:18Z,2026-09-07T07:45:18Z,5c23bda84ccb3816ec90c1d1a49327c9580123be,research: correct and extend resonance index through L13,b8dda5ad37197e0ec92062384a276839ac9cf670,paper/circulant-all-jump-rebuild-20260909;paper/circulant-finite-threshold-20260909;paper/circulant-periodic-gap-20260909;research/quadratic-gap-upgrade,https://github.com/whzy3185/math/commit/5c23bda84ccb3816ec90c1d1a49327c9580123be
2026-09-07T07:51:55Z,2026-09-07T07:51:55Z,83781f9af4170beaf8badbe912a8c209a1fce8ab,research: derive exact rank4 and 2x2 Green criterion,5c23bda84ccb3816ec90c1d1a49327c9580123be,paper/circulant-all-jump-rebuild-20260909;paper/circulant-finite-threshold-20260909;paper/circulant-periodic-gap-20260909;research/quadratic-gap-upgrade,https://github.com/whzy3185/math/commit/83781f9af4170beaf8badbe912a8c209a1fce8ab
2026-09-07T07:52:37Z,2026-09-07T07:52:37Z,fda475ccf9de778c2c39ae65889f7c7ba129918d,research: add verifier for 2x2 Green criterion,83781f9af4170beaf8badbe912a8c209a1fce8ab,paper/circulant-all-jump-rebuild-20260909;paper/circulant-finite-threshold-20260909;paper/circulant-periodic-gap-20260909;research/quadratic-gap-upgrade,https://github.com/whzy3185/math/commit/fda475ccf9de778c2c39ae65889f7c7ba129918d
2026-09-07T08:08:27Z,2026-09-07T08:08:27Z,f923d66b83a7d78e2889b3dfef275aba954670e0,research: record corrected continuum critical program,fda475ccf9de778c2c39ae65889f7c7ba129918d,paper/circulant-all-jump-rebuild-20260909;paper/circulant-finite-threshold-20260909;paper/circulant-periodic-gap-20260909;research/quadratic-gap-upgrade,https://github.com/whzy3185/math/commit/f923d66b83a7d78e2889b3dfef275aba954670e0
2026-09-07T08:09:06Z,2026-09-07T08:09:06Z,ce2df00b7bfa8a5566a2c109eb8d2f02e48d1514,research: add continuum critical program verifier,f923d66b83a7d78e2889b3dfef275aba954670e0,paper/circulant-all-jump-rebuild-20260909;paper/circulant-finite-threshold-20260909;paper/circulant-periodic-gap-20260909;research/quadratic-gap-upgrade,https://github.com/whzy3185/math/commit/ce2df00b7bfa8a5566a2c109eb8d2f02e48d1514
2026-09-07T10:03:45Z,2026-09-07T10:03:45Z,12ffdc0c64d13be163840355cbace2e5ca71291c,research: add exact L=5 repair certificates,ce2df00b7bfa8a5566a2c109eb8d2f02e48d1514,paper/circulant-all-jump-rebuild-20260909;paper/circulant-finite-threshold-20260909;paper/circulant-periodic-gap-20260909;research/quadratic-gap-upgrade,https://github.com/whzy3185/math/commit/12ffdc0c64d13be163840355cbace2e5ca71291c
2026-09-07T10:04:05Z,2026-09-07T10:04:05Z,25eed66441ffd37069e01d3f0f5380ad959b4829,research: add exact verifier for L=5 repair examples,12ffdc0c64d13be163840355cbace2e5ca71291c,paper/circulant-all-jump-rebuild-20260909;paper/circulant-finite-threshold-20260909;paper/circulant-periodic-gap-20260909;research/quadratic-gap-upgrade,https://github.com/whzy3185/math/commit/25eed66441ffd37069e01d3f0f5380ad959b4829
2026-09-07T10:23:16Z,2026-09-07T10:23:16Z,12069b974112bbcbe09ac3722b0e89eee61f6e84,"research: close L=11,15,17 one-defect staircase families",25eed66441ffd37069e01d3f0f5380ad959b4829,paper/circulant-all-jump-rebuild-20260909;paper/circulant-finite-threshold-20260909;paper/circulant-periodic-gap-20260909;research/quadratic-gap-upgrade,https://github.com/whzy3185/math/commit/12069b974112bbcbe09ac3722b0e89eee61f6e84
2026-09-07T10:24:08Z,2026-09-07T10:24:08Z,0a8d88ef09561c68d7ad5b09cc778a5b550b0918,"research: add exact verifier for L=11,15,17 staircase families",12069b974112bbcbe09ac3722b0e89eee61f6e84,paper/circulant-all-jump-rebuild-20260909;paper/circulant-finite-threshold-20260909;paper/circulant-periodic-gap-20260909;research/quadratic-gap-upgrade,https://github.com/whzy3185/math/commit/0a8d88ef09561c68d7ad5b09cc778a5b550b0918
2026-09-07T10:25:06Z,2026-09-07T10:25:06Z,69382790411d691b058e783b3ecc1eefae95aada,"research: index exact L=11,15,17 staircase families",0a8d88ef09561c68d7ad5b09cc778a5b550b0918,paper/circulant-all-jump-rebuild-20260909;paper/circulant-finite-threshold-20260909;paper/circulant-periodic-gap-20260909;research/quadratic-gap-upgrade,https://github.com/whzy3185/math/commit/69382790411d691b058e783b3ecc1eefae95aada
2026-09-07T10:26:44Z,2026-09-07T10:26:44Z,4574fa63a549839ee9eb12bc6235deb1fb0869bc,research: extend exact one-defect staircase through L=19,69382790411d691b058e783b3ecc1eefae95aada,paper/circulant-all-jump-rebuild-20260909;paper/circulant-finite-threshold-20260909;paper/circulant-periodic-gap-20260909;research/quadratic-gap-upgrade,https://github.com/whzy3185/math/commit/4574fa63a549839ee9eb12bc6235deb1fb0869bc
2026-09-07T10:27:10Z,2026-09-07T10:27:10Z,c8b1d072ff3be4c4c6caee367cb9dcccf81b41a4,research: extend staircase verifier through L=19,4574fa63a549839ee9eb12bc6235deb1fb0869bc,paper/circulant-all-jump-rebuild-20260909;paper/circulant-finite-threshold-20260909;paper/circulant-periodic-gap-20260909;research/quadratic-gap-upgrade,https://github.com/whzy3185/math/commit/c8b1d072ff3be4c4c6caee367cb9dcccf81b41a4
2026-09-07T10:28:01Z,2026-09-07T10:28:01Z,eee1d29edb2e5ca9e8c3135577f84f9e7ca7d340,research: index exact L=19 staircase family,c8b1d072ff3be4c4c6caee367cb9dcccf81b41a4,paper/circulant-all-jump-rebuild-20260909;paper/circulant-finite-threshold-20260909;paper/circulant-periodic-gap-20260909;research/quadratic-gap-upgrade,https://github.com/whzy3185/math/commit/eee1d29edb2e5ca9e8c3135577f84f9e7ca7d340
2026-09-07T10:29:22Z,2026-09-07T10:29:22Z,1cb7bd9856b89867f0dca1ae746a26e2d802da51,research: refine observed one-defect critical ratio,eee1d29edb2e5ca9e8c3135577f84f9e7ca7d340,paper/circulant-all-jump-rebuild-20260909;paper/circulant-finite-threshold-20260909;paper/circulant-periodic-gap-20260909;research/quadratic-gap-upgrade,https://github.com/whzy3185/math/commit/1cb7bd9856b89867f0dca1ae746a26e2d802da51
2026-09-07T10:29:45Z,2026-09-07T10:29:45Z,47f64e51fb78313fdd2bae1ae4542f7836c68ca1,research: add endpoint critical-ratio explorer,1cb7bd9856b89867f0dca1ae746a26e2d802da51,paper/circulant-all-jump-rebuild-20260909;paper/circulant-finite-threshold-20260909;paper/circulant-periodic-gap-20260909;research/quadratic-gap-upgrade,https://github.com/whzy3185/math/commit/47f64e51fb78313fdd2bae1ae4542f7836c68ca1
2026-09-08T03:31:11Z,2026-09-08T03:31:11Z,82c7863a8b385a10da630aa7b57d4f7a043160a5,research: add full analytic manuscript resolving Remark 3 via polynomial divisors and finite algebraic families,d7f7ebea5ddae11c8280cb311305edf1b712b247,research/remark3-explicit-classification-v2-20260908;research/remark3-leading-form-v3-20260908;research/remark3-polynomial-exponential-20260908,https://github.com/whzy3185/math/commit/82c7863a8b385a10da630aa7b57d4f7a043160a5
2026-09-08T03:47:34Z,2026-09-08T03:47:34Z,d579b4f290881968c5b6011ae213b594645417f1,"research: add compiled 13-page revision, exact finite-classification verifier and 14 passing regression records",82c7863a8b385a10da630aa7b57d4f7a043160a5,research/remark3-explicit-classification-v2-20260908;research/remark3-leading-form-v3-20260908;research/remark3-polynomial-exponential-20260908,https://github.com/whzy3185/math/commit/d579b4f290881968c5b6011ae213b594645417f1
2026-09-08T04:15:23Z,2026-09-08T04:15:23Z,2abf15ee09808a32adefb7d4d817311b34984e06,research: add complete Remark 3 v2 with irreducible classification and exact solution counts,d579b4f290881968c5b6011ae213b594645417f1,research/remark3-explicit-classification-v2-20260908;research/remark3-leading-form-v3-20260908,https://github.com/whzy3185/math/commit/2abf15ee09808a32adefb7d4d817311b34984e06
2026-09-08T04:21:49Z,2026-09-08T04:21:49Z,f0ecf1cfee9b10b4cfb78a2002112dbc2a51d692,"research: add 93 exact checks, proof and literature audits, and reproducible 12-page v2 build record",2abf15ee09808a32adefb7d4d817311b34984e06,research/remark3-explicit-classification-v2-20260908;research/remark3-leading-form-v3-20260908,https://github.com/whzy3185/math/commit/f0ecf1cfee9b10b4cfb78a2002112dbc2a51d692
2026-09-08T04:32:48Z,2026-09-08T04:32:48Z,57300701ce0259485e3e5e28e3fe991a70170bd5,"research: add complete bilingual Remark 3 manuscripts and verification records

Prove automatic finite order and necessary-and-sufficient polynomial-data normal forms for weighted product-gradient equations. Include finite linear-algebra reduction, connected-solution bound, monomial rigidity, provenance, and actual test records.

Verification program upload was blocked by the tool; code and tests are supplied in the accompanying source ZIP, not claimed present in this commit. Preserve all pre-existing repository content.",d7f7ebea5ddae11c8280cb311305edf1b712b247,research/remark3-product-pde-20260908,https://github.com/whzy3185/math/commit/57300701ce0259485e3e5e28e3fe991a70170bd5
2026-09-08T04:48:31Z,2026-09-08T04:48:31Z,24a8633196984fcac5bcc0e61c2bc2a140df870b,research: add Remark 3 v3 leading-form rigidity summary,f0ecf1cfee9b10b4cfb78a2002112dbc2a51d692,research/remark3-leading-form-v3-20260908,https://github.com/whzy3185/math/commit/24a8633196984fcac5bcc0e61c2bc2a140df870b
2026-09-08T04:48:52Z,2026-09-08T04:48:52Z,767a9582dac9d2cd56736f29902a574ffca0a622,research: add v3 original-coordinate and leading-form corollaries,24a8633196984fcac5bcc0e61c2bc2a140df870b,research/remark3-leading-form-v3-20260908,https://github.com/whzy3185/math/commit/767a9582dac9d2cd56736f29902a574ffca0a622
2026-09-08T04:49:01Z,2026-09-08T04:49:01Z,b866709dad763b1a474d2a589941c6d952a6ccf3,research: record v3 PDF render audit,767a9582dac9d2cd56736f29902a574ffca0a622,research/remark3-leading-form-v3-20260908,https://github.com/whzy3185/math/commit/b866709dad763b1a474d2a589941c6d952a6ccf3
2026-09-08T04:49:20Z,2026-09-08T04:49:20Z,c211f1fb68c404429c1c9052859117b11ff678c6,research: audit v3 original-coordinate and leading-form deductions,b866709dad763b1a474d2a589941c6d952a6ccf3,research/remark3-leading-form-v3-20260908,https://github.com/whzy3185/math/commit/c211f1fb68c404429c1c9052859117b11ff678c6
2026-09-08T04:49:34Z,2026-09-08T04:49:34Z,dea298a2dac28c23c35b399cb3c6064436158796,research: update v3 literature scope comparison,c211f1fb68c404429c1c9052859117b11ff678c6,research/remark3-leading-form-v3-20260908,https://github.com/whzy3185/math/commit/dea298a2dac28c23c35b399cb3c6064436158796
2026-09-08T04:50:46Z,2026-09-08T04:50:46Z,a1afe544f0f5fdbef31227a3050b023fa4f734ef,research: add exact v3 rigidity verification suite,dea298a2dac28c23c35b399cb3c6064436158796,research/remark3-leading-form-v3-20260908,https://github.com/whzy3185/math/commit/a1afe544f0f5fdbef31227a3050b023fa4f734ef
2026-09-08T04:50:54Z,2026-09-08T04:50:54Z,45a1841365362075bf28cc8991e834ad7075e6ba,research: record 18 passing exact v3 checks,a1afe544f0f5fdbef31227a3050b023fa4f734ef,research/remark3-leading-form-v3-20260908,https://github.com/whzy3185/math/commit/45a1841365362075bf28cc8991e834ad7075e6ba
2026-09-08T04:51:05Z,2026-09-08T04:51:05Z,a981f618c368d957f076f8346ec79aefb8f1c6f0,research: add reproducible v3 build and render record,45a1841365362075bf28cc8991e834ad7075e6ba,research/remark3-leading-form-v3-20260908,https://github.com/whzy3185/math/commit/a981f618c368d957f076f8346ec79aefb8f1c6f0
2026-09-08T12:12:13Z,2026-09-08T12:12:13Z,c3e4460929c38d10f0b3a0e878267142303c9675,Add detailed Lonely Runner JCTA writing and revision history,d7f7ebea5ddae11c8280cb311305edf1b712b247,main,https://github.com/whzy3185/math/commit/c3e4460929c38d10f0b3a0e878267142303c9675
2026-09-09T07:13:47Z,2026-09-09T07:13:47Z,886596fa8885574e1a0728f0aa7f797e9a15a3e6,paper: add repository-wide circulant article reconstruction,47f64e51fb78313fdd2bae1ae4542f7836c68ca1,paper/circulant-all-jump-rebuild-20260909;paper/circulant-finite-threshold-20260909;paper/circulant-periodic-gap-20260909,https://github.com/whzy3185/math/commit/886596fa8885574e1a0728f0aa7f797e9a15a3e6
2026-09-09T07:14:18Z,2026-09-09T07:14:18Z,e853b2e539dc0c222f8e5d9f7cbc8f172f88e06b,paper: add journal strategy for rebuilt circulant manuscript,886596fa8885574e1a0728f0aa7f797e9a15a3e6,paper/circulant-all-jump-rebuild-20260909;paper/circulant-finite-threshold-20260909;paper/circulant-periodic-gap-20260909,https://github.com/whzy3185/math/commit/e853b2e539dc0c222f8e5d9f7cbc8f172f88e06b
2026-09-09T07:15:11Z,2026-09-09T07:15:11Z,0d9d61dc2ee69c287b4dc12b437dbadd17681b00,paper: add compilable all-jump manuscript skeleton,e853b2e539dc0c222f8e5d9f7cbc8f172f88e06b,paper/circulant-all-jump-rebuild-20260909;paper/circulant-finite-threshold-20260909;paper/circulant-periodic-gap-20260909,https://github.com/whzy3185/math/commit/0d9d61dc2ee69c287b4dc12b437dbadd17681b00
2026-09-09T07:15:50Z,2026-09-09T07:15:50Z,2cd269463ee93510a9397aa30fe7c24a15b99cfc,paper: record repository-wide research map and maturity,0d9d61dc2ee69c287b4dc12b437dbadd17681b00,paper/circulant-all-jump-rebuild-20260909;paper/circulant-finite-threshold-20260909;paper/circulant-periodic-gap-20260909,https://github.com/whzy3185/math/commit/2cd269463ee93510a9397aa30fe7c24a15b99cfc
2026-09-09T07:16:03Z,2026-09-09T07:16:03Z,cca0ea95730ee0130d403d90d8a8aa2781fdf138,paper: add rebuild workspace index,2cd269463ee93510a9397aa30fe7c24a15b99cfc,paper/circulant-all-jump-rebuild-20260909;paper/circulant-finite-threshold-20260909;paper/circulant-periodic-gap-20260909,https://github.com/whzy3185/math/commit/cca0ea95730ee0130d403d90d8a8aa2781fdf138
2026-09-09T07:21:32Z,2026-09-09T07:21:32Z,86d5ab5a912f9a81969354029500f3ee7fda757b,Split circulant rebuild into periodic-gap and finite-threshold papers,cca0ea95730ee0130d403d90d8a8aa2781fdf138,paper/circulant-periodic-gap-20260909,https://github.com/whzy3185/math/commit/86d5ab5a912f9a81969354029500f3ee7fda757b
2026-09-09T07:24:41Z,2026-09-09T07:24:41Z,9aa52b6da959dedb5042984568b193347fcee340,Make two signed-circulant papers strictly independent,86d5ab5a912f9a81969354029500f3ee7fda757b,paper/circulant-periodic-gap-20260909,https://github.com/whzy3185/math/commit/9aa52b6da959dedb5042984568b193347fcee340
2026-09-09T07:25:01Z,2026-09-09T07:25:01Z,60ef5e8a372af952b3aa4b783685b10315e23d4d,Add strict no-cross-citation split contract,cca0ea95730ee0130d403d90d8a8aa2781fdf138,paper/circulant-finite-threshold-20260909,https://github.com/whzy3185/math/commit/60ef5e8a372af952b3aa4b783685b10315e23d4d
2026-09-09T07:26:09Z,2026-09-09T07:26:09Z,34b2a5150f953cecc75983dc85fbc89ce83d9fcf,Add independent finite-paper start prompt,60ef5e8a372af952b3aa4b783685b10315e23d4d,paper/circulant-finite-threshold-20260909,https://github.com/whzy3185/math/commit/34b2a5150f953cecc75983dc85fbc89ce83d9fcf
2026-09-09T07:29:35Z,2026-09-09T07:29:35Z,1eac4159eec4090f88e3575b2a752658d2ba4c12,Clarify zero-dependency split and finite-extremal paper prompt,34b2a5150f953cecc75983dc85fbc89ce83d9fcf,paper/circulant-finite-threshold-20260909,https://github.com/whzy3185/math/commit/1eac4159eec4090f88e3575b2a752658d2ba4c12
2026-09-09T07:44:13Z,2026-09-09T07:44:13Z,a4876818eebdfd82ed73aed63a5ded5549931b89,Add reusable full-push mathematical research skill,9e9f93b4d17575004f352a1178174aaf06125c68,codex/math-zyc-workflow-20260914;research/aml-production-consumption-stabilization;skill/math-research-full-push-20260909,https://github.com/whzy3185/math/commit/a4876818eebdfd82ed73aed63a5ded5549931b89
2026-09-09T07:44:36Z,2026-09-09T07:44:36Z,640819c6173042135a5aac27866189709a0f77fc,Add research state template for math research skill,a4876818eebdfd82ed73aed63a5ded5549931b89,codex/math-zyc-workflow-20260914;research/aml-production-consumption-stabilization;skill/math-research-full-push-20260909,https://github.com/whzy3185/math/commit/640819c6173042135a5aac27866189709a0f77fc
2026-09-09T07:44:52Z,2026-09-09T07:44:52Z,256b9babb4a237a64f388391493b169da949b7e4,Add claim ledger template for math research skill,640819c6173042135a5aac27866189709a0f77fc,codex/math-zyc-workflow-20260914;research/aml-production-consumption-stabilization;skill/math-research-full-push-20260909,https://github.com/whzy3185/math/commit/256b9babb4a237a64f388391493b169da949b7e4
2026-09-09T07:45:06Z,2026-09-09T07:45:06Z,dd233679a8f6e9b69b55e775d00a89a783bda319,Add handoff template for math research skill,256b9babb4a237a64f388391493b169da949b7e4,codex/math-zyc-workflow-20260914;research/aml-production-consumption-stabilization;skill/math-research-full-push-20260909,https://github.com/whzy3185/math/commit/dd233679a8f6e9b69b55e775d00a89a783bda319
2026-09-09T07:50:30Z,2026-09-09T07:50:30Z,b5c4199b2e0c987e7fad4b56a045ef0f9994686e,Add complete period-two variational theory and sharp odd asymptotics,9aa52b6da959dedb5042984568b193347fcee340,paper/circulant-periodic-gap-20260909,https://github.com/whzy3185/math/commit/b5c4199b2e0c987e7fad4b56a045ef0f9994686e
2026-09-09T07:51:04Z,2026-09-09T07:51:04Z,0b8ec9ab646f3d1e973076fa59984fa7e459dd75,Add uniform period-eight theorem for jumps congruent to two mod four,b5c4199b2e0c987e7fad4b56a045ef0f9994686e,paper/circulant-periodic-gap-20260909,https://github.com/whzy3185/math/commit/0b8ec9ab646f3d1e973076fa59984fa7e459dd75
2026-09-09T07:51:36Z,2026-09-09T07:51:36Z,41c7eb4ee08a44e9c661237746227f0077429066,Fix phase-variable notation in uniform period-eight theorem,0b8ec9ab646f3d1e973076fa59984fa7e459dd75,paper/circulant-periodic-gap-20260909,https://github.com/whzy3185/math/commit/41c7eb4ee08a44e9c661237746227f0077429066
2026-09-09T07:53:21Z,2026-09-09T07:53:21Z,fa4a1aecb96cc6ae2481089977b7e646022ed6af,paper: initialize finite signed-circulant rebuild,1eac4159eec4090f88e3575b2a752658d2ba4c12,paper/circulant-finite-threshold-20260909,https://github.com/whzy3185/math/commit/fa4a1aecb96cc6ae2481089977b7e646022ed6af
2026-09-09T07:53:54Z,2026-09-09T07:53:54Z,9f581b6c963995de9442fcdc4aa351055a10a96f,paper: add theorem ledger,fa4a1aecb96cc6ae2481089977b7e646022ed6af,paper/circulant-finite-threshold-20260909,https://github.com/whzy3185/math/commit/9f581b6c963995de9442fcdc4aa351055a10a96f
2026-09-09T07:54:25Z,2026-09-09T07:54:25Z,3385f1f832bf80c78a72daaa17910269475e95a9,paper: add proof dependency map,9f581b6c963995de9442fcdc4aa351055a10a96f,paper/circulant-finite-threshold-20260909,https://github.com/whzy3185/math/commit/3385f1f832bf80c78a72daaa17910269475e95a9
2026-09-09T07:55:00Z,2026-09-09T07:55:00Z,d8e859cccc432338604e1b8b4fb5df7cc2e222af,paper: add fresh literature audit,3385f1f832bf80c78a72daaa17910269475e95a9,paper/circulant-finite-threshold-20260909,https://github.com/whzy3185/math/commit/d8e859cccc432338604e1b8b4fb5df7cc2e222af
2026-09-09T07:59:45Z,2026-09-09T07:59:45Z,dbcb9b1972fb0bcfe2e3d170d925afc6ac30977c,Prove a uniform period-eight phase for jumps congruent to four mod eight,41c7eb4ee08a44e9c661237746227f0077429066,paper/circulant-periodic-gap-20260909,https://github.com/whzy3185/math/commit/dbcb9b1972fb0bcfe2e3d170d925afc6ac30977c
2026-09-09T08:03:19Z,2026-09-09T08:03:19Z,2184c0291b18e6b28269d3e9fd2d2315e4605e8e,Clean the exact determinant expansion in the mod-eight theorem,dbcb9b1972fb0bcfe2e3d170d925afc6ac30977c,paper/circulant-periodic-gap-20260909,https://github.com/whzy3185/math/commit/2184c0291b18e6b28269d3e9fd2d2315e4605e8e
2026-09-09T08:03:40Z,2026-09-09T08:03:40Z,e8449ec1449f2a65411fd22221606c7fcd369d82,refactor research skill into autonomous control-loop operating model,dd233679a8f6e9b69b55e775d00a89a783bda319,codex/math-zyc-workflow-20260914;research/aml-production-consumption-stabilization;skill/math-research-full-push-20260909,https://github.com/whzy3185/math/commit/e8449ec1449f2a65411fd22221606c7fcd369d82
2026-09-09T08:04:07Z,2026-09-09T08:04:07Z,6a386440f8887631caf439384acd6888a592bee0,redesign research state template around priority queue and parallel tracks,e8449ec1449f2a65411fd22221606c7fcd369d82,codex/math-zyc-workflow-20260914;research/aml-production-consumption-stabilization;skill/math-research-full-push-20260909,https://github.com/whzy3185/math/commit/6a386440f8887631caf439384acd6888a592bee0
2026-09-09T08:04:29Z,2026-09-09T08:04:29Z,190cd154887d87e9c4ae40dcd8e93434bad67f8b,add proof dependency graph template for autonomous research loop,6a386440f8887631caf439384acd6888a592bee0,codex/math-zyc-workflow-20260914;research/aml-production-consumption-stabilization;skill/math-research-full-push-20260909,https://github.com/whzy3185/math/commit/190cd154887d87e9c4ae40dcd8e93434bad67f8b
2026-09-09T08:05:00Z,2026-09-09T08:05:00Z,72c3b6e9936aad58a7d5e4813da03c8457c17199,document v2 skill redesign around project continuation workflow,190cd154887d87e9c4ae40dcd8e93434bad67f8b,codex/math-zyc-workflow-20260914;research/aml-production-consumption-stabilization;skill/math-research-full-push-20260909,https://github.com/whzy3185/math/commit/72c3b6e9936aad58a7d5e4813da03c8457c17199
2026-09-09T08:05:20Z,2026-09-09T08:05:20Z,13f2943064aad01600b3704abd2e28befc0cb958,align handoff template with autonomous continuation semantics,72c3b6e9936aad58a7d5e4813da03c8457c17199,codex/math-zyc-workflow-20260914;research/aml-production-consumption-stabilization;skill/math-research-full-push-20260909,https://github.com/whzy3185/math/commit/13f2943064aad01600b3704abd2e28befc0cb958
2026-09-09T08:08:50Z,2026-09-09T08:08:50Z,96c55a8d61d4da89c7b955582f85ccf8e40512b4,Prove a uniform period-sixteen phase for jumps congruent to eight mod sixteen,2184c0291b18e6b28269d3e9fd2d2315e4605e8e,paper/circulant-periodic-gap-20260909,https://github.com/whzy3185/math/commit/96c55a8d61d4da89c7b955582f85ccf8e40512b4
2026-09-09T08:09:43Z,2026-09-09T08:09:43Z,590ad9688f3d44a79179fe8e1aa44ae3ea1b8d0c,add JCTA-style journal progression and referee loop template,13f2943064aad01600b3704abd2e28befc0cb958,codex/math-zyc-workflow-20260914;research/aml-production-consumption-stabilization;skill/math-research-full-push-20260909,https://github.com/whzy3185/math/commit/590ad9688f3d44a79179fe8e1aa44ae3ea1b8d0c
2026-09-09T08:11:33Z,2026-09-09T08:11:33Z,5f82d38173868a28388686eb581050c6f9a7e268,upgrade research skill to JCTA-style versioned referee and theorem-escalation loop,590ad9688f3d44a79179fe8e1aa44ae3ea1b8d0c,codex/math-zyc-workflow-20260914;research/aml-production-consumption-stabilization;skill/math-research-full-push-20260909,https://github.com/whzy3185/math/commit/5f82d38173868a28388686eb581050c6f9a7e268
2026-09-09T08:12:07Z,2026-09-09T08:12:07Z,188bb06ee5a2985b973354db59d6d0a1979ab075,Strengthen finite extremal ledger with sharp sqrt5 equality classification,d8e859cccc432338604e1b8b4fb5df7cc2e222af,paper/circulant-finite-threshold-20260909,https://github.com/whzy3185/math/commit/188bb06ee5a2985b973354db59d6d0a1979ab075
2026-09-09T08:12:10Z,2026-09-09T08:12:10Z,789e1cd87cf32645cb9aef447750df82b34016b5,add journal maturity and referee state to research control surface,5f82d38173868a28388686eb581050c6f9a7e268,codex/math-zyc-workflow-20260914;research/aml-production-consumption-stabilization;skill/math-research-full-push-20260909,https://github.com/whzy3185/math/commit/789e1cd87cf32645cb9aef447750df82b34016b5
2026-09-09T08:12:44Z,2026-09-09T08:12:44Z,d74c5d5e5503d80161f442c7a8b4ec6dd98ac7ae,Add defect-energy and sharp sqrt5 equality proof dependencies,188bb06ee5a2985b973354db59d6d0a1979ab075,paper/circulant-finite-threshold-20260909,https://github.com/whzy3185/math/commit/d74c5d5e5503d80161f442c7a8b4ec6dd98ac7ae
2026-09-09T08:12:54Z,2026-09-09T08:12:54Z,a791f78824d5a904f5ae90a5a1f637a212f949fc,capture reusable JCTA progression pattern from Lonely Runner campaign,789e1cd87cf32645cb9aef447750df82b34016b5,codex/math-zyc-workflow-20260914;research/aml-production-consumption-stabilization;skill/math-research-full-push-20260909,https://github.com/whzy3185/math/commit/a791f78824d5a904f5ae90a5a1f637a212f949fc
2026-09-09T08:13:21Z,2026-09-09T08:13:21Z,1468b65803929e3631a5e9d1187792fe7acfa0d7,extend handoff with JCTA-style manuscript and referee maturity state,a791f78824d5a904f5ae90a5a1f637a212f949fc,codex/math-zyc-workflow-20260914;research/aml-production-consumption-stabilization;skill/math-research-full-push-20260909,https://github.com/whzy3185/math/commit/1468b65803929e3631a5e9d1187792fe7acfa0d7
2026-09-09T08:19:08Z,2026-09-09T08:19:08Z,b91d03d9eb34e31742003b238579de371e3accae,Replace period-sixteen threshold expansion with a generic two-phase identity,96c55a8d61d4da89c7b955582f85ccf8e40512b4,paper/circulant-periodic-gap-20260909,https://github.com/whzy3185/math/commit/b91d03d9eb34e31742003b238579de371e3accae
2026-09-09T08:19:29Z,2026-09-09T08:19:29Z,59d7ef91a7eb28d058cf8d72581c3380f3d5592d,Add universal second-gap theorem and sharp C8 example,d74c5d5e5503d80161f442c7a8b4ec6dd98ac7ae,paper/circulant-finite-threshold-20260909,https://github.com/whzy3185/math/commit/59d7ef91a7eb28d058cf8d72581c3380f3d5592d
2026-09-09T08:20:50Z,2026-09-09T08:20:50Z,6d8a085cbb7f047ba9f532b6164f261514948c41,Expand literature audit and manuscript positioning,59d7ef91a7eb28d058cf8d72581c3380f3d5592d,paper/circulant-finite-threshold-20260909,https://github.com/whzy3185/math/commit/6d8a085cbb7f047ba9f532b6164f261514948c41
2026-09-09T08:21:28Z,2026-09-09T08:21:28Z,2b35947123aa00626cdacd3b4bda4379d68f4aef,Add sharp second-gap dependency chain,6d8a085cbb7f047ba9f532b6164f261514948c41,paper/circulant-finite-threshold-20260909,https://github.com/whzy3185/math/commit/2b35947123aa00626cdacd3b4bda4379d68f4aef
2026-09-09T08:21:53Z,2026-09-09T08:21:53Z,f2dc31ef25e282454e8a6c71ddba33ef071efa60,Add exact verifier for low-end spectral hierarchy,2b35947123aa00626cdacd3b4bda4379d68f4aef,paper/circulant-finite-threshold-20260909,https://github.com/whzy3185/math/commit/f2dc31ef25e282454e8a6c71ddba33ef071efa60
2026-09-09T08:24:49Z,2026-09-09T08:24:49Z,c5a11b7f75c8e628301398789c34ae820a683b33,Add seed-paper protocol template,1468b65803929e3631a5e9d1187792fe7acfa0d7,codex/math-zyc-workflow-20260914;research/aml-production-consumption-stabilization;skill/math-research-full-push-20260909,https://github.com/whzy3185/math/commit/c5a11b7f75c8e628301398789c34ae820a683b33
2026-09-09T08:25:08Z,2026-09-09T08:25:08Z,a66b6ffac5c8dbe355770f40e3ab3560b33c2888,Add literature-map template,c5a11b7f75c8e628301398789c34ae820a683b33,codex/math-zyc-workflow-20260914;research/aml-production-consumption-stabilization;skill/math-research-full-push-20260909,https://github.com/whzy3185/math/commit/a66b6ffac5c8dbe355770f40e3ab3560b33c2888
2026-09-09T08:25:29Z,2026-09-09T08:25:29Z,c9da5222e8b55e3b9bd422c9409f0b7a67ffaf49,Add prior-art comparison template,a66b6ffac5c8dbe355770f40e3ab3560b33c2888,codex/math-zyc-workflow-20260914;research/aml-production-consumption-stabilization;skill/math-research-full-push-20260909,https://github.com/whzy3185/math/commit/c9da5222e8b55e3b9bd422c9409f0b7a67ffaf49
2026-09-09T08:25:49Z,2026-09-09T08:25:49Z,230ef7de4834544374f3c434a3278282a0c69c28,Add open-status audit template,c9da5222e8b55e3b9bd422c9409f0b7a67ffaf49,codex/math-zyc-workflow-20260914;research/aml-production-consumption-stabilization;skill/math-research-full-push-20260909,https://github.com/whzy3185/math/commit/230ef7de4834544374f3c434a3278282a0c69c28
2026-09-09T08:26:44Z,2026-09-09T08:26:44Z,39cee7933702105db30b64c2b696ebcb5e7d0dcc,Reframe Paper I around variational and 2-adic short-period theorems,b91d03d9eb34e31742003b238579de371e3accae,paper/circulant-periodic-gap-20260909,https://github.com/whzy3185/math/commit/39cee7933702105db30b64c2b696ebcb5e7d0dcc
2026-09-09T08:27:36Z,2026-09-09T08:27:36Z,e35cdeb62a0e86a93b0cede9609fe2c36fe42582,Add general signed-reflection chiral theorem for the two-defect family,39cee7933702105db30b64c2b696ebcb5e7d0dcc,paper/circulant-periodic-gap-20260909,https://github.com/whzy3185/math/commit/e35cdeb62a0e86a93b0cede9609fe2c36fe42582
2026-09-09T08:28:09Z,2026-09-09T08:28:09Z,b9bbadf7b779908a82522b4a7f6b25609233fb71,Upgrade research skill with literature-first autonomous protocol,230ef7de4834544374f3c434a3278282a0c69c28,codex/math-zyc-workflow-20260914;research/aml-production-consumption-stabilization;skill/math-research-full-push-20260909,https://github.com/whzy3185/math/commit/b9bbadf7b779908a82522b4a7f6b25609233fb71
2026-09-09T08:28:35Z,2026-09-09T08:28:35Z,f4680b1575c22f7b278d7f4a59f3df6fdbf7fbac,Add independent enhanced Paper I manuscript skeleton,e35cdeb62a0e86a93b0cede9609fe2c36fe42582,paper/circulant-periodic-gap-20260909,https://github.com/whzy3185/math/commit/f4680b1575c22f7b278d7f4a59f3df6fdbf7fbac
2026-09-09T08:36:02Z,2026-09-09T08:36:02Z,23dcb2344c942e672706036eff7a459e8c4598e4,Prove parity-defect trichotomy and exact N=4s extremum,f2dc31ef25e282454e8a6c71ddba33ef071efa60,paper/circulant-finite-threshold-20260909,https://github.com/whzy3185/math/commit/23dcb2344c942e672706036eff7a459e8c4598e4
2026-09-09T08:37:00Z,2026-09-09T08:37:00Z,216b8733fec48741576f156c1f42716069852e29,Add exact k=4 resonance theorem and second-gap equality classification,23dcb2344c942e672706036eff7a459e8c4598e4,paper/circulant-finite-threshold-20260909,https://github.com/whzy3185/math/commit/216b8733fec48741576f156c1f42716069852e29
2026-09-09T08:39:31Z,2026-09-09T08:39:31Z,0d6d61b2be61c9467d3a6cd28c7393a722f28e23,Add literature-driven manuscript writing audit,216b8733fec48741576f156c1f42716069852e29,paper/circulant-finite-threshold-20260909,https://github.com/whzy3185/math/commit/0d6d61b2be61c9467d3a6cd28c7393a722f28e23
2026-09-09T08:48:15Z,2026-09-09T08:48:15Z,1a39e3acdff03c27f6b8290ed81f765fcbedf82c,Add compact literature reference for v5 skill,b9bbadf7b779908a82522b4a7f6b25609233fb71,codex/math-zyc-workflow-20260914;research/aml-production-consumption-stabilization;skill/math-research-full-push-20260909,https://github.com/whzy3185/math/commit/1a39e3acdff03c27f6b8290ed81f765fcbedf82c
2026-09-09T08:48:25Z,2026-09-09T08:48:25Z,17cc424acb4eb71004fe6d63c57c3ea9c906b800,Add compact proof reference for v5 skill,1a39e3acdff03c27f6b8290ed81f765fcbedf82c,codex/math-zyc-workflow-20260914;research/aml-production-consumption-stabilization;skill/math-research-full-push-20260909,https://github.com/whzy3185/math/commit/17cc424acb4eb71004fe6d63c57c3ea9c906b800
2026-09-09T08:48:35Z,2026-09-09T08:48:35Z,3786e0de09bf3456536b849264a2890f2eae8c63,Add compact strengthening reference for v5 skill,17cc424acb4eb71004fe6d63c57c3ea9c906b800,codex/math-zyc-workflow-20260914;research/aml-production-consumption-stabilization;skill/math-research-full-push-20260909,https://github.com/whzy3185/math/commit/3786e0de09bf3456536b849264a2890f2eae8c63
2026-09-09T08:48:47Z,2026-09-09T08:48:47Z,6ca17744f58c2de692e90355aa1a0c1e7db1fef0,Add compact verification reference for v5 skill,3786e0de09bf3456536b849264a2890f2eae8c63,codex/math-zyc-workflow-20260914;research/aml-production-consumption-stabilization;skill/math-research-full-push-20260909,https://github.com/whzy3185/math/commit/6ca17744f58c2de692e90355aa1a0c1e7db1fef0
2026-09-09T08:48:56Z,2026-09-09T08:48:56Z,a7e2ca43a4d92afea7f34337cbc71fc6112516d6,Add compact publication reference for v5 skill,6ca17744f58c2de692e90355aa1a0c1e7db1fef0,codex/math-zyc-workflow-20260914;research/aml-production-consumption-stabilization;skill/math-research-full-push-20260909,https://github.com/whzy3185/math/commit/a7e2ca43a4d92afea7f34337cbc71fc6112516d6
2026-09-09T08:49:32Z,2026-09-09T08:49:32Z,7477c5662ea17582d1f8749249d97b919e96c776,Refactor math research skill to v5 progressive-disclosure core,a7e2ca43a4d92afea7f34337cbc71fc6112516d6,codex/math-zyc-workflow-20260914;research/aml-production-consumption-stabilization;skill/math-research-full-push-20260909,https://github.com/whzy3185/math/commit/7477c5662ea17582d1f8749249d97b919e96c776
2026-09-09T08:49:44Z,2026-09-09T08:49:44Z,c93030d867e079c7056ee4c3203c9fa0a09a3eb6,Archive pointer for pre-v5 math research skill,7477c5662ea17582d1f8749249d97b919e96c776,codex/math-zyc-workflow-20260914;research/aml-production-consumption-stabilization;skill/math-research-full-push-20260909,https://github.com/whzy3185/math/commit/c93030d867e079c7056ee4c3203c9fa0a09a3eb6
2026-09-09T08:50:14Z,2026-09-09T08:50:14Z,587de2c1c4de4b86dadfbb1f81816c08ce9145fb,Add real-use benchmark scenarios for math research skill,c93030d867e079c7056ee4c3203c9fa0a09a3eb6,codex/math-zyc-workflow-20260914;research/aml-production-consumption-stabilization;skill/math-research-full-push-20260909,https://github.com/whzy3185/math/commit/587de2c1c4de4b86dadfbb1f81816c08ce9145fb
2026-09-09T08:50:21Z,2026-09-09T08:50:21Z,e15ae1cef54ca56264f32c57a9600b8811e10ff5,Prove sub-six support rigidity and arithmetic sqrt6 obstructions,0d6d61b2be61c9467d3a6cd28c7393a722f28e23,paper/circulant-finite-threshold-20260909,https://github.com/whzy3185/math/commit/e15ae1cef54ca56264f32c57a9600b8811e10ff5
2026-09-09T08:50:24Z,2026-09-09T08:50:24Z,8158dd760447186251540b1f2b5d01d919498db7,Add complete sub-sqrt6 classification theorem,e15ae1cef54ca56264f32c57a9600b8811e10ff5,paper/circulant-finite-threshold-20260909,https://github.com/whzy3185/math/commit/8158dd760447186251540b1f2b5d01d919498db7
2026-09-09T08:50:32Z,2026-09-09T08:50:32Z,a3875fb8a5ed0e80d8695736f04764973befc11f,Remove v4 design doc from installable v5 skill bundle,587de2c1c4de4b86dadfbb1f81816c08ce9145fb,codex/math-zyc-workflow-20260914;research/aml-production-consumption-stabilization;skill/math-research-full-push-20260909,https://github.com/whzy3185/math/commit/a3875fb8a5ed0e80d8695736f04764973befc11f
2026-09-09T08:50:40Z,2026-09-09T08:50:40Z,0efd1e97aed1e7280affee5dc97b87cc32457f71,Move JCTA detail out of installable v5 skill bundle,a3875fb8a5ed0e80d8695736f04764973befc11f,codex/math-zyc-workflow-20260914;research/aml-production-consumption-stabilization;skill/math-research-full-push-20260909,https://github.com/whzy3185/math/commit/0efd1e97aed1e7280affee5dc97b87cc32457f71
2026-09-09T08:50:48Z,2026-09-09T08:50:48Z,7646c50523b93616f16bce5b44716da7d1853f7c,Remove bundled v4 claim template from v5 skill,0efd1e97aed1e7280affee5dc97b87cc32457f71,codex/math-zyc-workflow-20260914;research/aml-production-consumption-stabilization;skill/math-research-full-push-20260909,https://github.com/whzy3185/math/commit/7646c50523b93616f16bce5b44716da7d1853f7c
2026-09-09T08:50:54Z,2026-09-09T08:50:54Z,b45e035ca514af472440f2b845ac333f14ce6b0a,Add exact verifier for sub-sqrt6 classification,8158dd760447186251540b1f2b5d01d919498db7,paper/circulant-finite-threshold-20260909,https://github.com/whzy3185/math/commit/b45e035ca514af472440f2b845ac333f14ce6b0a
2026-09-09T08:50:55Z,2026-09-09T08:50:55Z,2d9089261cad7be1390933a245e2e10635adad43,Remove bundled v4 handoff template from v5 skill,7646c50523b93616f16bce5b44716da7d1853f7c,codex/math-zyc-workflow-20260914;research/aml-production-consumption-stabilization;skill/math-research-full-push-20260909,https://github.com/whzy3185/math/commit/2d9089261cad7be1390933a245e2e10635adad43
2026-09-09T08:51:01Z,2026-09-09T08:51:01Z,363c47ea5a54bbb724197f954b00f41245e85fbf,Remove bundled v4 journal template from v5 skill,2d9089261cad7be1390933a245e2e10635adad43,codex/math-zyc-workflow-20260914;research/aml-production-consumption-stabilization;skill/math-research-full-push-20260909,https://github.com/whzy3185/math/commit/363c47ea5a54bbb724197f954b00f41245e85fbf
2026-09-09T08:51:09Z,2026-09-09T08:51:09Z,e0cc5ba101eda3194146aecdc5e7d6ce2aeac75b,Remove bundled v4 literature-map template from v5 skill,363c47ea5a54bbb724197f954b00f41245e85fbf,codex/math-zyc-workflow-20260914;research/aml-production-consumption-stabilization;skill/math-research-full-push-20260909,https://github.com/whzy3185/math/commit/e0cc5ba101eda3194146aecdc5e7d6ce2aeac75b
2026-09-09T08:51:15Z,2026-09-09T08:51:15Z,655cd1a87a5bb659d98e6f13bb4c54f79ed70daf,Remove bundled v4 open-status template from v5 skill,e0cc5ba101eda3194146aecdc5e7d6ce2aeac75b,codex/math-zyc-workflow-20260914;research/aml-production-consumption-stabilization;skill/math-research-full-push-20260909,https://github.com/whzy3185/math/commit/655cd1a87a5bb659d98e6f13bb4c54f79ed70daf
2026-09-09T08:51:21Z,2026-09-09T08:51:21Z,6a58d22dc4f8dfd96d5ab987575b0b55b0cce7ee,Remove bundled v4 prior-art template from v5 skill,655cd1a87a5bb659d98e6f13bb4c54f79ed70daf,codex/math-zyc-workflow-20260914;research/aml-production-consumption-stabilization;skill/math-research-full-push-20260909,https://github.com/whzy3185/math/commit/6a58d22dc4f8dfd96d5ab987575b0b55b0cce7ee
2026-09-09T08:51:30Z,2026-09-09T08:51:30Z,62eb6a3347ae46b67e03d1bbb2d4b91700058584,Remove bundled v4 proof-graph template from v5 skill,6a58d22dc4f8dfd96d5ab987575b0b55b0cce7ee,codex/math-zyc-workflow-20260914;research/aml-production-consumption-stabilization;skill/math-research-full-push-20260909,https://github.com/whzy3185/math/commit/62eb6a3347ae46b67e03d1bbb2d4b91700058584
2026-09-09T08:51:35Z,2026-09-09T08:51:35Z,3b73ac36b23f6aea2d794d4e621b7fe6cd32c8ad,Remove bundled v4 research-state template from v5 skill,62eb6a3347ae46b67e03d1bbb2d4b91700058584,codex/math-zyc-workflow-20260914;research/aml-production-consumption-stabilization;skill/math-research-full-push-20260909,https://github.com/whzy3185/math/commit/3b73ac36b23f6aea2d794d4e621b7fe6cd32c8ad
2026-09-09T08:51:39Z,2026-09-09T08:51:39Z,0ccb1ed273d8c87e28a3f6bab68779c68810fbd9,Remove bundled v4 seed-paper template from v5 skill,3b73ac36b23f6aea2d794d4e621b7fe6cd32c8ad,codex/math-zyc-workflow-20260914;research/aml-production-consumption-stabilization;skill/math-research-full-push-20260909,https://github.com/whzy3185/math/commit/0ccb1ed273d8c87e28a3f6bab68779c68810fbd9
2026-09-09T08:52:33Z,2026-09-09T08:52:33Z,63912e14ac5ebc138ae0874c5a9a0d8cce81b792,Prove general two-defect compression theorem,f4680b1575c22f7b278d7f4a59f3df6fdbf7fbac,paper/circulant-periodic-gap-20260909,https://github.com/whzy3185/math/commit/63912e14ac5ebc138ae0874c5a9a0d8cce81b792
2026-09-09T08:52:46Z,2026-09-09T08:52:46Z,308cf52b7642e4fde6ca5e85e84cee1d671df5bb,Add exact N14 sub-sqrt6 rigidity theorem,b45e035ca514af472440f2b845ac333f14ce6b0a,paper/circulant-finite-threshold-20260909,https://github.com/whzy3185/math/commit/308cf52b7642e4fde6ca5e85e84cee1d671df5bb
2026-09-09T08:52:50Z,2026-09-09T08:52:50Z,ce86cad0745ae0cee02ad73106b730d9a78f2f6f,Compress v5 skill core below error-budget range,0ccb1ed273d8c87e28a3f6bab68779c68810fbd9,codex/math-zyc-workflow-20260914;research/aml-production-consumption-stabilization;skill/math-research-full-push-20260909,https://github.com/whzy3185/math/commit/ce86cad0745ae0cee02ad73106b730d9a78f2f6f
2026-09-09T08:53:09Z,2026-09-09T08:53:09Z,f2b72328b07594a97ae6a9e7e8e8de78a320b955,Fold strengthening guidance into compact v5 core and proof mode,ce86cad0745ae0cee02ad73106b730d9a78f2f6f,codex/math-zyc-workflow-20260914;research/aml-production-consumption-stabilization;skill/math-research-full-push-20260909,https://github.com/whzy3185/math/commit/f2b72328b07594a97ae6a9e7e8e8de78a320b955
2026-09-09T08:53:14Z,2026-09-09T08:53:14Z,388e120d88ac81c7c9ed098c54d502e6a198af97,Add sub-six arithmetic obstruction and general odd-k theorem,308cf52b7642e4fde6ca5e85e84cee1d671df5bb,paper/circulant-finite-threshold-20260909,https://github.com/whzy3185/math/commit/388e120d88ac81c7c9ed098c54d502e6a198af97
2026-09-09T08:53:27Z,2026-09-09T08:53:27Z,33860f9600edd77dcae43be22a08c88b5390112d,Trim v5 core to fit non-error invocation budget,f2b72328b07594a97ae6a9e7e8e8de78a320b955,codex/math-zyc-workflow-20260914;research/aml-production-consumption-stabilization;skill/math-research-full-push-20260909,https://github.com/whzy3185/math/commit/33860f9600edd77dcae43be22a08c88b5390112d
2026-09-09T08:53:54Z,2026-09-09T08:53:54Z,2b6be08cc273e86fdce65ad1250d775590f5905e,Finalize compact v5 invocation core,33860f9600edd77dcae43be22a08c88b5390112d,codex/math-zyc-workflow-20260914;research/aml-production-consumption-stabilization;skill/math-research-full-push-20260909,https://github.com/whzy3185/math/commit/2b6be08cc273e86fdce65ad1250d775590f5905e
2026-09-09T08:54:18Z,2026-09-09T08:54:18Z,b6f745252fd1d4bf3da2bae8c7962e1d87d72bb1,Keep v5 invocation safely below evaluator error threshold,2b6be08cc273e86fdce65ad1250d775590f5905e,codex/math-zyc-workflow-20260914;research/aml-production-consumption-stabilization;skill/math-research-full-push-20260909,https://github.com/whzy3185/math/commit/b6f745252fd1d4bf3da2bae8c7962e1d87d72bb1
2026-09-09T08:54:28Z,2026-09-09T08:54:28Z,f0c651d4b8e1d2b455308ae0e24c2cf9503ff0dd,Reorganize proof map around parity defects and general resonance obstruction,388e120d88ac81c7c9ed098c54d502e6a198af97,paper/circulant-finite-threshold-20260909,https://github.com/whzy3185/math/commit/f0c651d4b8e1d2b455308ae0e24c2cf9503ff0dd
2026-09-09T08:54:53Z,2026-09-09T08:54:53Z,7b4919a04288d8741fbc395c81f04af650e90180,Restore compact theorem-strengthening behavior in v5 proof mode,b6f745252fd1d4bf3da2bae8c7962e1d87d72bb1,codex/math-zyc-workflow-20260914;research/aml-production-consumption-stabilization;skill/math-research-full-push-20260909,https://github.com/whzy3185/math/commit/7b4919a04288d8741fbc395c81f04af650e90180
2026-09-09T08:56:08Z,2026-09-09T08:56:08Z,78e3ef8da0d1a4125327dc2f579961fb9ec7e3b7,Record v5 plugin-eval assessment and benchmark plan,7b4919a04288d8741fbc395c81f04af650e90180,codex/math-zyc-workflow-20260914;research/aml-production-consumption-stabilization;skill/math-research-full-push-20260909,https://github.com/whzy3185/math/commit/78e3ef8da0d1a4125327dc2f579961fb9ec7e3b7
2026-09-09T08:59:16Z,2026-09-09T08:59:16Z,8d0da21ce057505e53da17162ac4f8ba6c8430fd,Repair and strengthen complete sub-sqrt6 classification,f0c651d4b8e1d2b455308ae0e24c2cf9503ff0dd,paper/circulant-finite-threshold-20260909,https://github.com/whzy3185/math/commit/8d0da21ce057505e53da17162ac4f8ba6c8430fd
2026-09-09T09:00:14Z,2026-09-09T09:00:14Z,502c79a997f71f1498e1f8e79915e76e72f369b8,Promote complete sub-sqrt6 classification and odd-order floor,8d0da21ce057505e53da17162ac4f8ba6c8430fd,paper/circulant-finite-threshold-20260909,https://github.com/whzy3185/math/commit/502c79a997f71f1498e1f8e79915e76e72f369b8
2026-09-09T09:01:41Z,2026-09-09T09:01:41Z,74631585568540fd53dc407c01230f7e39ae94ec,Reframe literature audit around complete sub-sqrt6 theorem,502c79a997f71f1498e1f8e79915e76e72f369b8,paper/circulant-finite-threshold-20260909,https://github.com/whzy3185/math/commit/74631585568540fd53dc407c01230f7e39ae94ec
2026-09-09T09:02:38Z,2026-09-09T09:02:38Z,1011906de83aa05c86c00fd7946e2a41ea9ed8e2,Reorganize proof map around complete sub-sqrt6 theorem,74631585568540fd53dc407c01230f7e39ae94ec,paper/circulant-finite-threshold-20260909,https://github.com/whzy3185/math/commit/1011906de83aa05c86c00fd7946e2a41ea9ed8e2
2026-09-09T09:03:52Z,2026-09-09T09:03:52Z,d0aa154b032c0a7102f9d741e7d4df36a97b1f6a,Upgrade compressed two-defect gap to quadratic scale,63912e14ac5ebc138ae0874c5a9a0d8cce81b792,paper/circulant-periodic-gap-20260909,https://github.com/whzy3185/math/commit/d0aa154b032c0a7102f9d741e7d4df36a97b1f6a
2026-09-09T09:07:35Z,2026-09-09T09:07:35Z,69b37b3b07c34816d6322b3f19c3903e9f061005,Prove sharp compressed-gap asymptotic constant,d0aa154b032c0a7102f9d741e7d4df36a97b1f6a,paper/circulant-periodic-gap-20260909,https://github.com/whzy3185/math/commit/69b37b3b07c34816d6322b3f19c3903e9f061005
2026-09-09T09:08:15Z,2026-09-09T09:08:15Z,8177fd3757b4cc97daeadb6b5597195ee73d2cfd,Add root-quotient structure and exact m2=6 cases,1011906de83aa05c86c00fd7946e2a41ea9ed8e2,paper/circulant-finite-threshold-20260909,https://github.com/whzy3185/math/commit/8177fd3757b4cc97daeadb6b5597195ee73d2cfd
2026-09-09T09:08:17Z,2026-09-09T09:08:17Z,55cc1d9835fad487d3f153c1f6ae59018d4d7bc8,Prove exact Robin endpoint law and compressed-family asymptotic,69b37b3b07c34816d6322b3f19c3903e9f061005,paper/circulant-periodic-gap-20260909,https://github.com/whzy3185/math/commit/55cc1d9835fad487d3f153c1f6ae59018d4d7bc8
2026-09-09T09:08:49Z,2026-09-09T09:08:49Z,98f9b7c93159b72e20677af04921f74e39d23a90,Reorganize Paper I around general 2-adic compression theorem,55cc1d9835fad487d3f153c1f6ae59018d4d7bc8,paper/circulant-periodic-gap-20260909,https://github.com/whzy3185/math/commit/98f9b7c93159b72e20677af04921f74e39d23a90
2026-09-09T09:09:11Z,2026-09-09T09:09:11Z,60442351b3f788380b3373c6293498b7c5d59a57,Record six-boundary root quotient and exact equality cases,8177fd3757b4cc97daeadb6b5597195ee73d2cfd,paper/circulant-finite-threshold-20260909,https://github.com/whzy3185/math/commit/60442351b3f788380b3373c6293498b7c5d59a57
2026-09-09T09:10:14Z,2026-09-09T09:10:14Z,606b98d95f88695920119e636a22b9e95b18a3ea,Add exact certificates for m2=6 examples,60442351b3f788380b3373c6293498b7c5d59a57,paper/circulant-finite-threshold-20260909,https://github.com/whzy3185/math/commit/606b98d95f88695920119e636a22b9e95b18a3ea
2026-09-09T09:20:15Z,2026-09-09T09:20:15Z,c1f3b9b1401b8a83e247177ba89e48dbca6e0dc2,Prove exact discriminant and sharp global compressed-family gap,98f9b7c93159b72e20677af04921f74e39d23a90,paper/circulant-periodic-gap-20260909,https://github.com/whzy3185/math/commit/c1f3b9b1401b8a83e247177ba89e48dbca6e0dc2
2026-09-09T09:20:36Z,2026-09-09T09:20:36Z,de56f09af0841b071b4c8885423b12c65cfaa6a2,Prove first correction and phase rigidity for compressed gap,c1f3b9b1401b8a83e247177ba89e48dbca6e0dc2,paper/circulant-periodic-gap-20260909,https://github.com/whzy3185/math/commit/de56f09af0841b071b4c8885423b12c65cfaa6a2
2026-09-09T09:23:28Z,2026-09-09T09:23:28Z,ec8269417bcaf6698978dab7cdc9c5dc7a9d857e,Prove eventual exact phase locking for compressed family,de56f09af0841b071b4c8885423b12c65cfaa6a2,paper/circulant-periodic-gap-20260909,https://github.com/whzy3185/math/commit/ec8269417bcaf6698978dab7cdc9c5dc7a9d857e
2026-09-09T09:24:15Z,2026-09-09T09:24:15Z,fd1766215803d34d1978ce88413ab5b5afa573e5,Add literature boundary audit for 2-adic compression theorem,ec8269417bcaf6698978dab7cdc9c5dc7a9d857e,paper/circulant-periodic-gap-20260909,https://github.com/whzy3185/math/commit/fd1766215803d34d1978ce88413ab5b5afa573e5
2026-09-09T09:27:21Z,2026-09-09T09:27:21Z,16239d0a0905c2ac69463780c91c80529a687a15,Prove eventual exact periodic Bloch-phase selection,fd1766215803d34d1978ce88413ab5b5afa573e5,paper/circulant-periodic-gap-20260909,https://github.com/whzy3185/math/commit/16239d0a0905c2ac69463780c91c80529a687a15
2026-09-09T09:30:36Z,2026-09-09T09:30:36Z,dea921209ddfcaaec090bc0fb0c85ee975df43bf,Add higher-order compressed-gap expansion,16239d0a0905c2ac69463780c91c80529a687a15,paper/circulant-periodic-gap-20260909,https://github.com/whzy3185/math/commit/dea921209ddfcaaec090bc0fb0c85ee975df43bf
2026-09-09T09:31:53Z,2026-09-09T09:31:53Z,66fb07154af641fece5c4cf4b05087e9168fa9aa,Upgrade final periodic theorem package with exact phase selection,dea921209ddfcaaec090bc0fb0c85ee975df43bf,paper/circulant-periodic-gap-20260909,https://github.com/whzy3185/math/commit/66fb07154af641fece5c4cf4b05087e9168fa9aa
2026-09-09T09:37:45Z,2026-09-09T09:37:45Z,eadf1b17ef266be0fd84b65e217eb711970bf9fe,Rebuild Paper I manuscript around general compression theorem,66fb07154af641fece5c4cf4b05087e9168fa9aa,paper/circulant-periodic-gap-20260909,https://github.com/whzy3185/math/commit/eadf1b17ef266be0fd84b65e217eb711970bf9fe
2026-09-09T09:39:04Z,2026-09-09T09:39:04Z,cf7421abe556a1be850eb71a994cb82b70f8559d,Fix transfer notation in sharp compressed theorem,eadf1b17ef266be0fd84b65e217eb711970bf9fe,paper/circulant-periodic-gap-20260909,https://github.com/whzy3185/math/commit/cf7421abe556a1be850eb71a994cb82b70f8559d
2026-09-09T09:50:53Z,2026-09-09T09:50:53Z,86bbecc04a25a93d620048f0e68fd07637f69eab,Prove defect-separation Robin constant hierarchy,cf7421abe556a1be850eb71a994cb82b70f8559d,paper/circulant-periodic-gap-20260909,https://github.com/whzy3185/math/commit/86bbecc04a25a93d620048f0e68fd07637f69eab
2026-09-09T10:07:40Z,2026-09-09T10:07:40Z,2216af9f6e5b90b4a17024b22d2cf7fe8281071a,research: seed AML production-consumption stabilization campaign,78e3ef8da0d1a4125327dc2f579961fb9ec7e3b7,research/aml-production-consumption-stabilization,https://github.com/whzy3185/math/commit/2216af9f6e5b90b4a17024b22d2cf7fe8281071a
2026-09-09T10:07:58Z,2026-09-09T10:07:58Z,e5a9961af8f24347e0765a69232eaec3ca5a66b6,research: add stabilization claim ledger,2216af9f6e5b90b4a17024b22d2cf7fe8281071a,research/aml-production-consumption-stabilization,https://github.com/whzy3185/math/commit/e5a9961af8f24347e0765a69232eaec3ca5a66b6
2026-09-09T10:08:27Z,2026-09-09T10:08:27Z,081959c12640c20e79e4f6481d1761592ced88bf,research: add proof DAG for AML stabilization target,e5a9961af8f24347e0765a69232eaec3ca5a66b6,research/aml-production-consumption-stabilization,https://github.com/whzy3185/math/commit/081959c12640c20e79e4f6481d1761592ced88bf
2026-09-09T10:08:47Z,2026-09-09T10:08:47Z,ef3d5e5138be7caf782d81ce9ec05a86d00f42f3,research: record first novelty audit for AML stabilization target,081959c12640c20e79e4f6481d1761592ced88bf,research/aml-production-consumption-stabilization,https://github.com/whzy3185/math/commit/ef3d5e5138be7caf782d81ce9ec05a86d00f42f3
2026-09-09T10:11:01Z,2026-09-09T10:11:01Z,95a49b4445ac2bcb3d6c36f917fa85b00369897d,research: promote signal and L2 cell decay claims,ef3d5e5138be7caf782d81ce9ec05a86d00f42f3,research/aml-production-consumption-stabilization,https://github.com/whzy3185/math/commit/95a49b4445ac2bcb3d6c36f917fa85b00369897d
2026-09-09T10:12:24Z,2026-09-09T10:12:24Z,b72b9cf07c99fd78565f2bcf6fa10f1463015102,research: close finite-p exponential stabilization theorem,95a49b4445ac2bcb3d6c36f917fa85b00369897d,research/aml-production-consumption-stabilization,https://github.com/whzy3185/math/commit/b72b9cf07c99fd78565f2bcf6fa10f1463015102
2026-09-09T10:14:41Z,2026-09-09T10:14:41Z,d34324e64b2159ef95830bf4982fcf312695e502,research: strengthen to general dissipative signal kinetics,b72b9cf07c99fd78565f2bcf6fa10f1463015102,research/aml-production-consumption-stabilization,https://github.com/whzy3185/math/commit/d34324e64b2159ef95830bf4982fcf312695e502
2026-09-09T10:15:20Z,2026-09-09T10:15:20Z,33a0bdfc7e27b581f93d9c10a93b436ad991a392,research: refresh novelty audit after theorem strengthening,d34324e64b2159ef95830bf4982fcf312695e502,research/aml-production-consumption-stabilization,https://github.com/whzy3185/math/commit/33a0bdfc7e27b581f93d9c10a93b436ad991a392
2026-09-09T10:16:08Z,2026-09-09T10:16:08Z,9bae1821dd541ad50651788fa123045a19d0e125,paper: add AML manuscript blueprint for stabilization principle,33a0bdfc7e27b581f93d9c10a93b436ad991a392,research/aml-production-consumption-stabilization,https://github.com/whzy3185/math/commit/9bae1821dd541ad50651788fa123045a19d0e125
2026-09-09T10:28:56Z,2026-09-09T10:28:56Z,5e443d7029f2c77c32b3d44a9d02219c58d8676c,Fix equilibrium-root assumption in general stabilization theorem,9bae1821dd541ad50651788fa123045a19d0e125,research/aml-production-consumption-stabilization,https://github.com/whzy3185/math/commit/5e443d7029f2c77c32b3d44a9d02219c58d8676c
2026-09-09T10:29:33Z,2026-09-09T10:29:33Z,1574c7cf55a2ebd9dc9a38b1cc3d636e0aa9e33a,Update stabilization claims after deep novelty audit,5e443d7029f2c77c32b3d44a9d02219c58d8676c,research/aml-production-consumption-stabilization,https://github.com/whzy3185/math/commit/1574c7cf55a2ebd9dc9a38b1cc3d636e0aa9e33a
2026-09-09T10:30:32Z,2026-09-09T10:30:32Z,57d107a4f6991f37a1bceda4b23db111914c3247,Add deep theorem-to-theorem novelty audit for AML stabilization project,1574c7cf55a2ebd9dc9a38b1cc3d636e0aa9e33a,research/aml-production-consumption-stabilization,https://github.com/whzy3185/math/commit/57d107a4f6991f37a1bceda4b23db111914c3247
2026-09-09T10:34:24Z,2026-09-09T10:34:24Z,5a601aba7bf7d61034bbe07c3687b51a9d7e5e57,Upgrade stabilization theorem to uniform exponential convergence,57d107a4f6991f37a1bceda4b23db111914c3247,research/aml-production-consumption-stabilization,https://github.com/whzy3185/math/commit/5a601aba7bf7d61034bbe07c3687b51a9d7e5e57
2026-09-09T10:34:50Z,2026-09-09T10:34:50Z,5fe116ab6d7b5bc1d8ef0c9958b68b5745bee9c5,Promote Linfinity stabilization after Neumann local-bound closure,5a601aba7bf7d61034bbe07c3687b51a9d7e5e57,research/aml-production-consumption-stabilization,https://github.com/whzy3185/math/commit/5fe116ab6d7b5bc1d8ef0c9958b68b5745bee9c5
2026-09-09T10:35:16Z,2026-09-09T10:35:16Z,e19239f98e5cd7fd4e33bcf16a57898ae5866bca,Close proof DAG with direct Neumann Linfinity upgrade,5fe116ab6d7b5bc1d8ef0c9958b68b5745bee9c5,research/aml-production-consumption-stabilization,https://github.com/whzy3185/math/commit/e19239f98e5cd7fd4e33bcf16a57898ae5866bca
2026-09-09T10:35:37Z,2026-09-09T10:35:37Z,c376b6883d588bb2ca2c3726b65557e03a68ec14,Promote current research state after uniform stabilization proof,e19239f98e5cd7fd4e33bcf16a57898ae5866bca,research/aml-production-consumption-stabilization,https://github.com/whzy3185/math/commit/c376b6883d588bb2ca2c3726b65557e03a68ec14
2026-09-09T10:35:58Z,2026-09-09T10:35:58Z,fd829bdbb73314755886bc587b5cb0fceb9b7650,Record source-pinned direct Linfinity upgrade,c376b6883d588bb2ca2c3726b65557e03a68ec14,research/aml-production-consumption-stabilization,https://github.com/whzy3185/math/commit/fd829bdbb73314755886bc587b5cb0fceb9b7650
2026-09-09T10:45:24Z,2026-09-09T10:45:24Z,fc5d67de12162895091e1eb7bee200b97cd4fb40,lean: initialize AML stabilization formal project,fd829bdbb73314755886bc587b5cb0fceb9b7650,research/aml-production-consumption-stabilization,https://github.com/whzy3185/math/commit/fc5d67de12162895091e1eb7bee200b97cd4fb40
2026-09-09T10:45:58Z,2026-09-09T10:45:58Z,dae0bbb6958696576fb4ba85642752bdfdc29b90,lean: pin Lean 4.33.1,fc5d67de12162895091e1eb7bee200b97cd4fb40,research/aml-production-consumption-stabilization,https://github.com/whzy3185/math/commit/dae0bbb6958696576fb4ba85642752bdfdc29b90
2026-09-09T10:46:04Z,2026-09-09T10:46:04Z,bd4618bf2c4e3150dd5433a79bea4348fac93603,lean: add AML stabilization library root,dae0bbb6958696576fb4ba85642752bdfdc29b90,research/aml-production-consumption-stabilization,https://github.com/whzy3185/math/commit/bd4618bf2c4e3150dd5433a79bea4348fac93603
2026-09-09T10:46:28Z,2026-09-09T10:46:28Z,3241837460e865cde4195aeab0f15b22591e11cd,lean: formalize coercivity and dissipativity algebraic core,bd4618bf2c4e3150dd5433a79bea4348fac93603,research/aml-production-consumption-stabilization,https://github.com/whzy3185/math/commit/3241837460e865cde4195aeab0f15b22591e11cd
2026-09-09T10:46:40Z,2026-09-09T10:46:40Z,21e32623b0bd55009435a7f116bd6e184757b2c5,ci: add Lean verification workflow for AML theorem core,3241837460e865cde4195aeab0f15b22591e11cd,research/aml-production-consumption-stabilization,https://github.com/whzy3185/math/commit/21e32623b0bd55009435a7f116bd6e184757b2c5
2026-09-09T10:49:49Z,2026-09-09T10:49:49Z,7cb4d1aaebcc26286e2ae65c853ffd811614b2bd,lean: make production-consumption factorization explicit,21e32623b0bd55009435a7f116bd6e184757b2c5,research/aml-production-consumption-stabilization,https://github.com/whzy3185/math/commit/7cb4d1aaebcc26286e2ae65c853ffd811614b2bd
2026-09-09T10:52:32Z,2026-09-09T10:52:32Z,d2dd2800d3d38400ee7c7f0baf0d91424d4ac361,docs: record successful Lean verification scope and limits,7cb4d1aaebcc26286e2ae65c853ffd811614b2bd,research/aml-production-consumption-stabilization,https://github.com/whzy3185/math/commit/d2dd2800d3d38400ee7c7f0baf0d91424d4ac361
2026-09-09T11:02:35Z,2026-09-09T11:02:35Z,be235c42918ee81c1a6c9b8c744523f29324fe57,lean: formalize differential energy decay principle,d2dd2800d3d38400ee7c7f0baf0d91424d4ac361,research/aml-production-consumption-stabilization,https://github.com/whzy3185/math/commit/be235c42918ee81c1a6c9b8c744523f29324fe57
2026-09-09T11:02:41Z,2026-09-09T11:02:41Z,e491cedca5de969bec02ed0fa9f350d499fac3f1,lean: include energy decay module,be235c42918ee81c1a6c9b8c744523f29324fe57,research/aml-production-consumption-stabilization,https://github.com/whzy3185/math/commit/e491cedca5de969bec02ed0fa9f350d499fac3f1
2026-09-09T11:06:12Z,2026-09-09T11:06:12Z,85146d5dacda1ffbdc33a2b938680fe5fb593e7d,lean: fix energy decay calculus API usage,e491cedca5de969bec02ed0fa9f350d499fac3f1,research/aml-production-consumption-stabilization,https://github.com/whzy3185/math/commit/85146d5dacda1ffbdc33a2b938680fe5fb593e7d
2026-09-09T11:08:50Z,2026-09-09T11:08:50Z,88233b3012111616e63432e7e76ec9ad54f6c8c2,lean: normalize weighted energy derivative directly,85146d5dacda1ffbdc33a2b938680fe5fb593e7d,research/aml-production-consumption-stabilization,https://github.com/whzy3185/math/commit/88233b3012111616e63432e7e76ec9ad54f6c8c2
2026-09-09T11:12:17Z,2026-09-09T11:12:17Z,51215689ace63e5478c5bf67c60a012836b85407,lean: align weighted energy with product derivative API,88233b3012111616e63432e7e76ec9ad54f6c8c2,research/aml-production-consumption-stabilization,https://github.com/whzy3185/math/commit/51215689ace63e5478c5bf67c60a012836b85407
2026-09-09T11:15:34Z,2026-09-09T11:15:34Z,702352ef979b8807ec7a9307a80a3aaf0af042e4,docs: record Lean-verified energy decay principle,51215689ace63e5478c5bf67c60a012836b85407,research/aml-production-consumption-stabilization,https://github.com/whzy3185/math/commit/702352ef979b8807ec7a9307a80a3aaf0af042e4
2026-09-09T11:44:43Z,2026-09-09T11:44:43Z,ad936d80ed820b0a7843a8d25c7910a9e025bf14,lean: add PDE-to-scalar energy decay bridge,702352ef979b8807ec7a9307a80a3aaf0af042e4,research/aml-production-consumption-stabilization,https://github.com/whzy3185/math/commit/ad936d80ed820b0a7843a8d25c7910a9e025bf14
2026-09-09T11:44:57Z,2026-09-09T11:44:57Z,8eba9ab96e0a9e42078f3e53fb035033c51151be,lean: include signal energy bridge module,ad936d80ed820b0a7843a8d25c7910a9e025bf14,research/aml-production-consumption-stabilization,https://github.com/whzy3185/math/commit/8eba9ab96e0a9e42078f3e53fb035033c51151be
2026-09-09T11:47:50Z,2026-09-09T11:47:50Z,c0cdd0a951a3770e4ab00db4cf450788f809ad0b,ci: verify imported signal energy bridge,8eba9ab96e0a9e42078f3e53fb035033c51151be,research/aml-production-consumption-stabilization,https://github.com/whzy3185/math/commit/c0cdd0a951a3770e4ab00db4cf450788f809ad0b
2026-09-09T11:49:24Z,2026-09-09T11:49:24Z,1dc0b733a05b082dbecd75f466e987468453d42e,docs: record verified PDE-to-scalar Lean bridge,c0cdd0a951a3770e4ab00db4cf450788f809ad0b,research/aml-production-consumption-stabilization,https://github.com/whzy3185/math/commit/1dc0b733a05b082dbecd75f466e987468453d42e
2026-09-09T12:01:25Z,2026-09-09T12:01:25Z,11f4d002a5a8276206f61078103c7cde89a5650c,lean: formalize integral coercivity layer,1dc0b733a05b082dbecd75f466e987468453d42e,research/aml-production-consumption-stabilization,https://github.com/whzy3185/math/commit/11f4d002a5a8276206f61078103c7cde89a5650c
2026-09-09T12:01:42Z,2026-09-09T12:01:42Z,16d0ca0d36107d6a28433524fb494b5fbcdfd840,lean: include integral coercivity module,11f4d002a5a8276206f61078103c7cde89a5650c,research/aml-production-consumption-stabilization,https://github.com/whzy3185/math/commit/16d0ca0d36107d6a28433524fb494b5fbcdfd840
2026-09-09T12:05:07Z,2026-09-09T12:05:07Z,cee4e97b99d32506b45d0d4e1b59021fa886a300,lean: remove redundant tactic in integral coercivity proof,16d0ca0d36107d6a28433524fb494b5fbcdfd840,research/aml-production-consumption-stabilization,https://github.com/whzy3185/math/commit/cee4e97b99d32506b45d0d4e1b59021fa886a300
2026-09-09T12:08:36Z,2026-09-09T12:08:36Z,5f3470a2e4d19748293ecacd779cc2e82629fad1,docs: record verified integral coercivity layer,cee4e97b99d32506b45d0d4e1b59021fa886a300,research/aml-production-consumption-stabilization,https://github.com/whzy3185/math/commit/5f3470a2e4d19748293ecacd779cc2e82629fad1
2026-09-09T12:17:25Z,2026-09-09T12:17:25Z,32af3404c6d3abb23855ada0e19c27924e3a2a21,Prove sharp endpoint gap for compressed two-defect family,86bbecc04a25a93d620048f0e68fd07637f69eab,paper/circulant-periodic-gap-20260909,https://github.com/whzy3185/math/commit/32af3404c6d3abb23855ada0e19c27924e3a2a21
2026-09-09T12:18:29Z,2026-09-09T12:18:29Z,285c2c89b61e78b247c06bc5c31b6745a5bb5cea,lean: formalize L2 Holder inputs for coercivity,5f3470a2e4d19748293ecacd779cc2e82629fad1,research/aml-production-consumption-stabilization,https://github.com/whzy3185/math/commit/285c2c89b61e78b247c06bc5c31b6745a5bb5cea
2026-09-09T12:18:51Z,2026-09-09T12:18:51Z,d9323d6b57c3641ac8f03ced770689b3159e6f90,lean: include Holder core module,285c2c89b61e78b247c06bc5c31b6745a5bb5cea,research/aml-production-consumption-stabilization,https://github.com/whzy3185/math/commit/d9323d6b57c3641ac8f03ced770689b3159e6f90
2026-09-09T12:20:52Z,2026-09-09T12:20:52Z,694a7697dc8886f419df1f5f5c7e56022685b233,Derive exact two-phase characteristic equation for compressed family,32af3404c6d3abb23855ada0e19c27924e3a2a21,paper/circulant-periodic-gap-20260909,https://github.com/whzy3185/math/commit/694a7697dc8886f419df1f5f5c7e56022685b233
2026-09-09T12:21:19Z,2026-09-09T12:21:19Z,facbc217b692bd706d55734443ed5e72f7b0a562,prove arithmetic localization at the sqrt6 boundary,606b98d95f88695920119e636a22b9e95b18a3ea,paper/circulant-finite-threshold-20260909,https://github.com/whzy3185/math/commit/facbc217b692bd706d55734443ed5e72f7b0a562
2026-09-09T12:21:40Z,2026-09-09T12:21:40Z,e12945f4e38f614bc75991740afb940cc63fdb2f,add exact sanity checks for six-boundary arithmetic localization,facbc217b692bd706d55734443ed5e72f7b0a562,paper/circulant-finite-threshold-20260909,https://github.com/whzy3185/math/commit/e12945f4e38f614bc75991740afb940cc63fdb2f
2026-09-09T12:22:15Z,2026-09-09T12:22:15Z,f8cd6740be79214a28ef61917de51ea79423c3b7,lean: align Holder MemLp exponent representations,d9323d6b57c3641ac8f03ced770689b3159e6f90,research/aml-production-consumption-stabilization,https://github.com/whzy3185/math/commit/f8cd6740be79214a28ef61917de51ea79423c3b7
2026-09-09T12:25:55Z,2026-09-09T12:25:55Z,704a86ee512905d588ac3da64370475843341934,lean: use MemLp.norm in Holder core,f8cd6740be79214a28ef61917de51ea79423c3b7,research/aml-production-consumption-stabilization,https://github.com/whzy3185/math/commit/704a86ee512905d588ac3da64370475843341934
2026-09-09T12:29:38Z,2026-09-09T12:29:38Z,208a4f89016858b8ee8e6e5fc23fb4e1072502fc,lean: close full coercivity from MemLp Holder inputs,704a86ee512905d588ac3da64370475843341934,research/aml-production-consumption-stabilization,https://github.com/whzy3185/math/commit/208a4f89016858b8ee8e6e5fc23fb4e1072502fc
2026-09-09T12:29:51Z,2026-09-09T12:29:51Z,77df13f804b5334602984e249bc8f0a718d5e39d,lean: include Holder coercivity bridge,208a4f89016858b8ee8e6e5fc23fb4e1072502fc,research/aml-production-consumption-stabilization,https://github.com/whzy3185/math/commit/77df13f804b5334602984e249bc8f0a718d5e39d
2026-09-09T12:31:54Z,2026-09-09T12:31:54Z,3eb9524a2f1b0274a9bd4d451a0328b5e0f7d508,Prove uniform global sharp gap for compressed two-defect family,694a7697dc8886f419df1f5f5c7e56022685b233,paper/circulant-periodic-gap-20260909,https://github.com/whzy3185/math/commit/3eb9524a2f1b0274a9bd4d451a0328b5e0f7d508
2026-09-09T12:34:12Z,2026-09-09T12:34:12Z,0b1a6f03e54be966846f630d39ca3abfd23ed254,docs: record Lean-verified Holder coercivity closure,77df13f804b5334602984e249bc8f0a718d5e39d,research/aml-production-consumption-stabilization,https://github.com/whzy3185/math/commit/0b1a6f03e54be966846f630d39ca3abfd23ed254
2026-09-09T12:34:23Z,2026-09-09T12:34:23Z,55e2a5df9aa910197f7b32656e288eed1d65e7bf,classify the twin resonance at the sqrt6 boundary,e12945f4e38f614bc75991740afb940cc63fdb2f,paper/circulant-finite-threshold-20260909,https://github.com/whzy3185/math/commit/55e2a5df9aa910197f7b32656e288eed1d65e7bf
2026-09-09T12:35:02Z,2026-09-09T12:35:02Z,51824c328605fe208dddba862b78d484430947d2,"add exact Qsqrt3 certificate for C12(1,2)",55e2a5df9aa910197f7b32656e288eed1d65e7bf,paper/circulant-finite-threshold-20260909,https://github.com/whzy3185/math/commit/51824c328605fe208dddba862b78d484430947d2
2026-09-09T12:35:59Z,2026-09-09T12:35:59Z,a9fb3ef5ae3faa7904b9178abd8511a9f4b4340b,update finite-threshold rebuild with sqrt6 boundary advances,51824c328605fe208dddba862b78d484430947d2,paper/circulant-finite-threshold-20260909,https://github.com/whzy3185/math/commit/a9fb3ef5ae3faa7904b9178abd8511a9f4b4340b
2026-09-09T12:36:26Z,2026-09-09T12:36:26Z,f17843d3594100649d043f04e42d42ec76c114cc,Prove eventual endpoint dominance for fixed odd multiplier,3eb9524a2f1b0274a9bd4d451a0328b5e0f7d508,paper/circulant-periodic-gap-20260909,https://github.com/whzy3185/math/commit/f17843d3594100649d043f04e42d42ec76c114cc
2026-09-09T12:37:29Z,2026-09-09T12:37:29Z,0e14524c967deccbe716a1091af3ba326ebc2d0b,Promote general compression and sharp global gap to headline theorems,f17843d3594100649d043f04e42d42ec76c114cc,paper/circulant-periodic-gap-20260909,https://github.com/whzy3185/math/commit/0e14524c967deccbe716a1091af3ba326ebc2d0b
2026-09-09T12:43:20Z,2026-09-09T12:43:20Z,c9b0256e772e1280b42307d3c94924625b940c1e,Prove exact spectral-mass monotonicity and L=4 criticality,0e14524c967deccbe716a1091af3ba326ebc2d0b,paper/circulant-periodic-gap-20260909,https://github.com/whzy3185/math/commit/c9b0256e772e1280b42307d3c94924625b940c1e
2026-09-09T12:43:28Z,2026-09-09T12:43:28Z,8718cb215eae110431e848f5d98f63ee0c56eb1b,lean: formalize mean decomposition and Poincare bridge,0b1a6f03e54be966846f630d39ca3abfd23ed254,research/aml-production-consumption-stabilization,https://github.com/whzy3185/math/commit/8718cb215eae110431e848f5d98f63ee0c56eb1b
2026-09-09T12:43:58Z,2026-09-09T12:43:58Z,df5f60e28c250ae46badfe8fd02257c0df9ed33e,lean: formalize signal energy identity and reaction dissipation,8718cb215eae110431e848f5d98f63ee0c56eb1b,research/aml-production-consumption-stabilization,https://github.com/whzy3185/math/commit/df5f60e28c250ae46badfe8fd02257c0df9ed33e
2026-09-09T12:44:19Z,2026-09-09T12:44:19Z,86228f9bc173a3fd4c69f078a9820fb334651602,lean: include Poincare and signal energy identity cores,df5f60e28c250ae46badfe8fd02257c0df9ed33e,research/aml-production-consumption-stabilization,https://github.com/whzy3185/math/commit/86228f9bc173a3fd4c69f078a9820fb334651602
2026-09-09T12:44:54Z,2026-09-09T12:44:54Z,b48af2067657be353707cbf0fa25e50b384ccad9,Prove exact fourth spectral moment and endpoint dominance,c9b0256e772e1280b42307d3c94924625b940c1e,paper/circulant-periodic-gap-20260909,https://github.com/whzy3185/math/commit/b48af2067657be353707cbf0fa25e50b384ccad9
2026-09-09T12:47:44Z,2026-09-09T12:47:44Z,1cc870d4106849e612e0a788aa55d5f47289421b,lean: fix integral linearity in Poincare mean core,86228f9bc173a3fd4c69f078a9820fb334651602,research/aml-production-consumption-stabilization,https://github.com/whzy3185/math/commit/1cc870d4106849e612e0a788aa55d5f47289421b
2026-09-09T12:47:47Z,2026-09-09T12:47:47Z,d97c4efb3beac7ddcd90739a350685334241bad7,Prove exact sixth spectral moment and endpoint dominance,b48af2067657be353707cbf0fa25e50b384ccad9,paper/circulant-periodic-gap-20260909,https://github.com/whzy3185/math/commit/d97c4efb3beac7ddcd90739a350685334241bad7
2026-09-09T12:48:17Z,2026-09-09T12:48:17Z,0de4347d6e5bfd145d69bb487259ebb243fe9f53,lean: close production-consumption reaction reflexivity,1cc870d4106849e612e0a788aa55d5f47289421b,research/aml-production-consumption-stabilization,https://github.com/whzy3185/math/commit/0de4347d6e5bfd145d69bb487259ebb243fe9f53
2026-09-09T12:50:35Z,2026-09-09T12:50:35Z,2d9a7111827af017561ee0e1049ab3291f14c675,close the t=2 triangle locus at the sqrt6 boundary,a9fb3ef5ae3faa7904b9178abd8511a9f4b4340b,paper/circulant-finite-threshold-20260909,https://github.com/whzy3185/math/commit/2d9a7111827af017561ee0e1049ab3291f14c675
2026-09-09T12:51:13Z,2026-09-09T12:51:13Z,16c0a9cbdf738810c343cbd43bff7772c8feeee7,add exact checks for t=2 component theorem,2d9a7111827af017561ee0e1049ab3291f14c675,paper/circulant-finite-threshold-20260909,https://github.com/whzy3185/math/commit/16c0a9cbdf738810c343cbd43bff7772c8feeee7
2026-09-09T12:52:14Z,2026-09-09T12:52:14Z,686bbbdab4cd04343cb4a1e3cb552d6da66f6fb3,lean: add final signal decay assembly,0de4347d6e5bfd145d69bb487259ebb243fe9f53,research/aml-production-consumption-stabilization,https://github.com/whzy3185/math/commit/686bbbdab4cd04343cb4a1e3cb552d6da66f6fb3
2026-09-09T12:52:15Z,2026-09-09T12:52:15Z,f8af65c1dad14ccd3135455694b724ccf857d1df,"record six-boundary localization, twin line, and t=2 closure",16c0a9cbdf738810c343cbd43bff7772c8feeee7,paper/circulant-finite-threshold-20260909,https://github.com/whzy3185/math/commit/f8af65c1dad14ccd3135455694b724ccf857d1df
2026-09-09T12:52:30Z,2026-09-09T12:52:30Z,8f2a68ff7f85366eabd8fcb8b25a41feec998fb3,lean: include final signal assembly,686bbbdab4cd04343cb4a1e3cb552d6da66f6fb3,research/aml-production-consumption-stabilization,https://github.com/whzy3185/math/commit/8f2a68ff7f85366eabd8fcb8b25a41feec998fb3
2026-09-09T12:53:01Z,2026-09-09T12:53:01Z,cee084f1d2cc2bb6c6a50a9c8c8c6e9726a8cf0a,Prove 2-adic period optimality within reflection-chiral two-defect family,d97c4efb3beac7ddcd90739a350685334241bad7,paper/circulant-periodic-gap-20260909,https://github.com/whzy3185/math/commit/cee084f1d2cc2bb6c6a50a9c8c8c6e9726a8cf0a
2026-09-09T12:53:59Z,2026-09-09T12:53:59Z,e51b6003567227c4acf6e8895426141b65dc32bf,Prove odd-divisor hierarchy and universal period-gap law,cee084f1d2cc2bb6c6a50a9c8c8c6e9726a8cf0a,paper/circulant-periodic-gap-20260909,https://github.com/whzy3185/math/commit/e51b6003567227c4acf6e8895426141b65dc32bf
2026-09-09T12:55:21Z,2026-09-09T12:55:21Z,aeca2a38e325d1ea3e9629490f62324b132008be,Prove endpoint dominance for every fixed even spectral moment,e51b6003567227c4acf6e8895426141b65dc32bf,paper/circulant-periodic-gap-20260909,https://github.com/whzy3185/math/commit/aeca2a38e325d1ea3e9629490f62324b132008be
2026-09-09T12:56:12Z,2026-09-09T12:56:12Z,a9afd1cb16cd04eb24abc624c5d445f608615373,close the q=2t+1 triangle locus at the sqrt6 boundary,f8af65c1dad14ccd3135455694b724ccf857d1df,paper/circulant-finite-threshold-20260909,https://github.com/whzy3185/math/commit/a9afd1cb16cd04eb24abc624c5d445f608615373
2026-09-09T12:56:20Z,2026-09-09T12:56:20Z,177fd1ffd19a4edf91176992de111281359d5872,lean: add end-to-end production-consumption signal theorem,8f2a68ff7f85366eabd8fcb8b25a41feec998fb3,research/aml-production-consumption-stabilization,https://github.com/whzy3185/math/commit/177fd1ffd19a4edf91176992de111281359d5872
2026-09-09T12:56:39Z,2026-09-09T12:56:39Z,29fae452f7de74d8876bcdd14fc4328435131c64,lean: include end-to-end production-consumption signal theorem,177fd1ffd19a4edf91176992de111281359d5872,research/aml-production-consumption-stabilization,https://github.com/whzy3185/math/commit/29fae452f7de74d8876bcdd14fc4328435131c64
2026-09-09T12:56:55Z,2026-09-09T12:56:55Z,790c7dd9f71c722dff5fc787cc015050a70b5d7f,Record proved theorem ledger after compression upgrades,aeca2a38e325d1ea3e9629490f62324b132008be,paper/circulant-periodic-gap-20260909,https://github.com/whzy3185/math/commit/790c7dd9f71c722dff5fc787cc015050a70b5d7f
2026-09-09T13:00:18Z,2026-09-09T13:00:18Z,a6e526bc09924be03f53a680b48399fc2a0b1509,ci: reject Lean placeholders and explicit axioms,29fae452f7de74d8876bcdd14fc4328435131c64,research/aml-production-consumption-stabilization,https://github.com/whzy3185/math/commit/a6e526bc09924be03f53a680b48399fc2a0b1509
2026-09-09T13:02:53Z,2026-09-09T13:02:53Z,58394ce75deee5acf32ba8cdc200a6cb3f988681,close the q=3t triangle locus and complete sqrt6 equality classification,a9afd1cb16cd04eb24abc624c5d445f608615373,paper/circulant-finite-threshold-20260909,https://github.com/whzy3185/math/commit/58394ce75deee5acf32ba8cdc200a6cb3f988681
2026-09-09T13:03:20Z,2026-09-09T13:03:20Z,f35143bcc71a0721445d013aa52ff8ea4a606b0e,add exact local certificates for q=3t obstruction,58394ce75deee5acf32ba8cdc200a6cb3f988681,paper/circulant-finite-threshold-20260909,https://github.com/whzy3185/math/commit/f35143bcc71a0721445d013aa52ff8ea4a606b0e
2026-09-09T13:03:56Z,2026-09-09T13:03:56Z,5148a4687ca68e3a348d0889bac86ce5a35736be,docs: freeze final Lean verification provenance,a6e526bc09924be03f53a680b48399fc2a0b1509,research/aml-production-consumption-stabilization,https://github.com/whzy3185/math/commit/5148a4687ca68e3a348d0889bac86ce5a35736be
2026-09-09T13:04:41Z,2026-09-09T13:04:41Z,96bba9bc2a8feeccabcea93cd0e8bbc2ed8bb18b,close complete sqrt6 equality theorem,f35143bcc71a0721445d013aa52ff8ea4a606b0e,paper/circulant-finite-threshold-20260909,https://github.com/whzy3185/math/commit/96bba9bc2a8feeccabcea93cd0e8bbc2ed8bb18b
2026-09-09T13:08:31Z,2026-09-09T13:08:31Z,a7c73fe06f36407fe1fb12e4d94f755c98fbf88f,promote complete sqrt6 classification to main theorem,96bba9bc2a8feeccabcea93cd0e8bbc2ed8bb18b,paper/circulant-finite-threshold-20260909,https://github.com/whzy3185/math/commit/a7c73fe06f36407fe1fb12e4d94f755c98fbf88f
2026-09-09T13:10:32Z,2026-09-09T13:10:32Z,e5c21694b7c98115113ccb459b316df95c245f92,classify minimizing switching classes at all sqrt6 equality pairs,a7c73fe06f36407fe1fb12e4d94f755c98fbf88f,paper/circulant-finite-threshold-20260909,https://github.com/whzy3185/math/commit/e5c21694b7c98115113ccb459b316df95c245f92
2026-09-09T13:21:44Z,2026-09-09T13:21:44Z,e915ed59f30c422315e2f98b5d272abc6314f810,Prove endpoint quantization and gap monotonicity,790c7dd9f71c722dff5fc787cc015050a70b5d7f,paper/circulant-periodic-gap-20260909,https://github.com/whzy3185/math/commit/e915ed59f30c422315e2f98b5d272abc6314f810
2026-09-09T13:26:24Z,2026-09-09T13:26:24Z,9103fafef73eb3213734c9e62b95e818f48c8dc8,Upgrade compressed gap to uniform quadratic bounds,e915ed59f30c422315e2f98b5d272abc6314f810,paper/circulant-periodic-gap-20260909,https://github.com/whzy3185/math/commit/9103fafef73eb3213734c9e62b95e818f48c8dc8
2026-09-09T13:30:02Z,2026-09-09T13:30:02Z,b8a3be558ec2c39579782aaac2907f237eae3c6d,Prove multiplier-uniform eventual endpoint locking,9103fafef73eb3213734c9e62b95e818f48c8dc8,paper/circulant-periodic-gap-20260909,https://github.com/whzy3185/math/commit/b8a3be558ec2c39579782aaac2907f237eae3c6d
2026-09-09T13:33:04Z,2026-09-09T13:33:04Z,c5a2ebf0a10a0be5fff506a07ffebd6b9364e813,Generalize reflection chirality to arbitrary even defect separation,b8a3be558ec2c39579782aaac2907f237eae3c6d,paper/circulant-periodic-gap-20260909,https://github.com/whzy3185/math/commit/c5a2ebf0a10a0be5fff506a07ffebd6b9364e813
2026-09-09T13:42:39Z,2026-09-09T13:42:39Z,4282e912b3ef943db2c6f7e8844e6fcdbffff001,Globalize the defect-separation Robin hierarchy,c5a2ebf0a10a0be5fff506a07ffebd6b9364e813,paper/circulant-periodic-gap-20260909,https://github.com/whzy3185/math/commit/4282e912b3ef943db2c6f7e8844e6fcdbffff001
2026-09-09T13:45:14Z,2026-09-09T13:45:14Z,29e78b603b5ae5b7d1c119f3d509b18da8f55a6d,Prove asymptotic ordering by defect separation,4282e912b3ef943db2c6f7e8844e6fcdbffff001,paper/circulant-periodic-gap-20260909,https://github.com/whzy3185/math/commit/29e78b603b5ae5b7d1c119f3d509b18da8f55a6d
2026-09-09T13:46:22Z,2026-09-09T13:46:22Z,cc25f0a9d71a50d9aae17ad99704f2b2b8978729,Combine minimal 2-adic period with Dirichlet gap constant,29e78b603b5ae5b7d1c119f3d509b18da8f55a6d,paper/circulant-periodic-gap-20260909,https://github.com/whzy3185/math/commit/cc25f0a9d71a50d9aae17ad99704f2b2b8978729
2026-09-09T13:47:24Z,2026-09-09T13:47:24Z,fc5b1404f676ebf880040b3412bdf1f5f623c809,Record geometry-upgraded theorem ledger,cc25f0a9d71a50d9aae17ad99704f2b2b8978729,paper/circulant-periodic-gap-20260909,https://github.com/whzy3185/math/commit/fc5b1404f676ebf880040b3412bdf1f5f623c809
2026-09-09T13:48:58Z,2026-09-09T13:48:58Z,9ef23b23975f5cb2271b35ac064a73c281eafa81,Add exact Bernstein verifier for small endpoint-locking layers,fc5b1404f676ebf880040b3412bdf1f5f623c809,paper/circulant-periodic-gap-20260909,https://github.com/whzy3185/math/commit/9ef23b23975f5cb2271b35ac064a73c281eafa81
2026-09-09T13:49:34Z,2026-09-09T13:49:34Z,e0627aa5665845ec5e734fd95a079dd722e83f4c,"Prove exact endpoint locking for L=6,8,10,12",9ef23b23975f5cb2271b35ac064a73c281eafa81,paper/circulant-periodic-gap-20260909,https://github.com/whzy3185/math/commit/e0627aa5665845ec5e734fd95a079dd722e83f4c
2026-09-09T14:00:03Z,2026-09-09T14:00:03Z,bd1f1759cbebc28f47510db437f455418c44d978,Prove wide-defect scaling obstruction above the edge,e0627aa5665845ec5e734fd95a079dd722e83f4c,paper/circulant-periodic-gap-20260909,https://github.com/whzy3185/math/commit/bd1f1759cbebc28f47510db437f455418c44d978
2026-09-09T14:10:28Z,2026-09-09T14:10:28Z,7d80128d976ff402ad7a6ac8fcdd707c0a298c69,Prove finite-complement above-edge bound-state hierarchy,bd1f1759cbebc28f47510db437f455418c44d978,paper/circulant-periodic-gap-20260909,https://github.com/whzy3185/math/commit/7d80128d976ff402ad7a6ac8fcdd707c0a298c69
2026-09-09T14:11:27Z,2026-09-09T14:11:27Z,3ef8c9475e7b0161692c0ff6ac9e046c14d3e9df,Prove sharp exponential convergence of Robin constants to pi^2,7d80128d976ff402ad7a6ac8fcdd707c0a298c69,paper/circulant-periodic-gap-20260909,https://github.com/whzy3185/math/commit/3ef8c9475e7b0161692c0ff6ac9e046c14d3e9df
2026-09-09T14:11:30Z,2026-09-09T14:11:30Z,b06067106b2d535b43e9a7f62b7534391c4e64d8,Add exact minimizer rigidity certificate at sqrt6 boundary,e5c21694b7c98115113ccb459b316df95c245f92,paper/circulant-finite-threshold-20260909,https://github.com/whzy3185/math/commit/b06067106b2d535b43e9a7f62b7534391c4e64d8
2026-09-09T14:12:15Z,2026-09-09T14:12:15Z,bbe4d37269b4b08f734ee3c72aff2b6f0cf774c9,Prove complete switching-class rigidity at sqrt6 equality,b06067106b2d535b43e9a7f62b7534391c4e64d8,paper/circulant-finite-threshold-20260909,https://github.com/whzy3185/math/commit/bbe4d37269b4b08f734ee3c72aff2b6f0cf774c9
2026-09-09T14:14:09Z,2026-09-09T14:14:09Z,c06a6d4232cc78b9553eadb2a7fd8fe4b3dfb5b7,Record current headline theorem architecture after obstruction push,3ef8c9475e7b0161692c0ff6ac9e046c14d3e9df,paper/circulant-periodic-gap-20260909,https://github.com/whzy3185/math/commit/c06a6d4232cc78b9553eadb2a7fd8fe4b3dfb5b7
2026-09-09T14:15:49Z,2026-09-09T14:15:49Z,0209beb445aff70e7668eb92c39029692d07778b,Prove logarithmic lower side of the defect-width transition,c06a6d4232cc78b9553eadb2a7fd8fe4b3dfb5b7,paper/circulant-periodic-gap-20260909,https://github.com/whzy3185/math/commit/0209beb445aff70e7668eb92c39029692d07778b
2026-09-09T14:17:48Z,2026-09-09T14:17:48Z,49c31cc9bf410d8c0d6c971298a89dc94857adfa,Derive exact antiperiodic threshold determinant for growing defect width,0209beb445aff70e7668eb92c39029692d07778b,paper/circulant-periodic-gap-20260909,https://github.com/whzy3185/math/commit/49c31cc9bf410d8c0d6c971298a89dc94857adfa
2026-09-09T14:18:46Z,2026-09-09T14:18:46Z,3aaf0921d13758d1e849bea07934bf2d16b790f3,Promote complete sqrt6 minimizer rigidity to main results,bbe4d37269b4b08f734ee3c72aff2b6f0cf774c9,paper/circulant-finite-threshold-20260909,https://github.com/whzy3185/math/commit/3aaf0921d13758d1e849bea07934bf2d16b790f3
2026-09-09T14:24:53Z,2026-09-09T14:24:53Z,b276613f41a7d0ce75d988882e72946840cd5a54,Add exact switching-isomorphism orbit certificate at sqrt6 boundary,3aaf0921d13758d1e849bea07934bf2d16b790f3,paper/circulant-finite-threshold-20260909,https://github.com/whzy3185/math/commit/b276613f41a7d0ce75d988882e72946840cd5a54
2026-09-09T14:25:29Z,2026-09-09T14:25:29Z,388da21e832db02039e8a7c35d78f69b37815d44,Classify switching-isomorphism orbits at sqrt6 boundary,b276613f41a7d0ce75d988882e72946840cd5a54,paper/circulant-finite-threshold-20260909,https://github.com/whzy3185/math/commit/388da21e832db02039e8a7c35d78f69b37815d44
2026-09-09T14:38:58Z,2026-09-09T14:38:58Z,28e3381ad5a706060af46c601dd02f8aa3db1730,Prove all step-three resonances are sub-sqrt8,388da21e832db02039e8a7c35d78f69b37815d44,paper/circulant-finite-threshold-20260909,https://github.com/whzy3185/math/commit/28e3381ad5a706060af46c601dd02f8aa3db1730
2026-09-09T14:39:21Z,2026-09-09T14:39:21Z,417d6ed6803c7e0dada99dac3d4573ba68176161,Add exact sanity audit for step-three sub-sqrt8 decomposition,28e3381ad5a706060af46c601dd02f8aa3db1730,paper/circulant-finite-threshold-20260909,https://github.com/whzy3185/math/commit/417d6ed6803c7e0dada99dac3d4573ba68176161
2026-09-09T14:41:22Z,2026-09-09T14:41:22Z,67b05dcc54c52b420116d396fbff9a59b833059a,Record sqrt6 minimizer rigidity and step-three sub-sqrt8 theorem,417d6ed6803c7e0dada99dac3d4573ba68176161,paper/circulant-finite-threshold-20260909,https://github.com/whzy3185/math/commit/67b05dcc54c52b420116d396fbff9a59b833059a
2026-09-09T14:48:38Z,2026-09-09T14:48:38Z,6f365651536a8b99776ecb50c4a749088a910881,Prove all step-five resonances are sub-sqrt8,67b05dcc54c52b420116d396fbff9a59b833059a,paper/circulant-finite-threshold-20260909,https://github.com/whzy3185/math/commit/6f365651536a8b99776ecb50c4a749088a910881
2026-09-09T14:49:08Z,2026-09-09T14:49:08Z,73be6342a353414aeba532398dcab92399ebade8,Add exact local certificates for step-five sub-sqrt8 theorem,6f365651536a8b99776ecb50c4a749088a910881,paper/circulant-finite-threshold-20260909,https://github.com/whzy3185/math/commit/73be6342a353414aeba532398dcab92399ebade8
2026-09-09T14:51:16Z,2026-09-09T14:51:16Z,b8b249fefece675ff72dabf098c28b92ad97e52d,Prove exact vertical sqrt8 threshold for step seven,73be6342a353414aeba532398dcab92399ebade8,paper/circulant-finite-threshold-20260909,https://github.com/whzy3185/math/commit/b8b249fefece675ff72dabf098c28b92ad97e52d
2026-09-09T14:51:44Z,2026-09-09T14:51:44Z,83b8444cce85a161a86e41d4a1a5bc6d6ee51185,Add exact local and base certificates for step-seven threshold,b8b249fefece675ff72dabf098c28b92ad97e52d,paper/circulant-finite-threshold-20260909,https://github.com/whzy3185/math/commit/83b8444cce85a161a86e41d4a1a5bc6d6ee51185
2026-09-09T14:54:33Z,2026-09-09T14:54:33Z,da19adb841f3c62ecbed0293783d8e4ca053f833,Promote new vertical sqrt8 resonance theorems,83b8444cce85a161a86e41d4a1a5bc6d6ee51185,paper/circulant-finite-threshold-20260909,https://github.com/whzy3185/math/commit/da19adb841f3c62ecbed0293783d8e4ca053f833
2026-09-09T14:56:01Z,2026-09-09T14:56:01Z,d7b25949be560a8607ec3a1bf7894624a5bf5758,Prove exact vertical sqrt8 threshold for step nine,da19adb841f3c62ecbed0293783d8e4ca053f833,paper/circulant-finite-threshold-20260909,https://github.com/whzy3185/math/commit/d7b25949be560a8607ec3a1bf7894624a5bf5758
2026-09-09T14:56:26Z,2026-09-09T14:56:26Z,56fe02531c3e06fc3e0d8fc91d4a5e9e36bd2510,Add exact rational certificates for step-nine threshold,d7b25949be560a8607ec3a1bf7894624a5bf5758,paper/circulant-finite-threshold-20260909,https://github.com/whzy3185/math/commit/56fe02531c3e06fc3e0d8fc91d4a5e9e36bd2510
2026-09-09T14:58:20Z,2026-09-09T14:58:20Z,65742f967115e0680e981e71a0f18ac0e196f3e7,Extract general two-seam-defect framework for odd sqrt8 resonances,56fe02531c3e06fc3e0d8fc91d4a5e9e36bd2510,paper/circulant-finite-threshold-20260909,https://github.com/whzy3185/math/commit/65742f967115e0680e981e71a0f18ac0e196f3e7
2026-09-09T14:58:40Z,2026-09-09T14:58:40Z,7076bc869697fad1c6b3082a09fa9e08d43c59d5,Add exact sanity audit for general odd seam-defect framework,65742f967115e0680e981e71a0f18ac0e196f3e7,paper/circulant-finite-threshold-20260909,https://github.com/whzy3185/math/commit/7076bc869697fad1c6b3082a09fa9e08d43c59d5
2026-09-09T14:59:58Z,2026-09-09T14:59:58Z,4ca4506647b2489e0a08d01b85b6bbec72c585cd,Consolidate vertical sqrt8 theorems and seam-defect framework,7076bc869697fad1c6b3082a09fa9e08d43c59d5,paper/circulant-finite-threshold-20260909,https://github.com/whzy3185/math/commit/4ca4506647b2489e0a08d01b85b6bbec72c585cd
2026-09-09T15:00:29Z,2026-09-09T15:00:29Z,9bbcbebeb55f6066ae47149f1c5098007d10f715,Add step-nine threshold and general odd seam-defect framework,4ca4506647b2489e0a08d01b85b6bbec72c585cd,paper/circulant-finite-threshold-20260909,https://github.com/whzy3185/math/commit/9bbcbebeb55f6066ae47149f1c5098007d10f715
2026-09-10T01:58:18Z,2026-09-10T01:58:18Z,8814f0ffb0af0bb6beb1f1211c22577c89a1e890,lean: formalize quartic damping and algebraic energy decay core,5148a4687ca68e3a348d0889bac86ce5a35736be,research/aml-production-consumption-stabilization,https://github.com/whzy3185/math/commit/8814f0ffb0af0bb6beb1f1211c22577c89a1e890
2026-09-10T01:58:32Z,2026-09-10T01:58:32Z,b3288351dae10bbabb39307fc3349905d026b4d1,lean: include polynomial energy decay core,8814f0ffb0af0bb6beb1f1211c22577c89a1e890,research/aml-production-consumption-stabilization,https://github.com/whzy3185/math/commit/b3288351dae10bbabb39307fc3349905d026b4d1
2026-09-10T02:00:13Z,2026-09-10T02:00:13Z,bf761c72d33b7f3f615f1742439e7d0d33a79554,research: record strengthened rate dichotomy theorems,b3288351dae10bbabb39307fc3349905d026b4d1,research/aml-production-consumption-stabilization,https://github.com/whzy3185/math/commit/bf761c72d33b7f3f615f1742439e7d0d33a79554
2026-09-10T02:02:15Z,2026-09-10T02:02:15Z,71c6e741ec844c2e3043a331448e428513033a30,lean: fix reciprocal polynomial decay calculus,bf761c72d33b7f3f615f1742439e7d0d33a79554,research/aml-production-consumption-stabilization,https://github.com/whzy3185/math/commit/71c6e741ec844c2e3043a331448e428513033a30
2026-09-10T02:06:57Z,2026-09-10T02:06:57Z,0d4099f0ad17596ef1e8078cae178c5a0a24c0a4,lean: formalize Lp exponent choice for strengthened theorem,71c6e741ec844c2e3043a331448e428513033a30,research/aml-production-consumption-stabilization,https://github.com/whzy3185/math/commit/0d4099f0ad17596ef1e8078cae178c5a0a24c0a4
2026-09-10T02:07:11Z,2026-09-10T02:07:11Z,396ccd9ec970f611fe8e254b50137ec50ac67f6c,lean: include Lp exponent core,0d4099f0ad17596ef1e8078cae178c5a0a24c0a4,research/aml-production-consumption-stabilization,https://github.com/whzy3185/math/commit/396ccd9ec970f611fe8e254b50137ec50ac67f6c
2026-09-10T02:11:12Z,2026-09-10T02:11:12Z,499e78401b3667636242385f5aa0d51b836cd2a6,lean: fix positivity in Lp exponent package,396ccd9ec970f611fe8e254b50137ec50ac67f6c,research/aml-production-consumption-stabilization,https://github.com/whzy3185/math/commit/499e78401b3667636242385f5aa0d51b836cd2a6
2026-09-10T02:15:54Z,2026-09-10T02:15:54Z,35b9353bc450d4821cd0ff8315d50560c935038b,docs: update Lean status for strengthened rate theorems,499e78401b3667636242385f5aa0d51b836cd2a6,research/aml-production-consumption-stabilization,https://github.com/whzy3185/math/commit/35b9353bc450d4821cd0ff8315d50560c935038b
2026-09-10T02:19:12Z,2026-09-10T02:19:12Z,1b8e2f473e0e0d0d5389ea426eb678d250b01820,docs: record successful strengthened Lean modules,35b9353bc450d4821cd0ff8315d50560c935038b,research/aml-production-consumption-stabilization,https://github.com/whzy3185/math/commit/1b8e2f473e0e0d0d5389ea426eb678d250b01820
2026-09-10T02:35:08Z,2026-09-10T02:35:08Z,35d37176362ea0e309db26511f0e3b8aa1d457d2,Prove sharp endpoint gap for arbitrary fixed even defect separation,49c31cc9bf410d8c0d6c971298a89dc94857adfa,paper/circulant-periodic-gap-20260909,https://github.com/whzy3185/math/commit/35d37176362ea0e309db26511f0e3b8aa1d457d2
2026-09-10T02:36:34Z,2026-09-10T02:36:34Z,5c28547bc45248640052a524029b24dc1213643b,lean: formalize arbitrary-order polynomial energy decay,1b8e2f473e0e0d0d5389ea426eb678d250b01820,research/aml-production-consumption-stabilization,https://github.com/whzy3185/math/commit/5c28547bc45248640052a524029b24dc1213643b
2026-09-10T02:37:12Z,2026-09-10T02:37:12Z,450369984888421cde1fae9adef58b0e48ceb026,lean: import arbitrary-order polynomial decay,5c28547bc45248640052a524029b24dc1213643b,research/aml-production-consumption-stabilization,https://github.com/whzy3185/math/commit/450369984888421cde1fae9adef58b0e48ceb026
2026-09-10T02:37:48Z,2026-09-10T02:37:48Z,76c6a27e5987818f0f68fb5df11ef00ba7671222,lean: formalize arbitrary-q mass-weighted coercivity algebra,450369984888421cde1fae9adef58b0e48ceb026,research/aml-production-consumption-stabilization,https://github.com/whzy3185/math/commit/76c6a27e5987818f0f68fb5df11ef00ba7671222
2026-09-10T02:38:03Z,2026-09-10T02:38:03Z,f964eb323324ef593a5f40b1303af39fb42035b4,lean: include nonlinear coercivity algebra,76c6a27e5987818f0f68fb5df11ef00ba7671222,research/aml-production-consumption-stabilization,https://github.com/whzy3185/math/commit/f964eb323324ef593a5f40b1303af39fb42035b4
2026-09-10T02:38:16Z,2026-09-10T02:38:16Z,19c83828c34aa9c75c6f51c254e6162b34b24272,Prove exact vertical sqrt8 threshold for step eleven,9bbcbebeb55f6066ae47149f1c5098007d10f715,paper/circulant-finite-threshold-20260909,https://github.com/whzy3185/math/commit/19c83828c34aa9c75c6f51c254e6162b34b24272
2026-09-10T02:38:23Z,2026-09-10T02:38:23Z,8bd684b779764557573f8703b3511cba850beace,Prove all finite endpoint fibers are sub-eight for every even defect separation,35d37176362ea0e309db26511f0e3b8aa1d457d2,paper/circulant-periodic-gap-20260909,https://github.com/whzy3185/math/commit/8bd684b779764557573f8703b3511cba850beace
2026-09-10T02:38:47Z,2026-09-10T02:38:47Z,de372d217ccd04aa7c6c9b6465417d62d9907044,Add exact certificates for step-eleven sqrt8 threshold,19c83828c34aa9c75c6f51c254e6162b34b24272,paper/circulant-finite-threshold-20260909,https://github.com/whzy3185/math/commit/de372d217ccd04aa7c6c9b6465417d62d9907044
2026-09-10T02:39:04Z,2026-09-10T02:39:04Z,82def2d28a352438cf6a1a79fb8e76de1f528261,lean: formalize arbitrary-q weighted Holder estimate,f964eb323324ef593a5f40b1303af39fb42035b4,research/aml-production-consumption-stabilization,https://github.com/whzy3185/math/commit/82def2d28a352438cf6a1a79fb8e76de1f528261
2026-09-10T02:39:13Z,2026-09-10T02:39:13Z,42271a97f0203164913193b8b4454bd78a7f7e7e,Prove Dirichlet scaling for growing even defect separation,8bd684b779764557573f8703b3511cba850beace,paper/circulant-periodic-gap-20260909,https://github.com/whzy3185/math/commit/42271a97f0203164913193b8b4454bd78a7f7e7e
2026-09-10T02:39:14Z,2026-09-10T02:39:14Z,f6d4a8778220499fa4ef7719c372052203a0c620,Prove exact vertical sqrt8 threshold for step thirteen,de372d217ccd04aa7c6c9b6465417d62d9907044,paper/circulant-finite-threshold-20260909,https://github.com/whzy3185/math/commit/f6d4a8778220499fa4ef7719c372052203a0c620
2026-09-10T02:39:23Z,2026-09-10T02:39:23Z,279b64e8062d2cecdc8306dc94d6cfacea624ccf,lean: include arbitrary-q weighted Holder,82def2d28a352438cf6a1a79fb8e76de1f528261,research/aml-production-consumption-stabilization,https://github.com/whzy3185/math/commit/279b64e8062d2cecdc8306dc94d6cfacea624ccf
2026-09-10T02:39:34Z,2026-09-10T02:39:34Z,a0609b8a262c14ee9841329317eef8e0aa5fbeda,Add exact certificates for step-thirteen sqrt8 threshold,f6d4a8778220499fa4ef7719c372052203a0c620,paper/circulant-finite-threshold-20260909,https://github.com/whzy3185/math/commit/a0609b8a262c14ee9841329317eef8e0aa5fbeda
2026-09-10T02:41:00Z,2026-09-10T02:41:00Z,977abadf0598ce77852a4f532fcf1ae3bb8c6bf2,lean: assemble arbitrary-q integral coercivity,279b64e8062d2cecdc8306dc94d6cfacea624ccf,research/aml-production-consumption-stabilization,https://github.com/whzy3185/math/commit/977abadf0598ce77852a4f532fcf1ae3bb8c6bf2
2026-09-10T02:41:22Z,2026-09-10T02:41:22Z,e7a9ed4f304352cd8da6e4f884fdbb05a295acaa,Derive exact block-Jacobi reduction for arbitrary even defect separation,42271a97f0203164913193b8b4454bd78a7f7e7e,paper/circulant-periodic-gap-20260909,https://github.com/whzy3185/math/commit/e7a9ed4f304352cd8da6e4f884fdbb05a295acaa
2026-09-10T02:41:24Z,2026-09-10T02:41:24Z,8f1f63b7c6abecbfec1293fbc38b926b34a5eded,lean: include full arbitrary-q integral coercivity,977abadf0598ce77852a4f532fcf1ae3bb8c6bf2,research/aml-production-consumption-stabilization,https://github.com/whzy3185/math/commit/8f1f63b7c6abecbfec1293fbc38b926b34a5eded
2026-09-10T02:41:47Z,2026-09-10T02:41:47Z,e8d04b043533204e1badceb285eddd3f3205ec3b,Record step eleven and thirteen vertical threshold theorems,a0609b8a262c14ee9841329317eef8e0aa5fbeda,paper/circulant-finite-threshold-20260909,https://github.com/whzy3185/math/commit/e8d04b043533204e1badceb285eddd3f3205ec3b
2026-09-10T02:42:15Z,2026-09-10T02:42:15Z,b21d24ea9f2b5c4638ba0d7e5972f4e1297551fe,Record step eleven and thirteen vertical sqrt8 classifications,e8d04b043533204e1badceb285eddd3f3205ec3b,paper/circulant-finite-threshold-20260909,https://github.com/whzy3185/math/commit/b21d24ea9f2b5c4638ba0d7e5972f4e1297551fe
2026-09-10T02:43:39Z,2026-09-10T02:43:39Z,b5f523ee4a63b8cfac9f4cf6adc74224af77a23a,Quantify exponential convergence of defect-separation gap constants,e7a9ed4f304352cd8da6e4f884fdbb05a295acaa,paper/circulant-periodic-gap-20260909,https://github.com/whzy3185/math/commit/b5f523ee4a63b8cfac9f4cf6adc74224af77a23a
2026-09-10T02:44:38Z,2026-09-10T02:44:38Z,7a5d5070e211cf29d9e5c708461d09077a4dedd5,lean: repair arbitrary-order Bihari calculus,8f1f63b7c6abecbfec1293fbc38b926b34a5eded,research/aml-production-consumption-stabilization,https://github.com/whzy3185/math/commit/7a5d5070e211cf29d9e5c708461d09077a4dedd5
2026-09-10T02:45:12Z,2026-09-10T02:45:12Z,e63bc1e6c0c4116819873c914529ec13b8c8c24b,lean: repair nonlinear coercivity coefficient algebra,7a5d5070e211cf29d9e5c708461d09077a4dedd5,research/aml-production-consumption-stabilization,https://github.com/whzy3185/math/commit/e63bc1e6c0c4116819873c914529ec13b8c8c24b
2026-09-10T02:46:40Z,2026-09-10T02:46:40Z,5fede325125845fe968f24229055f494aea72413,lean: repair arbitrary-q weighted Holder interfaces,e63bc1e6c0c4116819873c914529ec13b8c8c24b,research/aml-production-consumption-stabilization,https://github.com/whzy3185/math/commit/5fede325125845fe968f24229055f494aea72413
2026-09-10T02:47:11Z,2026-09-10T02:47:11Z,0e195ebad875805abfddf0713b8d99813c83e4bc,Prove global obstruction when only one alternating bulk pair remains,b5f523ee4a63b8cfac9f4cf6adc74224af77a23a,paper/circulant-periodic-gap-20260909,https://github.com/whzy3185/math/commit/0e195ebad875805abfddf0713b8d99813c83e4bc
2026-09-10T02:50:07Z,2026-09-10T02:50:07Z,e5ece269c7223ca477bb440b2dd20b7c84478c8d,Prove exact antiperiodic obstruction curve for arbitrary defect geometry,0e195ebad875805abfddf0713b8d99813c83e4bc,paper/circulant-periodic-gap-20260909,https://github.com/whzy3185/math/commit/e5ece269c7223ca477bb440b2dd20b7c84478c8d
2026-09-10T02:51:11Z,2026-09-10T02:51:11Z,b0a2a9397b8c494ca9781e7527230c6b9fea29b7,Isolate the unique unresolved step-fifteen sqrt8 base,b21d24ea9f2b5c4638ba0d7e5972f4e1297551fe,paper/circulant-finite-threshold-20260909,https://github.com/whzy3185/math/commit/b0a2a9397b8c494ca9781e7527230c6b9fea29b7
2026-09-10T02:51:20Z,2026-09-10T02:51:20Z,0c00faa1ce85916802f87af9b70e7b0be768445f,lean: close arbitrary-q weighted Holder proof,5fede325125845fe968f24229055f494aea72413,research/aml-production-consumption-stabilization,https://github.com/whzy3185/math/commit/0c00faa1ce85916802f87af9b70e7b0be768445f
2026-09-10T02:51:33Z,2026-09-10T02:51:33Z,44b01b65724af8263461220fbfde787aa09331d8,Add exact certificates for step-fifteen positive cases,b0a2a9397b8c494ca9781e7527230c6b9fea29b7,paper/circulant-finite-threshold-20260909,https://github.com/whzy3185/math/commit/44b01b65724af8263461220fbfde787aa09331d8
2026-09-10T02:51:45Z,2026-09-10T02:51:45Z,7f36d84be8ef44bf19a5ca99727fc8baa169b39c,lean: close nonlinear coercivity coefficient algebra,0c00faa1ce85916802f87af9b70e7b0be768445f,research/aml-production-consumption-stabilization,https://github.com/whzy3185/math/commit/7f36d84be8ef44bf19a5ca99727fc8baa169b39c
2026-09-10T02:52:21Z,2026-09-10T02:52:21Z,81f34f5515fadf4bf11df46bf5c5aef787ff431f,lean: disambiguate arbitrary-order decay exponent sign,7f36d84be8ef44bf19a5ca99727fc8baa169b39c,research/aml-production-consumption-stabilization,https://github.com/whzy3185/math/commit/81f34f5515fadf4bf11df46bf5c5aef787ff431f
2026-09-10T02:56:07Z,2026-09-10T02:56:07Z,b3be827c90cb7a8ff889d9be6d063e8518b86e17,Derive compact exact threshold formula for arbitrary even defect geometry,e5ece269c7223ca477bb440b2dd20b7c84478c8d,paper/circulant-periodic-gap-20260909,https://github.com/whzy3185/math/commit/b3be827c90cb7a8ff889d9be6d063e8518b86e17
2026-09-10T02:56:16Z,2026-09-10T02:56:16Z,7978add291816ed924942eeb1ea8bf2ad15524cf,Reduce odd seam defects to a two-by-two response matrix,44b01b65724af8263461220fbfde787aa09331d8,paper/circulant-finite-threshold-20260909,https://github.com/whzy3185/math/commit/7978add291816ed924942eeb1ea8bf2ad15524cf
2026-09-10T02:56:34Z,2026-09-10T02:56:34Z,26414f5e144b8b0c1943667c6c8048ad5f2481ce,Add exact audit for two-port seam response reduction,7978add291816ed924942eeb1ea8bf2ad15524cf,paper/circulant-finite-threshold-20260909,https://github.com/whzy3185/math/commit/26414f5e144b8b0c1943667c6c8048ad5f2481ce
2026-09-10T02:57:20Z,2026-09-10T02:57:20Z,8f63081a1003a485d1cba149c92f911129a85af8,lean: close arbitrary-q integral coercivity assembly,81f34f5515fadf4bf11df46bf5c5aef787ff431f,research/aml-production-consumption-stabilization,https://github.com/whzy3185/math/commit/8f63081a1003a485d1cba149c92f911129a85af8
2026-09-10T02:57:32Z,2026-09-10T02:57:32Z,6f81d98e0dd3ec31f96caa879fa98b0bc3f7ac06,Record effective-resistance literature for seam-response framework,26414f5e144b8b0c1943667c6c8048ad5f2481ce,paper/circulant-finite-threshold-20260909,https://github.com/whzy3185/math/commit/6f81d98e0dd3ec31f96caa879fa98b0bc3f7ac06
2026-09-10T02:58:05Z,2026-09-10T02:58:05Z,92377127d4af3d9b23b055498a14df813f7fecf9,lean: normalize negative quotient in Bihari decay,8f63081a1003a485d1cba149c92f911129a85af8,research/aml-production-consumption-stabilization,https://github.com/whzy3185/math/commit/92377127d4af3d9b23b055498a14df813f7fecf9
2026-09-10T02:58:19Z,2026-09-10T02:58:19Z,3e0944a1773eb2a0620415b721178b9ad83968d9,Prove full Bloch sub-eight region when defect arc is at most half the period,b3be827c90cb7a8ff889d9be6d063e8518b86e17,paper/circulant-periodic-gap-20260909,https://github.com/whzy3185/math/commit/3e0944a1773eb2a0620415b721178b9ad83968d9
2026-09-10T03:00:07Z,2026-09-10T03:00:07Z,c1b53a4613cb04c6ddbab9ecbbe1973d3c2d7e6c,lean: formalize arbitrary-q rate assembly,92377127d4af3d9b23b055498a14df813f7fecf9,research/aml-production-consumption-stabilization,https://github.com/whzy3185/math/commit/c1b53a4613cb04c6ddbab9ecbbe1973d3c2d7e6c
2026-09-10T03:00:35Z,2026-09-10T03:00:35Z,c3075d51d1fda930c9f08194177f8bfc39fe8bf2,lean: include arbitrary-q rate assembly,c1b53a4613cb04c6ddbab9ecbbe1973d3c2d7e6c,research/aml-production-consumption-stabilization,https://github.com/whzy3185/math/commit/c3075d51d1fda930c9f08194177f8bfc39fe8bf2
2026-09-10T03:01:13Z,2026-09-10T03:01:13Z,7959853fdeab6cfbad61e6e292738cb873c6cbee,lean: formalize arbitrary-q signal energy identity,c3075d51d1fda930c9f08194177f8bfc39fe8bf2,research/aml-production-consumption-stabilization,https://github.com/whzy3185/math/commit/7959853fdeab6cfbad61e6e292738cb873c6cbee
2026-09-10T03:01:32Z,2026-09-10T03:01:32Z,9dd4dcd69c97bd6c5649bb54aebb11bbbc8801b9,lean: include arbitrary-q signal energy identity,7959853fdeab6cfbad61e6e292738cb873c6cbee,research/aml-production-consumption-stabilization,https://github.com/whzy3185/math/commit/9dd4dcd69c97bd6c5649bb54aebb11bbbc8801b9
2026-09-10T03:04:00Z,2026-09-10T03:04:00Z,47101e6cce03eb397805f7bac9810a6378eca24b,lean: formalize finite-Lp to L2 transfer,9dd4dcd69c97bd6c5649bb54aebb11bbbc8801b9,research/aml-production-consumption-stabilization,https://github.com/whzy3185/math/commit/47101e6cce03eb397805f7bac9810a6378eca24b
2026-09-10T03:04:25Z,2026-09-10T03:04:25Z,af2c4cca878bd85ef6c2e3169d9f27936a4e814c,lean: include finite-Lp transfer core,47101e6cce03eb397805f7bac9810a6378eca24b,research/aml-production-consumption-stabilization,https://github.com/whzy3185/math/commit/af2c4cca878bd85ef6c2e3169d9f27936a4e814c
2026-09-10T03:05:08Z,2026-09-10T03:05:08Z,3471abe0fcc91dd20125f3443f955edc009c5b01,lean: formalize homogeneous sharpness profile,af2c4cca878bd85ef6c2e3169d9f27936a4e814c,research/aml-production-consumption-stabilization,https://github.com/whzy3185/math/commit/3471abe0fcc91dd20125f3443f955edc009c5b01
2026-09-10T03:05:29Z,2026-09-10T03:05:29Z,fde49021a8a99f12bd8cef25865715926ea3a052,lean: include sharpness ODE core,3471abe0fcc91dd20125f3443f955edc009c5b01,research/aml-production-consumption-stabilization,https://github.com/whzy3185/math/commit/fde49021a8a99f12bd8cef25865715926ea3a052
2026-09-10T03:05:55Z,2026-09-10T03:05:55Z,67c6a2f12c52acd63f7e4ed53a7c2c543c55b386,lean: formalize superlinear consumption dissipation,fde49021a8a99f12bd8cef25865715926ea3a052,research/aml-production-consumption-stabilization,https://github.com/whzy3185/math/commit/67c6a2f12c52acd63f7e4ed53a7c2c543c55b386
2026-09-10T03:06:16Z,2026-09-10T03:06:16Z,54ceaceceaeefae45f0a965d8eb28c5d4485ff43,lean: include superlinear consumption core,67c6a2f12c52acd63f7e4ed53a7c2c543c55b386,research/aml-production-consumption-stabilization,https://github.com/whzy3185/math/commit/54ceaceceaeefae45f0a965d8eb28c5d4485ff43
2026-09-10T03:07:30Z,2026-09-10T03:07:30Z,4a9fff7842ffc9ac36dac5247c60239035b39df8,Prove exponential-size global sub-eight safe region,3e0944a1773eb2a0620415b721178b9ad83968d9,paper/circulant-periodic-gap-20260909,https://github.com/whzy3185/math/commit/4a9fff7842ffc9ac36dac5247c60239035b39df8
2026-09-10T03:08:23Z,2026-09-10T03:08:23Z,31f37f39fbca142e0875e2d1d32d234c3dc9348a,lean: fix quartic absolute-power specialization,54ceaceceaeefae45f0a965d8eb28c5d4485ff43,research/aml-production-consumption-stabilization,https://github.com/whzy3185/math/commit/31f37f39fbca142e0875e2d1d32d234c3dc9348a
2026-09-10T03:09:19Z,2026-09-10T03:09:19Z,ad064729a6030eff8b0624faf1608a57a5df59a5,Localize all possible threshold failures exponentially near antiperiodic phase,4a9fff7842ffc9ac36dac5247c60239035b39df8,paper/circulant-periodic-gap-20260909,https://github.com/whzy3185/math/commit/ad064729a6030eff8b0624faf1608a57a5df59a5
2026-09-10T03:10:15Z,2026-09-10T03:10:15Z,d9e5e659118d69105ffc0f90b009de46541abb32,Prove sharp asymptotic phase transition in defect geometry,ad064729a6030eff8b0624faf1608a57a5df59a5,paper/circulant-periodic-gap-20260909,https://github.com/whzy3185/math/commit/d9e5e659118d69105ffc0f90b009de46541abb32
2026-09-10T03:11:06Z,2026-09-10T03:11:06Z,3e9826d013b14e2d72f6ca58512ca2eaec65d39b,lean: close nonlinear integral normalization,31f37f39fbca142e0875e2d1d32d234c3dc9348a,research/aml-production-consumption-stabilization,https://github.com/whzy3185/math/commit/3e9826d013b14e2d72f6ca58512ca2eaec65d39b
2026-09-10T03:12:28Z,2026-09-10T03:12:28Z,2c38cf1d51e7c169b4dd9bfd050eaea1b3d9983f,lean: assemble arbitrary-q weighted damping theorem,3e9826d013b14e2d72f6ca58512ca2eaec65d39b,research/aml-production-consumption-stabilization,https://github.com/whzy3185/math/commit/2c38cf1d51e7c169b4dd9bfd050eaea1b3d9983f
2026-09-10T03:12:53Z,2026-09-10T03:12:53Z,dac0537647a37fbbee6e7ab681f76313730c71f1,lean: include final arbitrary-q damping theorem,2c38cf1d51e7c169b4dd9bfd050eaea1b3d9983f,research/aml-production-consumption-stabilization,https://github.com/whzy3185/math/commit/dac0537647a37fbbee6e7ab681f76313730c71f1
2026-09-10T03:13:32Z,2026-09-10T03:13:32Z,1bdb42aa772aac7b0ffb5d2a9cd1dce76a3badf3,lean: formalize zero-energy branch,dac0537647a37fbbee6e7ab681f76313730c71f1,research/aml-production-consumption-stabilization,https://github.com/whzy3185/math/commit/1bdb42aa772aac7b0ffb5d2a9cd1dce76a3badf3
2026-09-10T03:13:47Z,2026-09-10T03:13:47Z,f4fbe96542744f744ebe37a594099260b29e800a,Reduce step-seventeen sqrt8 family to one open base,6f81d98e0dd3ec31f96caa879fa98b0bc3f7ac06,paper/circulant-finite-threshold-20260909,https://github.com/whzy3185/math/commit/f4fbe96542744f744ebe37a594099260b29e800a
2026-09-10T03:13:51Z,2026-09-10T03:13:51Z,7a411dadb291f98b3116e6bdb795f86247d8db75,lean: include zero-energy branch,1bdb42aa772aac7b0ffb5d2a9cd1dce76a3badf3,research/aml-production-consumption-stabilization,https://github.com/whzy3185/math/commit/7a411dadb291f98b3116e6bdb795f86247d8db75
2026-09-10T03:14:13Z,2026-09-10T03:14:13Z,2015aa23c65b6a464193a8ea3df61270e4b4bb74,Add exact step-seventeen positive-side certificates,f4fbe96542744f744ebe37a594099260b29e800a,paper/circulant-finite-threshold-20260909,https://github.com/whzy3185/math/commit/2015aa23c65b6a464193a8ea3df61270e4b4bb74
2026-09-10T03:14:38Z,2026-09-10T03:14:38Z,cb657a0ea85b9b5570d1f4bb7c95d202ecc0a3ca,lean: assemble general quadratic weighted damping theorem,7a411dadb291f98b3116e6bdb795f86247d8db75,research/aml-production-consumption-stabilization,https://github.com/whzy3185/math/commit/cb657a0ea85b9b5570d1f4bb7c95d202ecc0a3ca
2026-09-10T03:15:03Z,2026-09-10T03:15:03Z,7dc7349687fb474954b3786b13df065323fe0e93,lean: include general quadratic damping theorem,cb657a0ea85b9b5570d1f4bb7c95d202ecc0a3ca,research/aml-production-consumption-stabilization,https://github.com/whzy3185/math/commit/7dc7349687fb474954b3786b13df065323fe0e93
2026-09-10T03:16:26Z,2026-09-10T03:16:26Z,083637b988002dd277ffc1acbe52d685d90fd565,lean: formalize forced exponential cell-energy decay,7dc7349687fb474954b3786b13df065323fe0e93,research/aml-production-consumption-stabilization,https://github.com/whzy3185/math/commit/083637b988002dd277ffc1acbe52d685d90fd565
2026-09-10T03:16:47Z,2026-09-10T03:16:47Z,cda1b49b33c66dd8ae82024ed17541abf65263d4,lean: include forced cell-energy decay,083637b988002dd277ffc1acbe52d685d90fd565,research/aml-production-consumption-stabilization,https://github.com/whzy3185/math/commit/cda1b49b33c66dd8ae82024ed17541abf65263d4
2026-09-10T03:16:52Z,2026-09-10T03:16:52Z,946c4e308fad9dbbf6ac9952d3c24df80e64d184,Prove finite absorber principle for all odd vertical resonances,2015aa23c65b6a464193a8ea3df61270e4b4bb74,paper/circulant-finite-threshold-20260909,https://github.com/whzy3185/math/commit/946c4e308fad9dbbf6ac9952d3c24df80e64d184
2026-09-10T03:17:45Z,2026-09-10T03:17:45Z,cc7a9677a39f5f780b96e2c3f33809632320e228,Fix and simplify exact seam-distance proof,946c4e308fad9dbbf6ac9952d3c24df80e64d184,paper/circulant-finite-threshold-20260909,https://github.com/whzy3185/math/commit/cc7a9677a39f5f780b96e2c3f33809632320e228
2026-09-10T03:21:02Z,2026-09-10T03:21:02Z,775086e4ccc01015edb1f2e97097c8a127bddc0b,lean: fix zero-energy antitonicity proof,cda1b49b33c66dd8ae82024ed17541abf65263d4,research/aml-production-consumption-stabilization,https://github.com/whzy3185/math/commit/775086e4ccc01015edb1f2e97097c8a127bddc0b
2026-09-10T03:21:23Z,2026-09-10T03:21:23Z,1afd1c129b25dbc78b229c670d2f4c65ed2dff64,lean: fix ENNReal syntax in finite-Lp transfer,775086e4ccc01015edb1f2e97097c8a127bddc0b,research/aml-production-consumption-stabilization,https://github.com/whzy3185/math/commit/1afd1c129b25dbc78b229c670d2f4c65ed2dff64
2026-09-10T03:21:55Z,2026-09-10T03:21:55Z,f70aca82768844719c88c36b6ac19ca9ecfd26d3,lean: fix sharpness profile derivative proof,1afd1c129b25dbc78b229c670d2f4c65ed2dff64,research/aml-production-consumption-stabilization,https://github.com/whzy3185/math/commit/f70aca82768844719c88c36b6ac19ca9ecfd26d3
2026-09-10T03:23:03Z,2026-09-10T03:23:03Z,4ba3ba97b865dae662013edc391f4e908cfeee75,lean: fix superlinear consumption real-power identity,f70aca82768844719c88c36b6ac19ca9ecfd26d3,research/aml-production-consumption-stabilization,https://github.com/whzy3185/math/commit/4ba3ba97b865dae662013edc391f4e908cfeee75
2026-09-10T03:23:49Z,2026-09-10T03:23:49Z,89194392d9cdeec8be0e8d853ecf83e3ba2f4293,lean: close quartic signal-energy specialization,4ba3ba97b865dae662013edc391f4e908cfeee75,research/aml-production-consumption-stabilization,https://github.com/whzy3185/math/commit/89194392d9cdeec8be0e8d853ecf83e3ba2f4293
2026-09-10T03:24:38Z,2026-09-10T03:24:38Z,ea60b09d51a177a5a1220e448e866619b37e77c8,lean: fix forced exponential energy comparison,89194392d9cdeec8be0e8d853ecf83e3ba2f4293,research/aml-production-consumption-stabilization,https://github.com/whzy3185/math/commit/ea60b09d51a177a5a1220e448e866619b37e77c8
2026-09-10T03:25:29Z,2026-09-10T03:25:29Z,f68d36f106b667da7439a0f8393fefab5150b3d8,lean: fix zero weighted-moment branch,ea60b09d51a177a5a1220e448e866619b37e77c8,research/aml-production-consumption-stabilization,https://github.com/whzy3185/math/commit/f68d36f106b667da7439a0f8393fefab5150b3d8
2026-09-10T03:29:48Z,2026-09-10T03:29:48Z,40404516af07d8a865cd857ae7c7086f9f61751b,lean: close cubic q4 signal specialization,f68d36f106b667da7439a0f8393fefab5150b3d8,research/aml-production-consumption-stabilization,https://github.com/whzy3185/math/commit/40404516af07d8a865cd857ae7c7086f9f61751b
2026-09-10T03:30:37Z,2026-09-10T03:30:37Z,63bca44fca0d1f20adb1f911ad8a05876946bad6,lean: close sharpness ODE derivative,40404516af07d8a865cd857ae7c7086f9f61751b,research/aml-production-consumption-stabilization,https://github.com/whzy3185/math/commit/63bca44fca0d1f20adb1f911ad8a05876946bad6
2026-09-10T03:34:46Z,2026-09-10T03:34:46Z,9be9160837c49740123744485f8b47ea0be11698,lean: finish sharpness closed-form derivative,63bca44fca0d1f20adb1f911ad8a05876946bad6,research/aml-production-consumption-stabilization,https://github.com/whzy3185/math/commit/9be9160837c49740123744485f8b47ea0be11698
2026-09-10T03:36:09Z,2026-09-10T03:36:09Z,c9694a5ef4beb33af5bf094451ef1c7d1e9709d8,lean: formalize bounded L2-to-Ls interpolation,9be9160837c49740123744485f8b47ea0be11698,research/aml-production-consumption-stabilization,https://github.com/whzy3185/math/commit/c9694a5ef4beb33af5bf094451ef1c7d1e9709d8
2026-09-10T03:36:32Z,2026-09-10T03:36:32Z,0b2b31bf9c9e5e11392f067cd5c52bebb0a67b40,lean: include bounded interpolation core,c9694a5ef4beb33af5bf094451ef1c7d1e9709d8,research/aml-production-consumption-stabilization,https://github.com/whzy3185/math/commit/0b2b31bf9c9e5e11392f067cd5c52bebb0a67b40
2026-09-10T03:38:59Z,2026-09-10T03:38:59Z,ed5db58ee87f1abaf884fef3edc556aafd3ff011,lean: formalize cell-energy Young-Poincare closure,0b2b31bf9c9e5e11392f067cd5c52bebb0a67b40,research/aml-production-consumption-stabilization,https://github.com/whzy3185/math/commit/ed5db58ee87f1abaf884fef3edc556aafd3ff011
2026-09-10T03:39:20Z,2026-09-10T03:39:20Z,0460fe9f6e5963461dd592dfe3fbff54ebf80b89,lean: include cell-energy closure core,ed5db58ee87f1abaf884fef3edc556aafd3ff011,research/aml-production-consumption-stabilization,https://github.com/whzy3185/math/commit/0460fe9f6e5963461dd592dfe3fbff54ebf80b89
2026-09-10T03:42:34Z,2026-09-10T03:42:34Z,87f1687499437b01cc13c63af8f2edbdd516b0e5,lean: fix q4 real-power specialization,0460fe9f6e5963461dd592dfe3fbff54ebf80b89,research/aml-production-consumption-stabilization,https://github.com/whzy3185/math/commit/87f1687499437b01cc13c63af8f2edbdd516b0e5
2026-09-10T03:42:54Z,2026-09-10T03:42:54Z,c17ad13d3ad6d3b5ffe06516c9ad6d7dc731c774,lean: close sharpness ODE profile,87f1687499437b01cc13c63af8f2edbdd516b0e5,research/aml-production-consumption-stabilization,https://github.com/whzy3185/math/commit/c17ad13d3ad6d3b5ffe06516c9ad6d7dc731c774
2026-09-10T03:46:29Z,2026-09-10T03:46:29Z,2ebd5a8c25cf7c8b9cf89bb8369db76debe49d23,lean: close cell-energy Young-Poincare core,c17ad13d3ad6d3b5ffe06516c9ad6d7dc731c774,research/aml-production-consumption-stabilization,https://github.com/whzy3185/math/commit/2ebd5a8c25cf7c8b9cf89bb8369db76debe49d23
2026-09-10T03:50:37Z,2026-09-10T03:50:37Z,1ed3dd257953d7cd456d53ab966232ea5bf5568e,lean: finish cell-energy scalar closure,2ebd5a8c25cf7c8b9cf89bb8369db76debe49d23,research/aml-production-consumption-stabilization,https://github.com/whzy3185/math/commit/1ed3dd257953d7cd456d53ab966232ea5bf5568e
2026-09-10T03:57:38Z,2026-09-10T03:57:38Z,f495bac11b3f4745bebaa8904cd59f0cb18775b5,lean: formalize Lp-Ls product transfer,1ed3dd257953d7cd456d53ab966232ea5bf5568e,research/aml-production-consumption-stabilization,https://github.com/whzy3185/math/commit/f495bac11b3f4745bebaa8904cd59f0cb18775b5
2026-09-10T03:57:55Z,2026-09-10T03:57:55Z,84d97fc982ab80da577907ebb79823b9c3a39da2,lean: include Lp product core,f495bac11b3f4745bebaa8904cd59f0cb18775b5,research/aml-production-consumption-stabilization,https://github.com/whzy3185/math/commit/84d97fc982ab80da577907ebb79823b9c3a39da2
2026-09-10T03:58:38Z,2026-09-10T03:58:38Z,4d77e180f1594b22fc8dc36d90e3470868475528,lean: add polynomial bounded interpolation rates,84d97fc982ab80da577907ebb79823b9c3a39da2,research/aml-production-consumption-stabilization,https://github.com/whzy3185/math/commit/4d77e180f1594b22fc8dc36d90e3470868475528
2026-09-10T04:01:31Z,2026-09-10T04:01:31Z,057d19217fb90ef699cedefa291b92282bdf959c,lean: fix target exponent in Lp product transfer,4d77e180f1594b22fc8dc36d90e3470868475528,research/aml-production-consumption-stabilization,https://github.com/whzy3185/math/commit/057d19217fb90ef699cedefa291b92282bdf959c
2026-09-10T04:02:52Z,2026-09-10T04:02:52Z,948d8cc64194420a7eb59b121c326044626e2f97,lean: formalize polynomially forced energy decay,057d19217fb90ef699cedefa291b92282bdf959c,research/aml-production-consumption-stabilization,https://github.com/whzy3185/math/commit/948d8cc64194420a7eb59b121c326044626e2f97
2026-09-10T04:03:10Z,2026-09-10T04:03:10Z,f2405266e45467bc0d71e08a2225c316f4ffe014,lean: include polynomial forced energy decay,948d8cc64194420a7eb59b121c326044626e2f97,research/aml-production-consumption-stabilization,https://github.com/whzy3185/math/commit/f2405266e45467bc0d71e08a2225c316f4ffe014
2026-09-10T04:05:03Z,2026-09-10T04:05:03Z,d1ff61c66367043da2ba36b78159dda92902f042,lean: assemble time-dependent cell energy rates,f2405266e45467bc0d71e08a2225c316f4ffe014,research/aml-production-consumption-stabilization,https://github.com/whzy3185/math/commit/d1ff61c66367043da2ba36b78159dda92902f042
2026-09-10T04:05:20Z,2026-09-10T04:05:20Z,ee14c567138bf9abc9dacbade9535d276ac609a5,lean: include time-dependent cell energy assembly,d1ff61c66367043da2ba36b78159dda92902f042,research/aml-production-consumption-stabilization,https://github.com/whzy3185/math/commit/ee14c567138bf9abc9dacbade9535d276ac609a5
2026-09-10T04:10:48Z,2026-09-10T04:10:48Z,551e8069df8a11e08c76b6bbf4d92fee83581790,lean: verification sweep for full strengthened library,ee14c567138bf9abc9dacbade9535d276ac609a5,research/aml-production-consumption-stabilization,https://github.com/whzy3185/math/commit/551e8069df8a11e08c76b6bbf4d92fee83581790
2026-09-10T04:12:48Z,2026-09-10T04:12:48Z,d014f76ebe72d19dab565995aea0fc4e1bc5d694,lean: formalize compact-attractor quantitative dissipation,551e8069df8a11e08c76b6bbf4d92fee83581790,research/aml-production-consumption-stabilization,https://github.com/whzy3185/math/commit/d014f76ebe72d19dab565995aea0fc4e1bc5d694
2026-09-10T04:30:45Z,2026-09-10T04:30:45Z,f7ae6a2be0ccdb23c91a2fa1db44c1fcbaa52320,"Prove exact N=1,2 finite bulk phase diagrams",d9e5e659118d69105ffc0f90b009de46541abb32,paper/circulant-periodic-gap-20260909,https://github.com/whzy3185/math/commit/f7ae6a2be0ccdb23c91a2fa1db44c1fcbaa52320
2026-09-10T04:36:13Z,2026-09-10T04:36:13Z,98b6e364a0582e336fd1bc52f4a627841d6fcfeb,Collapse general threshold formula to a single square form,f7ae6a2be0ccdb23c91a2fa1db44c1fcbaa52320,paper/circulant-periodic-gap-20260909,https://github.com/whzy3185/math/commit/98b6e364a0582e336fd1bc52f4a627841d6fcfeb
2026-09-10T04:38:10Z,2026-09-10T04:38:10Z,ec709f87e44090d8f26d84795b1f4ad85ce8730b,Close the exact N=3 finite phase diagram,98b6e364a0582e336fd1bc52f4a627841d6fcfeb,paper/circulant-periodic-gap-20260909,https://github.com/whzy3185/math/commit/ec709f87e44090d8f26d84795b1f4ad85ce8730b
2026-09-10T04:44:29Z,2026-09-10T04:44:29Z,6ffd93f50e32766ef918adda2a6ca13d67f7cca6,add exact step 15 sqrt8 certificates,cc7a9677a39f5f780b96e2c3f33809632320e228,paper/circulant-finite-threshold-20260909,https://github.com/whzy3185/math/commit/6ffd93f50e32766ef918adda2a6ca13d67f7cca6
2026-09-10T04:45:10Z,2026-09-10T04:45:10Z,be29cabecfa51441bb30f86d5650227240bd0c34,Prove exact all-parameter phase diagram for even two-defect separations,ec709f87e44090d8f26d84795b1f4ad85ce8730b,paper/circulant-periodic-gap-20260909,https://github.com/whzy3185/math/commit/be29cabecfa51441bb30f86d5650227240bd0c34
2026-09-10T04:45:39Z,2026-09-10T04:45:39Z,57fb20ec2773f1b9c93008f158685b17066ddcdb,Add exact rational verifier for the N=3 Bernstein certificates,be29cabecfa51441bb30f86d5650227240bd0c34,paper/circulant-periodic-gap-20260909,https://github.com/whzy3185/math/commit/57fb20ec2773f1b9c93008f158685b17066ddcdb
2026-09-10T04:46:49Z,2026-09-10T04:46:49Z,c7696680e05f8f3ca9bc4dbc14c0a66fd05dd169,Derive logarithmic complementary-bulk width at fixed period,57fb20ec2773f1b9c93008f158685b17066ddcdb,paper/circulant-periodic-gap-20260909,https://github.com/whzy3185/math/commit/c7696680e05f8f3ca9bc4dbc14c0a66fd05dd169
2026-09-10T04:47:47Z,2026-09-10T04:47:47Z,26e4145897e0f06230b9a5d0ac3a507ac66c39de,Record the exact antiperiodic one-fiber threshold detection principle,c7696680e05f8f3ca9bc4dbc14c0a66fd05dd169,paper/circulant-periodic-gap-20260909,https://github.com/whzy3185/math/commit/26e4145897e0f06230b9a5d0ac3a507ac66c39de
2026-09-10T04:48:01Z,2026-09-10T04:48:01Z,51b0b17d574ff2b56c304b31fe97dd6f67c6d916,Count the asymptotically sparse unsafe defect separations at fixed period,26e4145897e0f06230b9a5d0ac3a507ac66c39de,paper/circulant-periodic-gap-20260909,https://github.com/whzy3185/math/commit/51b0b17d574ff2b56c304b31fe97dd6f67c6d916
2026-09-10T04:48:31Z,2026-09-10T04:48:31Z,8dc498e7496741b5446577b6d60860619a1a43a5,Identify the exact phase boundary with square-triangular Pell numbers,51b0b17d574ff2b56c304b31fe97dd6f67c6d916,paper/circulant-periodic-gap-20260909,https://github.com/whzy3185/math/commit/8dc498e7496741b5446577b6d60860619a1a43a5
2026-09-10T04:48:54Z,2026-09-10T04:48:54Z,65a2450bdbc70f2a51b78cc041870c7fb8f8e043,Fix theorem display tag in Pell boundary note,8dc498e7496741b5446577b6d60860619a1a43a5,paper/circulant-periodic-gap-20260909,https://github.com/whzy3185/math/commit/65a2450bdbc70f2a51b78cc041870c7fb8f8e043
2026-09-10T04:52:04Z,2026-09-10T04:52:04Z,aeb918c9b35bc48c8afd7b0738db66a0c7995111,Sharpen fixed-period logarithmic cutoff to two adjacent integers,65a2450bdbc70f2a51b78cc041870c7fb8f8e043,paper/circulant-periodic-gap-20260909,https://github.com/whzy3185/math/commit/aeb918c9b35bc48c8afd7b0738db66a0c7995111
2026-09-10T04:55:19Z,2026-09-10T04:55:19Z,18fc7bcfba3e310f004f6f12d09c109d620b3a56,Prove the sharp antiperiodic Dirichlet gap law for macroscopic defect geometry,aeb918c9b35bc48c8afd7b0738db66a0c7995111,paper/circulant-periodic-gap-20260909,https://github.com/whzy3185/math/commit/18fc7bcfba3e310f004f6f12d09c109d620b3a56
2026-09-10T04:57:38Z,2026-09-10T04:57:38Z,4823e059e48060a3634f4b0fbe71fe655ebc9b7f,Derive the macroscopic two-fiber gap envelope and balanced-geometry optimum,18fc7bcfba3e310f004f6f12d09c109d620b3a56,paper/circulant-periodic-gap-20260909,https://github.com/whzy3185/math/commit/4823e059e48060a3634f4b0fbe71fe655ebc9b7f
2026-09-10T04:58:34Z,2026-09-10T04:58:34Z,02494f4ef5592bf1a809a1bbe703cd089f2f56de,strengthen odd N=3s obstruction to 24/1667,6ffd93f50e32766ef918adda2a6ca13d67f7cca6,paper/circulant-finite-threshold-20260909,https://github.com/whzy3185/math/commit/02494f4ef5592bf1a809a1bbe703cd089f2f56de
2026-09-10T04:58:53Z,2026-09-10T04:58:53Z,bacd3a16a960a28191a07e553fd688d0ea3b9965,add exact 24/1667 N=3s margin certificate,02494f4ef5592bf1a809a1bbe703cd089f2f56de,paper/circulant-finite-threshold-20260909,https://github.com/whzy3185/math/commit/bacd3a16a960a28191a07e553fd688d0ea3b9965
2026-09-10T05:00:42Z,2026-09-10T05:00:42Z,832fd8ce167d5dd6af80b1bab6792df29d741b4b,Prove the full macroscopic Bloch gap law and balanced-geometry optimum,4823e059e48060a3634f4b0fbe71fe655ebc9b7f,paper/circulant-periodic-gap-20260909,https://github.com/whzy3185/math/commit/832fd8ce167d5dd6af80b1bab6792df29d741b4b
2026-09-10T05:01:13Z,2026-09-10T05:01:13Z,78914a3d339169dd1d2319d5140621f8a1fc3d3c,lean: fix Lp product target elaboration,d014f76ebe72d19dab565995aea0fc4e1bc5d694,research/aml-production-consumption-stabilization,https://github.com/whzy3185/math/commit/78914a3d339169dd1d2319d5140621f8a1fc3d3c
2026-09-10T05:01:45Z,2026-09-10T05:01:45Z,7a26cab6b51c273ed8162d43b4db38230d7ffae6,lean: close bounded interpolation root normalization,78914a3d339169dd1d2319d5140621f8a1fc3d3c,research/aml-production-consumption-stabilization,https://github.com/whzy3185/math/commit/7a26cab6b51c273ed8162d43b4db38230d7ffae6
2026-09-10T05:02:35Z,2026-09-10T05:02:35Z,bbddd6b97e8ef677edfef47eaef26de8ddca03a2,lean: repair polynomial forcing comparison,7a26cab6b51c273ed8162d43b4db38230d7ffae6,research/aml-production-consumption-stabilization,https://github.com/whzy3185/math/commit/bbddd6b97e8ef677edfef47eaef26de8ddca03a2
2026-09-10T05:03:49Z,2026-09-10T05:03:49Z,2fb9a8a7e3831ab5e47456cb7e3db3051625937a,Make the hard-soft Dirichlet transfer limit explicit for the macroscopic gap theorem,832fd8ce167d5dd6af80b1bab6792df29d741b4b,paper/circulant-periodic-gap-20260909,https://github.com/whzy3185/math/commit/2fb9a8a7e3831ab5e47456cb7e3db3051625937a
2026-09-10T05:04:16Z,2026-09-10T05:04:16Z,08c2504871025886185a8c848c3c4e6e5b7e6331,lean: correct centered exponential cell-energy forcing,bbddd6b97e8ef677edfef47eaef26de8ddca03a2,research/aml-production-consumption-stabilization,https://github.com/whzy3185/math/commit/08c2504871025886185a8c848c3c4e6e5b7e6331
2026-09-10T05:04:58Z,2026-09-10T05:04:58Z,90b2ee1b2927a03f1ec73167d9a895acee18a32e,Refresh theorem ledger after exact phase diagram and macroscopic gap closure,2fb9a8a7e3831ab5e47456cb7e3db3051625937a,paper/circulant-periodic-gap-20260909,https://github.com/whzy3185/math/commit/90b2ee1b2927a03f1ec73167d9a895acee18a32e
2026-09-10T05:05:12Z,2026-09-10T05:05:12Z,d3711a3edd056d63617e16e62765275a4758779d,"sync theorem ledger with absorber, step15/17 and 24/1667 results",bacd3a16a960a28191a07e553fd688d0ea3b9965,paper/circulant-finite-threshold-20260909,https://github.com/whzy3185/math/commit/d3711a3edd056d63617e16e62765275a4758779d
2026-09-10T05:07:23Z,2026-09-10T05:07:23Z,0a39bd57cd58a1a45ff1372752555ececfaa4857,lean: make centered exponential shift explicit,08c2504871025886185a8c848c3c4e6e5b7e6331,research/aml-production-consumption-stabilization,https://github.com/whzy3185/math/commit/0a39bd57cd58a1a45ff1372752555ececfaa4857
2026-09-10T05:07:37Z,2026-09-10T05:07:37Z,a8ea7d536ec1dade31ece607db28ac6ca8d86bd8,Prove the universal 1/sqrt2 boundary shift at both macroscopic endpoint fibers,90b2ee1b2927a03f1ec73167d9a895acee18a32e,paper/circulant-periodic-gap-20260909,https://github.com/whzy3185/math/commit/a8ea7d536ec1dade31ece607db28ac6ca8d86bd8
2026-09-10T05:09:38Z,2026-09-10T05:09:38Z,d10dd906d7f65054ed216a1aa09107e694cd5d75,lean: add local and nonnegative arbitrary-q Bihari decay,0a39bd57cd58a1a45ff1372752555ececfaa4857,research/aml-production-consumption-stabilization,https://github.com/whzy3185/math/commit/d10dd906d7f65054ed216a1aa09107e694cd5d75
2026-09-10T05:09:51Z,2026-09-10T05:09:51Z,8de70eaf05cfbdf9a2685a95f98302d5b3e1ea1f,lean: include local nonnegative Bihari decay,d10dd906d7f65054ed216a1aa09107e694cd5d75,research/aml-production-consumption-stabilization,https://github.com/whzy3185/math/commit/8de70eaf05cfbdf9a2685a95f98302d5b3e1ea1f
2026-09-10T05:10:49Z,2026-09-10T05:10:49Z,8a5b506f64f9e873887dbd3edd635e97f8de8e3a,lean: remove strict-positive energy hypothesis from q damping endpoint,8de70eaf05cfbdf9a2685a95f98302d5b3e1ea1f,research/aml-production-consumption-stabilization,https://github.com/whzy3185/math/commit/8a5b506f64f9e873887dbd3edd635e97f8de8e3a
2026-09-10T05:11:10Z,2026-09-10T05:11:10Z,e258b621c228c4ae77cc485f5207496595d721bb,lean: include nonnegative arbitrary-q endpoint,8a5b506f64f9e873887dbd3edd635e97f8de8e3a,research/aml-production-consumption-stabilization,https://github.com/whzy3185/math/commit/e258b621c228c4ae77cc485f5207496595d721bb
2026-09-10T05:11:47Z,2026-09-10T05:11:47Z,3bb2cf162008d53af20758056e1474b1007e1f85,Prove the common fourth-order Dirichlet expansion at both macroscopic endpoint fibers,a8ea7d536ec1dade31ece607db28ac6ca8d86bd8,paper/circulant-periodic-gap-20260909,https://github.com/whzy3185/math/commit/3bb2cf162008d53af20758056e1474b1007e1f85
2026-09-10T05:12:21Z,2026-09-10T05:12:21Z,4751c7c47ec4242560f0be524cc256941e066e68,lean: close centered barrier display normalization,e258b621c228c4ae77cc485f5207496595d721bb,research/aml-production-consumption-stabilization,https://github.com/whzy3185/math/commit/4751c7c47ec4242560f0be524cc256941e066e68
2026-09-10T05:15:05Z,2026-09-10T05:15:05Z,4b99f87b8670e5aea1d3e605bebb5ab0a54efb25,Record balanced geometry as unique macroscopic variational optimizer,3bb2cf162008d53af20758056e1474b1007e1f85,paper/circulant-periodic-gap-20260909,https://github.com/whzy3185/math/commit/4b99f87b8670e5aea1d3e605bebb5ab0a54efb25
2026-09-10T05:15:23Z,2026-09-10T05:15:23Z,369e951ae17dbcddda49db904af535b7f6240db9,lean: add norm-rate square-root and parabolic-upgrade algebra,4751c7c47ec4242560f0be524cc256941e066e68,research/aml-production-consumption-stabilization,https://github.com/whzy3185/math/commit/369e951ae17dbcddda49db904af535b7f6240db9
2026-09-10T05:15:44Z,2026-09-10T05:15:44Z,4cb40816121a512f4cee2d235afdb5d9a3b89482,lean: include norm-rate and parabolic-upgrade algebra,369e951ae17dbcddda49db904af535b7f6240db9,research/aml-production-consumption-stabilization,https://github.com/whzy3185/math/commit/4cb40816121a512f4cee2d235afdb5d9a3b89482
2026-09-10T05:17:19Z,2026-09-10T05:17:19Z,7749086060e4f92063ab7fa928ad7751adfd2180,lean: compare exponential transient with polynomial rate,4cb40816121a512f4cee2d235afdb5d9a3b89482,research/aml-production-consumption-stabilization,https://github.com/whzy3185/math/commit/7749086060e4f92063ab7fa928ad7751adfd2180
2026-09-10T05:18:02Z,2026-09-10T05:18:02Z,ffd0f531f037be96243951deb8a52ecffa880381,lean: add single-rate cell-energy envelopes,7749086060e4f92063ab7fa928ad7751adfd2180,research/aml-production-consumption-stabilization,https://github.com/whzy3185/math/commit/ffd0f531f037be96243951deb8a52ecffa880381
2026-09-10T05:18:24Z,2026-09-10T05:18:24Z,b368d9c0f70cae6d39be55e7901fb2d712ec5a22,lean: include single-rate cell-energy envelopes,ffd0f531f037be96243951deb8a52ecffa880381,research/aml-production-consumption-stabilization,https://github.com/whzy3185/math/commit/b368d9c0f70cae6d39be55e7901fb2d712ec5a22
2026-09-10T05:19:22Z,2026-09-10T05:19:22Z,91591ae3c0123f03c3b3b849fe45eeee428e3977,lean: assemble full stabilization rates from named analytic upgrades,b368d9c0f70cae6d39be55e7901fb2d712ec5a22,research/aml-production-consumption-stabilization,https://github.com/whzy3185/math/commit/91591ae3c0123f03c3b3b849fe45eeee428e3977
2026-09-10T05:19:46Z,2026-09-10T05:19:46Z,a11689f065c98a64fd3029af5926c81df93d5284,lean: include full stabilization rate assembly,91591ae3c0123f03c3b3b849fe45eeee428e3977,research/aml-production-consumption-stabilization,https://github.com/whzy3185/math/commit/a11689f065c98a64fd3029af5926c81df93d5284
2026-09-10T05:20:38Z,2026-09-10T05:20:38Z,0f54bdb252cab93c2f2b277c2726f9f3628fc7f0,lean: make exponential envelope comparison explicit,a11689f065c98a64fd3029af5926c81df93d5284,research/aml-production-consumption-stabilization,https://github.com/whzy3185/math/commit/0f54bdb252cab93c2f2b277c2726f9f3628fc7f0
2026-09-10T05:22:44Z,2026-09-10T05:22:44Z,ec8c2232b38db8dd9ba5a2c713718594a1bf0b60,lean: normalize zero-branch q dissipation product,0f54bdb252cab93c2f2b277c2726f9f3628fc7f0,research/aml-production-consumption-stabilization,https://github.com/whzy3185/math/commit/ec8c2232b38db8dd9ba5a2c713718594a1bf0b60
2026-09-10T05:23:15Z,2026-09-10T05:23:15Z,f39336bd3b36fa81102c398f2e087b2ca743e5f2,lean: rewrite centered barrier with coefficient attached,ec8c2232b38db8dd9ba5a2c713718594a1bf0b60,research/aml-production-consumption-stabilization,https://github.com/whzy3185/math/commit/f39336bd3b36fa81102c398f2e087b2ca743e5f2
2026-09-10T05:23:17Z,2026-09-10T05:23:17Z,7eea3f11914099ca32d94a7d961d3a108ca41d0d,update README with strengthened N3s gap and current odd resonance frontier,d3711a3edd056d63617e16e62765275a4758779d,paper/circulant-finite-threshold-20260909,https://github.com/whzy3185/math/commit/7eea3f11914099ca32d94a7d961d3a108ca41d0d
2026-09-10T05:29:50Z,2026-09-10T05:29:50Z,0ea5140ab2ee5c4b780c572662296cc868cf084f,docs: record full strengthened Lean verification boundary,f39336bd3b36fa81102c398f2e087b2ca743e5f2,research/aml-production-consumption-stabilization,https://github.com/whzy3185/math/commit/0ea5140ab2ee5c4b780c572662296cc868cf084f
2026-09-10T05:30:15Z,2026-09-10T05:30:15Z,241e2924079d79bcf45f909fb4aa4b3807130dd5,lean: trigger final verification build,0ea5140ab2ee5c4b780c572662296cc868cf084f,research/aml-production-consumption-stabilization,https://github.com/whzy3185/math/commit/241e2924079d79bcf45f909fb4aa4b3807130dd5
2026-09-10T05:35:39Z,2026-09-10T05:35:39Z,61b462a9668e9e8386a49c2a9b0436a097b58470,prove exact width-five local complement rule at sqrt8,7eea3f11914099ca32d94a7d961d3a108ca41d0d,paper/circulant-finite-threshold-20260909,https://github.com/whzy3185/math/commit/61b462a9668e9e8386a49c2a9b0436a097b58470
2026-09-10T05:36:33Z,2026-09-10T05:36:33Z,c15ff82ae5dfd191b70a1df6d9c3e0bc2c0a4195,add exact certificate for width-five local complement rule,61b462a9668e9e8386a49c2a9b0436a097b58470,paper/circulant-finite-threshold-20260909,https://github.com/whzy3185/math/commit/c15ff82ae5dfd191b70a1df6d9c3e0bc2c0a4195
2026-09-10T05:39:05Z,2026-09-10T05:39:05Z,bf5ee613a6d100a4fc9a271a96d2f3ed9f55dfe4,record exact width-five local complement theorem,c15ff82ae5dfd191b70a1df6d9c3e0bc2c0a4195,paper/circulant-finite-threshold-20260909,https://github.com/whzy3185/math/commit/bf5ee613a6d100a4fc9a271a96d2f3ed9f55dfe4
2026-09-10T05:39:40Z,2026-09-10T05:39:40Z,40b7ff4e07e24ce9418bf8c86d0aa7cea0fd87ba,promote exact width-five local rigidity to README,bf5ee613a6d100a4fc9a271a96d2f3ed9f55dfe4,paper/circulant-finite-threshold-20260909,https://github.com/whzy3185/math/commit/40b7ff4e07e24ce9418bf8c86d0aa7cea0fd87ba
2026-09-10T05:40:29Z,2026-09-10T05:40:29Z,fcd32d2584ab43573bf5c2d15280c4ce92fb7688,update proof map through width-five local rigidity,40b7ff4e07e24ce9418bf8c86d0aa7cea0fd87ba,paper/circulant-finite-threshold-20260909,https://github.com/whzy3185/math/commit/fcd32d2584ab43573bf5c2d15280c4ce92fb7688
2026-09-10T05:46:18Z,2026-09-10T05:46:18Z,a0688270512e53b4b34497c1187eacd53f3fa672,prove width-five single-defect exclusion at sqrt8,fcd32d2584ab43573bf5c2d15280c4ce92fb7688,paper/circulant-finite-threshold-20260909,https://github.com/whzy3185/math/commit/a0688270512e53b4b34497c1187eacd53f3fa672
2026-09-10T05:57:32Z,2026-09-10T05:57:32Z,e65567f27395b18e2e6622bbb74ab91fc21306cf,lean: include attractor dissipativity core in verification root,241e2924079d79bcf45f909fb4aa4b3807130dd5,research/aml-production-consumption-stabilization,https://github.com/whzy3185/math/commit/e65567f27395b18e2e6622bbb74ab91fc21306cf
2026-09-10T05:58:21Z,2026-09-10T05:58:21Z,be4c174fa7e7ed577ae4f811daed5e4d9ac6744d,lean: formalize mixed-norm time exponent choice,e65567f27395b18e2e6622bbb74ab91fc21306cf,research/aml-production-consumption-stabilization,https://github.com/whzy3185/math/commit/be4c174fa7e7ed577ae4f811daed5e4d9ac6744d
2026-09-10T05:58:31Z,2026-09-10T05:58:31Z,38bb2f4b093692e834747708930773e8729eb3b9,lean: add mixed-norm exponent core to verification root,be4c174fa7e7ed577ae4f811daed5e4d9ac6744d,research/aml-production-consumption-stabilization,https://github.com/whzy3185/math/commit/38bb2f4b093692e834747708930773e8729eb3b9
2026-09-10T05:59:23Z,2026-09-10T05:59:23Z,db1de7df772efa94e5222e95176cc8cb3b513a3d,lean: add arbitrary-order degenerate attractor dissipativity,38bb2f4b093692e834747708930773e8729eb3b9,research/aml-production-consumption-stabilization,https://github.com/whzy3185/math/commit/db1de7df772efa94e5222e95176cc8cb3b513a3d
2026-09-10T06:04:59Z,2026-09-10T06:04:59Z,af2c72a7422dd134a2299b19ea8b143b0473ad9d,lean: stabilize degenerate dissipativity rpow proof,db1de7df772efa94e5222e95176cc8cb3b513a3d,research/aml-production-consumption-stabilization,https://github.com/whzy3185/math/commit/af2c72a7422dd134a2299b19ea8b143b0473ad9d
2026-09-10T06:07:42Z,2026-09-10T06:07:42Z,83a0a4c2ade7b21c28a09c87d0d75a288a976fd9,lean: formalize exact Lp rate optimization threshold,af2c72a7422dd134a2299b19ea8b143b0473ad9d,research/aml-production-consumption-stabilization,https://github.com/whzy3185/math/commit/83a0a4c2ade7b21c28a09c87d0d75a288a976fd9
2026-09-10T06:08:04Z,2026-09-10T06:08:04Z,74af726e9a0a33402fad0e876c70a8cfbf8dfec7,lean: add exact rate optimization to verification root,83a0a4c2ade7b21c28a09c87d0d75a288a976fd9,research/aml-production-consumption-stabilization,https://github.com/whzy3185/math/commit/74af726e9a0a33402fad0e876c70a8cfbf8dfec7
2026-09-10T06:09:30Z,2026-09-10T06:09:30Z,800d995c45f9649ab3bcb37bd897c1582c959360,lean: reuse verified superlinear identity in degenerate factor proof,74af726e9a0a33402fad0e876c70a8cfbf8dfec7,research/aml-production-consumption-stabilization,https://github.com/whzy3185/math/commit/800d995c45f9649ab3bcb37bd897c1582c959360
2026-09-10T06:10:08Z,2026-09-10T06:10:08Z,809ad531ef2f5b56c6c3bd7ff2d242fa6422b9d8,ci: retain Lean build logs on verification failure,800d995c45f9649ab3bcb37bd897c1582c959360,research/aml-production-consumption-stabilization,https://github.com/whzy3185/math/commit/809ad531ef2f5b56c6c3bd7ff2d242fa6422b9d8
2026-09-10T06:15:56Z,2026-09-10T06:15:56Z,ad4e63b7a490d224946b3565e78a0f6596418612,lean: fix exact rate optimization additive normalization,809ad531ef2f5b56c6c3bd7ff2d242fa6422b9d8,research/aml-production-consumption-stabilization,https://github.com/whzy3185/math/commit/ad4e63b7a490d224946b3565e78a0f6596418612
2026-09-10T06:16:51Z,2026-09-10T06:16:51Z,f49e567cbc3cc9952ebbc54415c901fce9419344,lean: specialize weighted damping to superlinear consumption,ad4e63b7a490d224946b3565e78a0f6596418612,research/aml-production-consumption-stabilization,https://github.com/whzy3185/math/commit/f49e567cbc3cc9952ebbc54415c901fce9419344
2026-09-10T06:17:10Z,2026-09-10T06:17:10Z,5c8b6270b603682e1bd3c23ccb265d9152b97851,lean: add superlinear application to verification root,f49e567cbc3cc9952ebbc54415c901fce9419344,research/aml-production-consumption-stabilization,https://github.com/whzy3185/math/commit/5c8b6270b603682e1bd3c23ccb265d9152b97851
2026-09-10T06:18:18Z,2026-09-10T06:18:18Z,50827270c3df00444d09667240e4d55b7955eaca,lean: formalize mass conservation propagation,5c8b6270b603682e1bd3c23ccb265d9152b97851,research/aml-production-consumption-stabilization,https://github.com/whzy3185/math/commit/50827270c3df00444d09667240e4d55b7955eaca
2026-09-10T06:18:44Z,2026-09-10T06:18:44Z,3ae5c5e5e52e248a73169764e575a18c52b7b8d7,lean: add mass conservation core to verification root,50827270c3df00444d09667240e4d55b7955eaca,research/aml-production-consumption-stabilization,https://github.com/whzy3185/math/commit/3ae5c5e5e52e248a73169764e575a18c52b7b8d7
2026-09-10T06:19:24Z,2026-09-10T06:19:24Z,63fcb6131a1e2d36c161f51d53c7aa9b999ac84b,ci: keep only latest Lean verification per branch,3ae5c5e5e52e248a73169764e575a18c52b7b8d7,research/aml-production-consumption-stabilization,https://github.com/whzy3185/math/commit/63fcb6131a1e2d36c161f51d53c7aa9b999ac84b
2026-09-10T06:22:13Z,2026-09-10T06:22:13Z,b195512c93eeb19a5321ed1d9447f36250c4c0d1,lean: formalize differentiation of squared L2 energy,63fcb6131a1e2d36c161f51d53c7aa9b999ac84b,research/aml-production-consumption-stabilization,https://github.com/whzy3185/math/commit/b195512c93eeb19a5321ed1d9447f36250c4c0d1
2026-09-10T06:22:27Z,2026-09-10T06:22:27Z,52702a1bdb3527db5a33ded421107648d5eecb1d,lean: add energy differentiation core to verification root,b195512c93eeb19a5321ed1d9447f36250c4c0d1,research/aml-production-consumption-stabilization,https://github.com/whzy3185/math/commit/52702a1bdb3527db5a33ded421107648d5eecb1d
2026-09-10T06:23:28Z,2026-09-10T06:23:28Z,825f61e988b144e7b9446a058490b13dd6693c95,lean: add manuscript-facing degenerate theta endpoint,52702a1bdb3527db5a33ded421107648d5eecb1d,research/aml-production-consumption-stabilization,https://github.com/whzy3185/math/commit/825f61e988b144e7b9446a058490b13dd6693c95
2026-09-10T06:23:49Z,2026-09-10T06:23:49Z,6a8e1c17e689c8b5b93b0afcc88013840f97346a,lean: add degenerate theta endpoint to verification root,825f61e988b144e7b9446a058490b13dd6693c95,research/aml-production-consumption-stabilization,https://github.com/whzy3185/math/commit/6a8e1c17e689c8b5b93b0afcc88013840f97346a
2026-09-10T06:25:04Z,2026-09-10T06:25:04Z,af4f1713f3afda60716a79bed42c7657869f9393,lean: formalize signed sharpness absolute profile,6a8e1c17e689c8b5b93b0afcc88013840f97346a,research/aml-production-consumption-stabilization,https://github.com/whzy3185/math/commit/af4f1713f3afda60716a79bed42c7657869f9393
2026-09-10T06:25:18Z,2026-09-10T06:25:18Z,547023870c80d03f1f2773483a0994c7e452af5e,lean: add signed sharpness core to verification root,af4f1713f3afda60716a79bed42c7657869f9393,research/aml-production-consumption-stabilization,https://github.com/whzy3185/math/commit/547023870c80d03f1f2773483a0994c7e452af5e
2026-09-10T06:27:48Z,2026-09-10T06:27:48Z,3842106970b3b4c233a522540c7b63817e745c56,lean: verify the one-dimensional cylinder lift exponent,547023870c80d03f1f2773483a0994c7e452af5e,research/aml-production-consumption-stabilization,https://github.com/whzy3185/math/commit/3842106970b3b4c233a522540c7b63817e745c56
2026-09-10T06:33:46Z,2026-09-10T06:33:46Z,7d45fdb2c66bba922d81f7b6d3c3416b2c4ee0b7,lean: open topology scope for energy differentiation,3842106970b3b4c233a522540c7b63817e745c56,research/aml-production-consumption-stabilization,https://github.com/whzy3185/math/commit/7d45fdb2c66bba922d81f7b6d3c3416b2c4ee0b7
2026-09-10T06:33:58Z,2026-09-10T06:33:58Z,c26622ed05f61b4b46c7ee30d483e99ebf9fa4e4,lean: open SignType for signed sharpness profile,7d45fdb2c66bba922d81f7b6d3c3416b2c4ee0b7,research/aml-production-consumption-stabilization,https://github.com/whzy3185/math/commit/c26622ed05f61b4b46c7ee30d483e99ebf9fa4e4
2026-09-10T06:38:32Z,2026-09-10T06:38:32Z,92e1b3aaf11c9defbd28b1f730e3073dc83a63a7,lean: simplify differentiated energy coefficient,c26622ed05f61b4b46c7ee30d483e99ebf9fa4e4,research/aml-production-consumption-stabilization,https://github.com/whzy3185/math/commit/92e1b3aaf11c9defbd28b1f730e3073dc83a63a7
2026-09-10T06:38:51Z,2026-09-10T06:38:51Z,f56ecdbeeef38bf8555ecb81dd78150531423bd8,lean: finish signed sharpness absolute-value proof,92e1b3aaf11c9defbd28b1f730e3073dc83a63a7,research/aml-production-consumption-stabilization,https://github.com/whzy3185/math/commit/f56ecdbeeef38bf8555ecb81dd78150531423bd8
2026-09-10T06:42:54Z,2026-09-10T06:42:54Z,b73db253fad60f65c31cff0f1f438096b10e6ec0,lean: finish dominated L2 energy differentiation,f56ecdbeeef38bf8555ecb81dd78150531423bd8,research/aml-production-consumption-stabilization,https://github.com/whzy3185/math/commit/b73db253fad60f65c31cff0f1f438096b10e6ec0
2026-09-10T06:47:25Z,2026-09-10T06:47:25Z,441f34dc2db430f293fc4a07e166a575197b150a,docs: update Lean verification to run 147,b73db253fad60f65c31cff0f1f438096b10e6ec0,research/aml-production-consumption-stabilization,https://github.com/whzy3185/math/commit/441f34dc2db430f293fc4a07e166a575197b150a
2026-09-10T06:48:40Z,2026-09-10T06:48:40Z,29f3e163900566b168fb6e60e56dca056fe7d09a,docs: bring strengthened rate dichotomy Lean status to run 147,441f34dc2db430f293fc4a07e166a575197b150a,research/aml-production-consumption-stabilization,https://github.com/whzy3185/math/commit/29f3e163900566b168fb6e60e56dca056fe7d09a
2026-09-10T07:06:25Z,2026-09-10T07:06:25Z,5db22073dc88ec4640bb3f82cad4565f7ede7bd0,lean: derive box Neumann flux conservation and Green identity,29f3e163900566b168fb6e60e56dca056fe7d09a,research/aml-production-consumption-stabilization,https://github.com/whzy3185/math/commit/5db22073dc88ec4640bb3f82cad4565f7ede7bd0
2026-09-10T07:06:38Z,2026-09-10T07:06:38Z,6b9366c6fb984336668e31e20713f297ae531643,lean: add box Neumann flux core to verification root,5db22073dc88ec4640bb3f82cad4565f7ede7bd0,research/aml-production-consumption-stabilization,https://github.com/whzy3185/math/commit/6b9366c6fb984336668e31e20713f297ae531643
2026-09-10T07:11:43Z,2026-09-10T07:11:43Z,16fce36272273430fa31fe3fdb18f66b3e29941b,lean: fix dependent box-flux differentiability binder,6b9366c6fb984336668e31e20713f297ae531643,research/aml-production-consumption-stabilization,https://github.com/whzy3185/math/commit/16fce36272273430fa31fe3fdb18f66b3e29941b
2026-09-10T07:16:33Z,2026-09-10T07:16:33Z,ec748533fb1b1cef9c4fefa1a30cd9e4206a0efd,docs: record kernel-checked box Neumann flux layer,16fce36272273430fa31fe3fdb18f66b3e29941b,research/aml-production-consumption-stabilization,https://github.com/whzy3185/math/commit/ec748533fb1b1cef9c4fefa1a30cd9e4206a0efd
2026-09-10T07:17:07Z,2026-09-10T07:17:07Z,823023878c46cbc226cacf38f909603695538ff9,docs: update strengthened theorem note with box Neumann verification,ec748533fb1b1cef9c4fefa1a30cd9e4206a0efd,research/aml-production-consumption-stabilization,https://github.com/whzy3185/math/commit/823023878c46cbc226cacf38f909603695538ff9
2026-09-10T07:46:28Z,2026-09-10T07:46:28Z,14479e396e2ed3e2b4c1107aa5ad289864d8b2cd,lean: formalize local product rule for Green flux,823023878c46cbc226cacf38f909603695538ff9,research/aml-production-consumption-stabilization,https://github.com/whzy3185/math/commit/14479e396e2ed3e2b4c1107aa5ad289864d8b2cd
2026-09-10T07:46:49Z,2026-09-10T07:46:49Z,d3c3af42964592d0a0eed9abf9653b78ce57cd11,lean: add product-rule Green core to verification root,14479e396e2ed3e2b4c1107aa5ad289864d8b2cd,research/aml-production-consumption-stabilization,https://github.com/whzy3185/math/commit/d3c3af42964592d0a0eed9abf9653b78ce57cd11
2026-09-10T07:52:06Z,2026-09-10T07:52:06Z,0716c1b64cbeb22efa1147559038d4fb92cc9ea3,lean: fix product-rule Green module representation details,d3c3af42964592d0a0eed9abf9653b78ce57cd11,research/aml-production-consumption-stabilization,https://github.com/whzy3185/math/commit/0716c1b64cbeb22efa1147559038d4fb92cc9ea3
2026-09-10T07:52:58Z,2026-09-10T07:52:58Z,ccda53a9e2036604aac49ac26b6957cd50e7dbae,lean: formalize invariant-range reaction and barrier core,0716c1b64cbeb22efa1147559038d4fb92cc9ea3,research/aml-production-consumption-stabilization,https://github.com/whzy3185/math/commit/ccda53a9e2036604aac49ac26b6957cd50e7dbae
2026-09-10T07:58:27Z,2026-09-10T07:58:27Z,fbbb90d993c63b5f23c428a67005ea557b25a3f8,Prove matching full-Bloch macroscopic gap law and balanced geometry optimum,4b99f87b8670e5aea1d3e605bebb5ab0a54efb25,paper/circulant-periodic-gap-20260909,https://github.com/whzy3185/math/commit/fbbb90d993c63b5f23c428a67005ea557b25a3f8
2026-09-10T07:59:27Z,2026-09-10T07:59:27Z,d1586c1f12e9b7ca98d5441287acae816ee84815,Prove quantitative rigidity of asymptotically optimal defect geometry,fbbb90d993c63b5f23c428a67005ea557b25a3f8,paper/circulant-periodic-gap-20260909,https://github.com/whzy3185/math/commit/d1586c1f12e9b7ca98d5441287acae816ee84815
2026-09-10T08:00:07Z,2026-09-10T08:00:07Z,5b46c81652048b75b6d02ba8f0e733df619f17c5,Optimize defect geometry inside the minimal 2-adic period,d1586c1f12e9b7ca98d5441287acae816ee84815,paper/circulant-periodic-gap-20260909,https://github.com/whzy3185/math/commit/5b46c81652048b75b6d02ba8f0e733df619f17c5
2026-09-10T08:00:47Z,2026-09-10T08:00:47Z,916d4e390f785ec3d7fe36e7c8e152f9e07541f0,Identify the universal optimal period-normalized gap constant,5b46c81652048b75b6d02ba8f0e733df619f17c5,paper/circulant-periodic-gap-20260909,https://github.com/whzy3185/math/commit/916d4e390f785ec3d7fe36e7c8e152f9e07541f0
2026-09-10T08:03:27Z,2026-09-10T08:03:27Z,ba647b5324a2c0b908a5d631439543afd4ad809a,Prove second-order phase slip for balanced two-defect geometry,916d4e390f785ec3d7fe36e7c8e152f9e07541f0,paper/circulant-periodic-gap-20260909,https://github.com/whzy3185/math/commit/ba647b5324a2c0b908a5d631439543afd4ad809a
2026-09-10T08:03:28Z,2026-09-10T08:03:28Z,d453b20485b0f7aef9c10d2304dd0b7024db58a7,lean: formalize weak L2 Poincare inequality on intervals,ccda53a9e2036604aac49ac26b6957cd50e7dbae,research/aml-production-consumption-stabilization,https://github.com/whzy3185/math/commit/d453b20485b0f7aef9c10d2304dd0b7024db58a7
2026-09-10T08:03:55Z,2026-09-10T08:03:55Z,6921a573edb0c2c52444251f38fd8b42fddf3bfb,lean: add Poincare and invariant-range cores to verification root,d453b20485b0f7aef9c10d2304dd0b7024db58a7,research/aml-production-consumption-stabilization,https://github.com/whzy3185/math/commit/6921a573edb0c2c52444251f38fd8b42fddf3bfb
2026-09-10T08:05:25Z,2026-09-10T08:05:25Z,2f3ee3d3a89164e2ff7212a280adfea44f34c284,Derive the critical crossover profile at the Pell phase boundary,ba647b5324a2c0b908a5d631439543afd4ad809a,paper/circulant-periodic-gap-20260909,https://github.com/whzy3185/math/commit/2f3ee3d3a89164e2ff7212a280adfea44f34c284
2026-09-10T08:06:18Z,2026-09-10T08:06:18Z,502f9e2f5d179d0a994eff937e41b2a3d89365e7,Derive symmetric integer edge scaling across the Pell transition,2f3ee3d3a89164e2ff7212a280adfea44f34c284,paper/circulant-periodic-gap-20260909,https://github.com/whzy3185/math/commit/502f9e2f5d179d0a994eff937e41b2a3d89365e7
2026-09-10T08:06:45Z,2026-09-10T08:06:45Z,240406f14e313d0deb1e752c272ab97d6b4b55c1,lean: add finite-coordinate Poincare tensorization core,6921a573edb0c2c52444251f38fd8b42fddf3bfb,research/aml-production-consumption-stabilization,https://github.com/whzy3185/math/commit/240406f14e313d0deb1e752c272ab97d6b4b55c1
2026-09-10T08:07:11Z,2026-09-10T08:07:11Z,53c7e06ca4b54cde8f8ed5a262a04cb5837db3c2,lean: add Poincare tensorization core to verification root,240406f14e313d0deb1e752c272ab97d6b4b55c1,research/aml-production-consumption-stabilization,https://github.com/whzy3185/math/commit/53c7e06ca4b54cde8f8ed5a262a04cb5837db3c2
2026-09-10T08:08:18Z,2026-09-10T08:08:18Z,f93929d9e75492b345cf0d7085ffbfa8876a40be,lean: add spatial contact maximum-principle core,53c7e06ca4b54cde8f8ed5a262a04cb5837db3c2,research/aml-production-consumption-stabilization,https://github.com/whzy3185/math/commit/f93929d9e75492b345cf0d7085ffbfa8876a40be
2026-09-10T08:08:40Z,2026-09-10T08:08:40Z,88b720df9a62b599c51921fb7b5c948fbc93bf7a,lean: add maximum-principle contact core to verification root,f93929d9e75492b345cf0d7085ffbfa8876a40be,research/aml-production-consumption-stabilization,https://github.com/whzy3185/math/commit/88b720df9a62b599c51921fb7b5c948fbc93bf7a
2026-09-10T08:10:12Z,2026-09-10T08:10:12Z,7e553714d792bae8cab1fe22a4a070287b0cd717,Derive universal cubic correction for the two endpoint Dirichlet gaps,502f9e2f5d179d0a994eff937e41b2a3d89365e7,paper/circulant-periodic-gap-20260909,https://github.com/whzy3185/math/commit/7e553714d792bae8cab1fe22a4a070287b0cd717
2026-09-10T08:11:04Z,2026-09-10T08:11:04Z,d355b63f35961cb78cbf8000dec9c94e025a8f51,Prove eventual exact balanced separation optimality at fixed period,7e553714d792bae8cab1fe22a4a070287b0cd717,paper/circulant-periodic-gap-20260909,https://github.com/whzy3185/math/commit/d355b63f35961cb78cbf8000dec9c94e025a8f51
2026-09-10T08:11:51Z,2026-09-10T08:11:51Z,15746cd07ecceaed1fd1bdbe392e0590d415e9a1,Package the canonical quarter-period 2-adic construction,d355b63f35961cb78cbf8000dec9c94e025a8f51,paper/circulant-periodic-gap-20260909,https://github.com/whzy3185/math/commit/15746cd07ecceaed1fd1bdbe392e0590d415e9a1
2026-09-10T08:15:01Z,2026-09-10T08:15:01Z,472faf8b6e351c6372769188ffd94971fee04647,lean: fix invariant-range sign and envelope function binders,88b720df9a62b599c51921fb7b5c948fbc93bf7a,research/aml-production-consumption-stabilization,https://github.com/whzy3185/math/commit/472faf8b6e351c6372769188ffd94971fee04647
2026-09-10T08:15:14Z,2026-09-10T08:15:14Z,676aa062eca12dfb8e889de4e20d2526539954e5,Extend the universal phase-slip law across the periodic-well macroscopic regime,15746cd07ecceaed1fd1bdbe392e0590d415e9a1,paper/circulant-periodic-gap-20260909,https://github.com/whzy3185/math/commit/676aa062eca12dfb8e889de4e20d2526539954e5
2026-09-10T08:15:52Z,2026-09-10T08:15:52Z,83ac98e455e66e0d0f520b403572a9abe7c90b76,lean: fix interval Poincare proof normalization,472faf8b6e351c6372769188ffd94971fee04647,research/aml-production-consumption-stabilization,https://github.com/whzy3185/math/commit/83ac98e455e66e0d0f520b403572a9abe7c90b76
2026-09-10T08:19:31Z,2026-09-10T08:19:31Z,68ed361c1656ce99c26586efb55e72f6356ab995,Prove embedded even-gap 2/4 exclusion on width-five strips,a0688270512e53b4b34497c1187eacd53f3fa672,paper/circulant-finite-threshold-20260909,https://github.com/whzy3185/math/commit/68ed361c1656ce99c26586efb55e72f6356ab995
2026-09-10T08:19:55Z,2026-09-10T08:19:55Z,eb12c647ffc23dd60412eda7a1f44a4887ac4782,Add exact verifier for width-five gap-2/gap-4 rule,68ed361c1656ce99c26586efb55e72f6356ab995,paper/circulant-finite-threshold-20260909,https://github.com/whzy3185/math/commit/eb12c647ffc23dd60412eda7a1f44a4887ac4782
2026-09-10T08:20:51Z,2026-09-10T08:20:51Z,dc73ed7d05db2ae68a327391aa56759d828a64f3,lean: derive Laplacian sign from spatial local extrema,83ac98e455e66e0d0f520b403572a9abe7c90b76,research/aml-production-consumption-stabilization,https://github.com/whzy3185/math/commit/dc73ed7d05db2ae68a327391aa56759d828a64f3
2026-09-10T08:21:12Z,2026-09-10T08:21:12Z,cb76378fe559e4931f4f7cadda0a90835a08185c,lean: add spatial extremum second-derivative core to verification root,dc73ed7d05db2ae68a327391aa56759d828a64f3,research/aml-production-consumption-stabilization,https://github.com/whzy3185/math/commit/cb76378fe559e4931f4f7cadda0a90835a08185c
2026-09-10T08:22:10Z,2026-09-10T08:22:10Z,c9c219950632de9dc806852bbd2e05ea751e0b91,lean: add canonical derivative-based box Green endpoint,cb76378fe559e4931f4f7cadda0a90835a08185c,research/aml-production-consumption-stabilization,https://github.com/whzy3185/math/commit/c9c219950632de9dc806852bbd2e05ea751e0b91
2026-09-10T08:23:15Z,2026-09-10T08:23:15Z,a1779914337f3c50b5f627277f2f1d62bfc2e7d4,lean: add canonical box Green endpoint to verification root,c9c219950632de9dc806852bbd2e05ea751e0b91,research/aml-production-consumption-stabilization,https://github.com/whzy3185/math/commit/a1779914337f3c50b5f627277f2f1d62bfc2e7d4
2026-09-10T08:24:12Z,2026-09-10T08:24:12Z,98d3769220471ffab8c0dfa149b789e95ca52e0a,lean: derive signal PDE pairing from pointwise equation,a1779914337f3c50b5f627277f2f1d62bfc2e7d4,research/aml-production-consumption-stabilization,https://github.com/whzy3185/math/commit/98d3769220471ffab8c0dfa149b789e95ca52e0a
2026-09-10T08:24:40Z,2026-09-10T08:24:40Z,b5463e60d372c8d134ff5990b27794c962a6d366,lean: assemble box signal energy from pointwise PDE and Frechet data,98d3769220471ffab8c0dfa149b789e95ca52e0a,research/aml-production-consumption-stabilization,https://github.com/whzy3185/math/commit/b5463e60d372c8d134ff5990b27794c962a6d366
2026-09-10T08:25:03Z,2026-09-10T08:25:03Z,342c7310c4f0de6947f34f3ea002edfe939a789f,lean: add pointwise box signal energy endpoint to verification root,b5463e60d372c8d134ff5990b27794c962a6d366,research/aml-production-consumption-stabilization,https://github.com/whzy3185/math/commit/342c7310c4f0de6947f34f3ea002edfe939a789f
2026-09-10T08:27:57Z,2026-09-10T08:27:57Z,3e87dc8786a7863a7f8d23601c9772049eca3c97,lean: formalize first-contact barrier derivative contradiction,342c7310c4f0de6947f34f3ea002edfe939a789f,research/aml-production-consumption-stabilization,https://github.com/whzy3185/math/commit/3e87dc8786a7863a7f8d23601c9772049eca3c97
2026-09-10T08:28:19Z,2026-09-10T08:28:19Z,68eb01a182abbdaefe2ade90f58fe5ec9eeedac2,lean: add first-contact barrier core to verification root,3e87dc8786a7863a7f8d23601c9772049eca3c97,research/aml-production-consumption-stabilization,https://github.com/whzy3185/math/commit/68eb01a182abbdaefe2ade90f58fe5ec9eeedac2
2026-09-10T08:33:31Z,2026-09-10T08:33:31Z,01da1944e5687fa4796b5e5f93a4c85a96eba1d8,lean: fix coordinate-slice extremum and continuity transport,68eb01a182abbdaefe2ade90f58fe5ec9eeedac2,research/aml-production-consumption-stabilization,https://github.com/whzy3185/math/commit/01da1944e5687fa4796b5e5f93a4c85a96eba1d8
2026-09-10T08:34:19Z,2026-09-10T08:34:19Z,ad5ea46d3001bb8cfdd2bd9e116854f298b41f07,lean: make canonical box Green integrability transport explicit,01da1944e5687fa4796b5e5f93a4c85a96eba1d8,research/aml-production-consumption-stabilization,https://github.com/whzy3185/math/commit/ad5ea46d3001bb8cfdd2bd9e116854f298b41f07
2026-09-10T08:36:55Z,2026-09-10T08:36:55Z,5ff67afc5dbc3dedbe52ab510f8d1d1985bd0663,lean: fix backward tangent direction in first-contact barrier,ad5ea46d3001bb8cfdd2bd9e116854f298b41f07,research/aml-production-consumption-stabilization,https://github.com/whzy3185/math/commit/5ff67afc5dbc3dedbe52ab510f8d1d1985bd0663
2026-09-10T08:37:08Z,2026-09-10T08:37:08Z,ca705ff146c1e7b4147e5bdf0c10a231b6af12bb,Prove width-five even-gap 6 through 14 exclusion,eb12c647ffc23dd60412eda7a1f44a4887ac4782,paper/circulant-finite-threshold-20260909,https://github.com/whzy3185/math/commit/ca705ff146c1e7b4147e5bdf0c10a231b6af12bb
2026-09-10T08:37:24Z,2026-09-10T08:37:24Z,c798353c84db673edf9c22ca679a51b9c658cc9c,Add exact verifier for even gaps 6 through 14,ca705ff146c1e7b4147e5bdf0c10a231b6af12bb,paper/circulant-finite-threshold-20260909,https://github.com/whzy3185/math/commit/c798353c84db673edf9c22ca679a51b9c658cc9c
2026-09-10T08:39:47Z,2026-09-10T08:39:47Z,4843236e78c428a6847925c82816ddc28d8cfd20,"Close global sqrt8 obstruction at (75,15) and (85,17)",c798353c84db673edf9c22ca679a51b9c658cc9c,paper/circulant-finite-threshold-20260909,https://github.com/whzy3185/math/commit/4843236e78c428a6847925c82816ddc28d8cfd20
2026-09-10T08:40:14Z,2026-09-10T08:40:14Z,d6107cf8310c55d7beba434462139f37f952692c,"Add exact cyclic verifier for N=5s bases s=15,17",4843236e78c428a6847925c82816ddc28d8cfd20,paper/circulant-finite-threshold-20260909,https://github.com/whzy3185/math/commit/d6107cf8310c55d7beba434462139f37f952692c
2026-09-10T08:46:56Z,2026-09-10T08:46:56Z,3a5cdc95b264944813898d826dd37444e6aad20d,Update finite-threshold overview after N=5s base obstructions,d6107cf8310c55d7beba434462139f37f952692c,paper/circulant-finite-threshold-20260909,https://github.com/whzy3185/math/commit/3a5cdc95b264944813898d826dd37444e6aad20d
2026-09-10T10:11:34Z,2026-09-10T10:11:34Z,88eb07f6d29af6d2fa21790d2e74d84f499f8c67,lean: expand scalar span map in first-contact signs,5ff67afc5dbc3dedbe52ab510f8d1d1985bd0663,research/aml-production-consumption-stabilization,https://github.com/whzy3185/math/commit/88eb07f6d29af6d2fa21790d2e74d84f499f8c67
2026-09-10T10:11:55Z,2026-09-10T10:11:55Z,aab343f612327cd3fcf4a7088c78e61a795b5f97,lean: transport box integrability to restricted measure explicitly,88eb07f6d29af6d2fa21790d2e74d84f499f8c67,research/aml-production-consumption-stabilization,https://github.com/whzy3185/math/commit/aab343f612327cd3fcf4a7088c78e61a795b5f97
2026-09-10T10:17:28Z,2026-09-10T10:17:28Z,1674efaa686fca592bc309db29aaa8f031209fb7,lean: derive box signal energy derivative from dominated differentiation,aab343f612327cd3fcf4a7088c78e61a795b5f97,research/aml-production-consumption-stabilization,https://github.com/whzy3185/math/commit/1674efaa686fca592bc309db29aaa8f031209fb7
2026-09-10T10:17:48Z,2026-09-10T10:17:48Z,9b529949409e971771f40bc7335b281359d87733,lean: add time-dependent box signal energy endpoint to verification root,1674efaa686fca592bc309db29aaa8f031209fb7,research/aml-production-consumption-stabilization,https://github.com/whzy3185/math/commit/9b529949409e971771f40bc7335b281359d87733
2026-09-10T10:24:53Z,2026-09-10T10:24:53Z,52e0632c9ca10af8e1f4e4e7fe87579f4b5c68d7,lean: bridge box Poincare tensorization into mean-square coercivity,9b529949409e971771f40bc7335b281359d87733,research/aml-production-consumption-stabilization,https://github.com/whzy3185/math/commit/52e0632c9ca10af8e1f4e4e7fe87579f4b5c68d7
2026-09-10T10:25:21Z,2026-09-10T10:25:21Z,1446c16942931f09c580f53a9641c3c2d6f80b81,lean: add box Poincare coercivity bridge to verification root,52e0632c9ca10af8e1f4e4e7fe87579f4b5c68d7,research/aml-production-consumption-stabilization,https://github.com/whzy3185/math/commit/1446c16942931f09c580f53a9641c3c2d6f80b81
2026-09-10T10:30:07Z,2026-09-10T10:30:07Z,52063050153d3a99f3c9d68ef7757b16077e236b,lean: add independent-copy variance identity,1446c16942931f09c580f53a9641c3c2d6f80b81,research/aml-production-consumption-stabilization,https://github.com/whzy3185/math/commit/52063050153d3a99f3c9d68ef7757b16077e236b
2026-09-10T10:30:24Z,2026-09-10T10:30:24Z,01ca385a92a797ed22852551a3b423f31006680a,lean: add product variance identity to verification root,52063050153d3a99f3c9d68ef7757b16077e236b,research/aml-production-consumption-stabilization,https://github.com/whzy3185/math/commit/01ca385a92a797ed22852551a3b423f31006680a
2026-09-10T10:32:17Z,2026-09-10T10:32:17Z,b6e80f40be66e0f56ed44c53dc195c8d33da9033,lean: add finite-coordinate telescoping square bound,01ca385a92a797ed22852551a3b423f31006680a,research/aml-production-consumption-stabilization,https://github.com/whzy3185/math/commit/b6e80f40be66e0f56ed44c53dc195c8d33da9033
2026-09-10T10:32:45Z,2026-09-10T10:32:45Z,b740b6fb126861ab2e6d4a75d655ab85bd14ce7d,lean: add coordinate telescoping core to verification root,b6e80f40be66e0f56ed44c53dc195c8d33da9033,research/aml-production-consumption-stabilization,https://github.com/whzy3185/math/commit/b740b6fb126861ab2e6d4a75d655ab85bd14ce7d
2026-09-10T10:33:35Z,2026-09-10T10:33:35Z,9aba220b3161c865e03167bff838cc2374e164f2,"prove N=5s obstructions at s=19,21",3a5cdc95b264944813898d826dd37444e6aad20d,paper/circulant-finite-threshold-20260909,https://github.com/whzy3185/math/commit/9aba220b3161c865e03167bff838cc2374e164f2
2026-09-10T10:34:00Z,2026-09-10T10:34:00Z,7f3ba51eca87f42cd5d0a0708dee589f8c834383,"add exact certificates for N=5s s=19,21 obstructions",9aba220b3161c865e03167bff838cc2374e164f2,paper/circulant-finite-threshold-20260909,https://github.com/whzy3185/math/commit/7f3ba51eca87f42cd5d0a0708dee589f8c834383
2026-09-10T10:38:28Z,2026-09-10T10:38:28Z,69462befcf0ec85547ba22d0060e29aa879fae6e,lean: normalize product variance integral splitting,b740b6fb126861ab2e6d4a75d655ab85bd14ce7d,research/aml-production-consumption-stabilization,https://github.com/whzy3185/math/commit/69462befcf0ec85547ba22d0060e29aa879fae6e
2026-09-10T10:41:28Z,2026-09-10T10:41:28Z,9f90651bdb8b40f429c294dadb43f081ce484311,extend exact width-five even-gap exclusions through 30,7f3ba51eca87f42cd5d0a0708dee589f8c834383,paper/circulant-finite-threshold-20260909,https://github.com/whzy3185/math/commit/9f90651bdb8b40f429c294dadb43f081ce484311
2026-09-10T10:41:46Z,2026-09-10T10:41:46Z,90c555d1f1db539b8291650d6516b3f1bad6f8d1,add exact verifier for width-five gaps 16 through 30,9f90651bdb8b40f429c294dadb43f081ce484311,paper/circulant-finite-threshold-20260909,https://github.com/whzy3185/math/commit/90c555d1f1db539b8291650d6516b3f1bad6f8d1
2026-09-10T10:42:06Z,2026-09-10T10:42:06Z,0d96d60f9984729400caeec56b0ee969321fa6f1,prove fixed width-five defect-cluster exclusion rules,90c555d1f1db539b8291650d6516b3f1bad6f8d1,paper/circulant-finite-threshold-20260909,https://github.com/whzy3185/math/commit/0d96d60f9984729400caeec56b0ee969321fa6f1
2026-09-10T10:42:21Z,2026-09-10T10:42:21Z,6509fdda5c643d6caabb8707653536247a512c4c,add exact verifier for width-five defect-cluster rules,0d96d60f9984729400caeec56b0ee969321fa6f1,paper/circulant-finite-threshold-20260909,https://github.com/whzy3185/math/commit/6509fdda5c643d6caabb8707653536247a512c4c
2026-09-10T10:43:35Z,2026-09-10T10:43:35Z,9b26251051b2c77d067eb04dbf42203ee1b7a7ac,lean: normalize function subtraction and pointwise powers,69462befcf0ec85547ba22d0060e29aa879fae6e,research/aml-production-consumption-stabilization,https://github.com/whzy3185/math/commit/9b26251051b2c77d067eb04dbf42203ee1b7a7ac
2026-09-10T10:48:51Z,2026-09-10T10:48:51Z,bfad5b29130a997417f73173b4a8cc691fb863df,prove complete N=5s sqrt8 threshold classification,6509fdda5c643d6caabb8707653536247a512c4c,paper/circulant-finite-threshold-20260909,https://github.com/whzy3185/math/commit/bfad5b29130a997417f73173b4a8cc691fb863df
2026-09-10T10:48:59Z,2026-09-10T10:48:59Z,3bb06e2cd3306458456dd16bd5a0308303611d0f,lean: add finite-measure independent-copy deviation identity,9b26251051b2c77d067eb04dbf42203ee1b7a7ac,research/aml-production-consumption-stabilization,https://github.com/whzy3185/math/commit/3bb06e2cd3306458456dd16bd5a0308303611d0f
2026-09-10T10:49:18Z,2026-09-10T10:49:18Z,40f8f06149feec8946756007c2eb943d0603dc9e,add exact verifier for uniform N=5s even-gap theorem,bfad5b29130a997417f73173b4a8cc691fb863df,paper/circulant-finite-threshold-20260909,https://github.com/whzy3185/math/commit/40f8f06149feec8946756007c2eb943d0603dc9e
2026-09-10T10:49:50Z,2026-09-10T10:49:50Z,294f56762c94b5d482c4c44287fc06279d3283f7,fix syntax in uniform N=5s verifier,40f8f06149feec8946756007c2eb943d0603dc9e,paper/circulant-finite-threshold-20260909,https://github.com/whzy3185/math/commit/294f56762c94b5d482c4c44287fc06279d3283f7
2026-09-10T10:49:51Z,2026-09-10T10:49:51Z,8a0bc5bf9cad1262436f166d35d1740d2a20b1da,lean: identify restricted box volume as finite product measure,3bb06e2cd3306458456dd16bd5a0308303611d0f,research/aml-production-consumption-stabilization,https://github.com/whzy3185/math/commit/8a0bc5bf9cad1262436f166d35d1740d2a20b1da
2026-09-10T10:50:13Z,2026-09-10T10:50:13Z,9a5da10a58677098a6d5592db55ce144e6c27c5a,lean: add box product measure core to verification root,8a0bc5bf9cad1262436f166d35d1740d2a20b1da,research/aml-production-consumption-stabilization,https://github.com/whzy3185/math/commit/9a5da10a58677098a6d5592db55ce144e6c27c5a
2026-09-10T10:51:02Z,2026-09-10T10:51:02Z,1a9e8a740c61dc30676a1a197f5832d7d595440a,update ledger with complete N=5s threshold theorem,294f56762c94b5d482c4c44287fc06279d3283f7,paper/circulant-finite-threshold-20260909,https://github.com/whzy3185/math/commit/1a9e8a740c61dc30676a1a197f5832d7d595440a
2026-09-10T10:51:12Z,2026-09-10T10:51:12Z,642469eff04f38e58b2c5749288254089059a305,lean: translate weak Poincare to arbitrary finite intervals,9a5da10a58677098a6d5592db55ce144e6c27c5a,research/aml-production-consumption-stabilization,https://github.com/whzy3185/math/commit/642469eff04f38e58b2c5749288254089059a305
2026-09-10T10:51:36Z,2026-09-10T10:51:36Z,2567724c67b35796030151c93b8d10b79ef5915c,lean: add arbitrary-interval Poincare shift core to verification root,642469eff04f38e58b2c5749288254089059a305,research/aml-production-consumption-stabilization,https://github.com/whzy3185/math/commit/2567724c67b35796030151c93b8d10b79ef5915c
2026-09-10T10:51:40Z,2026-09-10T10:51:40Z,bea54733d533606cc8348d112d32fcfd29e07b74,update README for complete N=5s threshold classification,1a9e8a740c61dc30676a1a197f5832d7d595440a,paper/circulant-finite-threshold-20260909,https://github.com/whzy3185/math/commit/bea54733d533606cc8348d112d32fcfd29e07b74
2026-09-10T10:52:27Z,2026-09-10T10:52:27Z,a4c0d74414aa2459c588e72ee159caa52d93d83e,close step-15 vertical threshold after N=5s theorem,bea54733d533606cc8348d112d32fcfd29e07b74,paper/circulant-finite-threshold-20260909,https://github.com/whzy3185/math/commit/a4c0d74414aa2459c588e72ee159caa52d93d83e
2026-09-10T10:52:44Z,2026-09-10T10:52:44Z,b0422aed3eb754db39c903a56d5cf30605f8678d,lean: add double-copy Poincare estimate on finite intervals,2567724c67b35796030151c93b8d10b79ef5915c,research/aml-production-consumption-stabilization,https://github.com/whzy3185/math/commit/b0422aed3eb754db39c903a56d5cf30605f8678d
2026-09-10T10:52:58Z,2026-09-10T10:52:58Z,b84124bac309e7ec6fb41277c0c9174581ac6c72,close step-17 vertical threshold after N=5s theorem,a4c0d74414aa2459c588e72ee159caa52d93d83e,paper/circulant-finite-threshold-20260909,https://github.com/whzy3185/math/commit/b84124bac309e7ec6fb41277c0c9174581ac6c72
2026-09-10T10:53:10Z,2026-09-10T10:53:10Z,6046140ec0ebceeaa6646f0c1ee0a81d7d73500e,lean: add interval pair Poincare core to verification root,b0422aed3eb754db39c903a56d5cf30605f8678d,research/aml-production-consumption-stabilization,https://github.com/whzy3185/math/commit/6046140ec0ebceeaa6646f0c1ee0a81d7d73500e
2026-09-10T10:54:42Z,2026-09-10T10:54:42Z,320b8d3c22818d3cefd898610f4bbebccef8d52c,lean: transport paired-coordinate product integrals,6046140ec0ebceeaa6646f0c1ee0a81d7d73500e,research/aml-production-consumption-stabilization,https://github.com/whzy3185/math/commit/320b8d3c22818d3cefd898610f4bbebccef8d52c
2026-09-10T10:55:13Z,2026-09-10T10:55:13Z,3e3bb05cb3b7e05200b8903227d45b01042257d0,lean: add paired product measure transport to verification root,320b8d3c22818d3cefd898610f4bbebccef8d52c,research/aml-production-consumption-stabilization,https://github.com/whzy3185/math/commit/3e3bb05cb3b7e05200b8903227d45b01042257d0
2026-09-10T10:57:29Z,2026-09-10T10:57:29Z,27cb74f4bfd50c6856f72a9819770e6fce492741,lean: integrate coordinate telescoping over paired samples,3e3bb05cb3b7e05200b8903227d45b01042257d0,research/aml-production-consumption-stabilization,https://github.com/whzy3185/math/commit/27cb74f4bfd50c6856f72a9819770e6fce492741
2026-09-10T10:57:58Z,2026-09-10T10:57:58Z,522198d418ade62fecbc38380ec4abc11359eebd,lean: add integrated coordinate telescoping to verification root,27cb74f4bfd50c6856f72a9819770e6fce492741,research/aml-production-consumption-stabilization,https://github.com/whzy3185/math/commit/522198d418ade62fecbc38380ec4abc11359eebd
2026-09-10T10:59:44Z,2026-09-10T10:59:44Z,17d7736a1ebace6f9eb1777f973506a7969ec2c8,lean: split finite product integrals along one coordinate,522198d418ade62fecbc38380ec4abc11359eebd,research/aml-production-consumption-stabilization,https://github.com/whzy3185/math/commit/17d7736a1ebace6f9eb1777f973506a7969ec2c8
2026-09-10T11:00:13Z,2026-09-10T11:00:13Z,e275a5dfca517f5178b6874835eb694487743123,lean: add single-coordinate Pi Fubini core to verification root,17d7736a1ebace6f9eb1777f973506a7969ec2c8,research/aml-production-consumption-stabilization,https://github.com/whzy3185/math/commit/e275a5dfca517f5178b6874835eb694487743123
2026-09-10T11:01:27Z,2026-09-10T11:01:27Z,06bafe3fb996bbb6aa1e8de4b7fcd8f61433ab5f,lean: identify hybrid increments with one-coordinate fibers,e275a5dfca517f5178b6874835eb694487743123,research/aml-production-consumption-stabilization,https://github.com/whzy3185/math/commit/06bafe3fb996bbb6aa1e8de4b7fcd8f61433ab5f
2026-09-10T11:01:55Z,2026-09-10T11:01:55Z,154570183d1ab8b36ff326a6449fc7e8136c6323,lean: add hybrid fiber identification to verification root,06bafe3fb996bbb6aa1e8de4b7fcd8f61433ab5f,research/aml-production-consumption-stabilization,https://github.com/whzy3185/math/commit/154570183d1ab8b36ff326a6449fc7e8136c6323
2026-09-10T11:02:03Z,2026-09-10T11:02:03Z,09e6f6bc956e635f1ef509bb5711a47aec2b5893,add first all-signing width-seven even-gap lemma,b84124bac309e7ec6fb41277c0c9174581ac6c72,paper/circulant-finite-threshold-20260909,https://github.com/whzy3185/math/commit/09e6f6bc956e635f1ef509bb5711a47aec2b5893
2026-09-10T11:02:23Z,2026-09-10T11:02:23Z,1e5165c81392769191919a8f4f7751c6356fd896,add exact verifier for width-seven even gaps through 20,09e6f6bc956e635f1ef509bb5711a47aec2b5893,paper/circulant-finite-threshold-20260909,https://github.com/whzy3185/math/commit/1e5165c81392769191919a8f4f7751c6356fd896
2026-09-10T11:07:02Z,2026-09-10T11:07:02Z,12b16d5d34a6035685dff521e71e79f1f212f19f,prove width-seven half-line defect rigidity,1e5165c81392769191919a8f4f7751c6356fd896,paper/circulant-finite-threshold-20260909,https://github.com/whzy3185/math/commit/12b16d5d34a6035685dff521e71e79f1f212f19f
2026-09-10T11:07:18Z,2026-09-10T11:07:18Z,f1d7b1b84d43920946c21431b8c852d5f84ba407,add exact verifier for width-seven half-line rigidity,12b16d5d34a6035685dff521e71e79f1f212f19f,paper/circulant-finite-threshold-20260909,https://github.com/whzy3185/math/commit/f1d7b1b84d43920946c21431b8c852d5f84ba407
2026-09-11T02:00:30Z,2026-09-11T02:00:30Z,10bfa53cd3697607401244fe937b253668bbd731,lean: normalize integrated finite coordinate sum,154570183d1ab8b36ff326a6449fc7e8136c6323,research/aml-production-consumption-stabilization,https://github.com/whzy3185/math/commit/10bfa53cd3697607401244fe937b253668bbd731
2026-09-11T02:00:46Z,2026-09-11T02:00:46Z,293238fa2fb88fb4cbc00ce6a2bccbf11f83047d,lean: normalize translated interval Poincare proof,10bfa53cd3697607401244fe937b253668bbd731,research/aml-production-consumption-stabilization,https://github.com/whzy3185/math/commit/293238fa2fb88fb4cbc00ce6a2bccbf11f83047d
2026-09-11T02:03:44Z,2026-09-11T02:03:44Z,f19140c0e6f909a7161292365db1e4d268b33004,lean: add finite paired-coordinate selector measure formula,293238fa2fb88fb4cbc00ce6a2bccbf11f83047d,research/aml-production-consumption-stabilization,https://github.com/whzy3185/math/commit/f19140c0e6f909a7161292365db1e4d268b33004
2026-09-11T02:04:00Z,2026-09-11T02:04:00Z,39031ddf4d462076488e8554cb87d9657a465a90,lean: add paired selector measure core to verification root,f19140c0e6f909a7161292365db1e4d268b33004,research/aml-production-consumption-stabilization,https://github.com/whzy3185/math/commit/39031ddf4d462076488e8554cb87d9657a465a90
2026-09-11T02:05:10Z,2026-09-11T02:05:10Z,8f8c5d66624defee0e329c6c44fab1b741da2e7d,lean: add rest-hybrid product measure transport,39031ddf4d462076488e8554cb87d9657a465a90,research/aml-production-consumption-stabilization,https://github.com/whzy3185/math/commit/8f8c5d66624defee0e329c6c44fab1b741da2e7d
2026-09-11T02:05:32Z,2026-09-11T02:05:32Z,6d2466984a64038ce12ef2a8fcc3a3c4232c6141,lean: add rest-hybrid integral transport to verification root,8f8c5d66624defee0e329c6c44fab1b741da2e7d,research/aml-production-consumption-stabilization,https://github.com/whzy3185/math/commit/6d2466984a64038ce12ef2a8fcc3a3c4232c6141
2026-09-11T02:06:32Z,2026-09-11T02:06:32Z,2e7c66db02569035450780231bb15cbf936feb36,lean: add symmetric coordinate Fubini splitting,6d2466984a64038ce12ef2a8fcc3a3c4232c6141,research/aml-production-consumption-stabilization,https://github.com/whzy3185/math/commit/2e7c66db02569035450780231bb15cbf936feb36
2026-09-11T02:07:37Z,2026-09-11T02:07:37Z,36c2b28e16df83e46bfd870dfb7bd7923a94bf3f,lean: propagate integrability through rest-hybrid selector,2e7c66db02569035450780231bb15cbf936feb36,research/aml-production-consumption-stabilization,https://github.com/whzy3185/math/commit/36c2b28e16df83e46bfd870dfb7bd7923a94bf3f
2026-09-11T02:08:09Z,2026-09-11T02:08:09Z,815437057a88a4a78346483635d24a0b1378b3d8,lean: expose integrability of coordinate fiber integrals,36c2b28e16df83e46bfd870dfb7bd7923a94bf3f,research/aml-production-consumption-stabilization,https://github.com/whzy3185/math/commit/815437057a88a4a78346483635d24a0b1378b3d8
2026-09-11T02:09:30Z,2026-09-11T02:09:30Z,398db6de52a46fdf4c6cab76d0582f2e58db69c2,lean: add integrable rest-hybrid integral transport,815437057a88a4a78346483635d24a0b1378b3d8,research/aml-production-consumption-stabilization,https://github.com/whzy3185/math/commit/398db6de52a46fdf4c6cab76d0582f2e58db69c2
2026-09-11T02:11:42Z,2026-09-11T02:11:42Z,c49ae1def3ecda90d291e2afe06b8c928e9c106d,lean: add one-coordinate box hybrid Poincare bound,398db6de52a46fdf4c6cab76d0582f2e58db69c2,research/aml-production-consumption-stabilization,https://github.com/whzy3185/math/commit/c49ae1def3ecda90d291e2afe06b8c928e9c106d
2026-09-11T02:11:59Z,2026-09-11T02:11:59Z,fe12b229e3b64135f9217fc9b7898b9d037ba20d,lean: add one-coordinate box hybrid Poincare bound to root,c49ae1def3ecda90d291e2afe06b8c928e9c106d,research/aml-production-consumption-stabilization,https://github.com/whzy3185/math/commit/fe12b229e3b64135f9217fc9b7898b9d037ba20d
2026-09-11T02:17:24Z,2026-09-11T02:17:24Z,a76c61da878cb862df33851d16a08a755c86fdf3,lean: normalize paired selector product measure proof,fe12b229e3b64135f9217fc9b7898b9d037ba20d,research/aml-production-consumption-stabilization,https://github.com/whzy3185/math/commit/a76c61da878cb862df33851d16a08a755c86fdf3
2026-09-11T02:17:49Z,2026-09-11T02:17:49Z,82a22b727c32eb49aaabfd54c40b71c1875c1fed,lean: normalize finite-sum integrability pointwise,a76c61da878cb862df33851d16a08a755c86fdf3,research/aml-production-consumption-stabilization,https://github.com/whzy3185/math/commit/82a22b727c32eb49aaabfd54c40b71c1875c1fed
2026-09-11T02:18:19Z,2026-09-11T02:18:19Z,fb0966d48b1659dd9499fbc0a9bf3a8032f9f115,lean: make interval translation rewrites explicit,82a22b727c32eb49aaabfd54c40b71c1875c1fed,research/aml-production-consumption-stabilization,https://github.com/whzy3185/math/commit/fb0966d48b1659dd9499fbc0a9bf3a8032f9f115
2026-09-11T02:24:46Z,2026-09-11T02:24:46Z,6b8db9e873fb9ee5c42aa592e585ef96ba670016,lean: provide finite measure instances for paired selector scaling,fb0966d48b1659dd9499fbc0a9bf3a8032f9f115,research/aml-production-consumption-stabilization,https://github.com/whzy3185/math/commit/6b8db9e873fb9ee5c42aa592e585ef96ba670016
2026-09-11T02:25:00Z,2026-09-11T02:25:00Z,179174af01ba7f2e6b44181ab77a7ac17abbe28c,lean: identify pointwise finite function sum explicitly,6b8db9e873fb9ee5c42aa592e585ef96ba670016,research/aml-production-consumption-stabilization,https://github.com/whzy3185/math/commit/179174af01ba7f2e6b44181ab77a7ac17abbe28c
2026-09-11T02:25:26Z,2026-09-11T02:25:26Z,53dbb9671e3eb3d2c7831851d01f42dac768f83a,lean: normalize interval pair integrability and mean,179174af01ba7f2e6b44181ab77a7ac17abbe28c,research/aml-production-consumption-stabilization,https://github.com/whzy3185/math/commit/53dbb9671e3eb3d2c7831851d01f42dac768f83a
2026-09-11T02:30:31Z,2026-09-11T02:30:31Z,71800d945b071a2251a0778ca60b216b6580a936,lean: simplify finite scaled measure mass directly,53dbb9671e3eb3d2c7831851d01f42dac768f83a,research/aml-production-consumption-stabilization,https://github.com/whzy3185/math/commit/71800d945b071a2251a0778ca60b216b6580a936
2026-09-11T02:30:46Z,2026-09-11T02:30:46Z,3ad8311e35a3bb44c21c14f55a4c6f3d2b84d202,lean: make paired insertNth type explicit in hybrid fibers,71800d945b071a2251a0778ca60b216b6580a936,research/aml-production-consumption-stabilization,https://github.com/whzy3185/math/commit/3ad8311e35a3bb44c21c14f55a4c6f3d2b84d202
2026-09-11T02:31:12Z,2026-09-11T02:31:12Z,ecafe3b9322360155f9fac4f2534d5dd134b3073,lean: use local integrability and measureReal for interval pair,3ad8311e35a3bb44c21c14f55a4c6f3d2b84d202,research/aml-production-consumption-stabilization,https://github.com/whzy3185/math/commit/ecafe3b9322360155f9fac4f2534d5dd134b3073
2026-09-11T02:32:56Z,2026-09-11T02:32:56Z,e9092cd6b2222babdc9eb8f08b4be134ba764888,lean: prove paired selector scaling through mapped coordinate measures,ecafe3b9322360155f9fac4f2534d5dd134b3073,research/aml-production-consumption-stabilization,https://github.com/whzy3185/math/commit/e9092cd6b2222babdc9eb8f08b4be134ba764888
2026-09-11T02:38:47Z,2026-09-11T02:38:47Z,210c18571090d2cd43656d59a559b15815063fa2,lean: normalize rest-hybrid selector and ENNReal mass,e9092cd6b2222babdc9eb8f08b4be134ba764888,research/aml-production-consumption-stabilization,https://github.com/whzy3185/math/commit/210c18571090d2cd43656d59a559b15815063fa2
2026-09-11T02:39:12Z,2026-09-11T02:39:12Z,2b5657910788372068774e8462aea59306e1db2a,lean: normalize pointwise square continuity in interval pair,210c18571090d2cd43656d59a559b15815063fa2,research/aml-production-consumption-stabilization,https://github.com/whzy3185/math/commit/2b5657910788372068774e8462aea59306e1db2a
2026-09-11T02:44:17Z,2026-09-11T02:44:17Z,3cdfb6fd022d7a321c435b44c7ef33e2bcd31af0,lean: replace infinity notation in rest-hybrid mass bounds,2b5657910788372068774e8462aea59306e1db2a,research/aml-production-consumption-stabilization,https://github.com/whzy3185/math/commit/3cdfb6fd022d7a321c435b44c7ef33e2bcd31af0
2026-09-11T02:44:40Z,2026-09-11T02:44:40Z,1ef8d4bea85cc8ef4026b4e969cd8649d45143e8,lean: rewrite interval square as function product explicitly,3cdfb6fd022d7a321c435b44c7ef33e2bcd31af0,research/aml-production-consumption-stabilization,https://github.com/whzy3185/math/commit/1ef8d4bea85cc8ef4026b4e969cd8649d45143e8
2026-09-11T02:50:28Z,2026-09-11T02:50:28Z,dd7d03a691343cf1a23b39db90628cea16a2f594,lean: close single-coordinate box hybrid Poincare normalization,1ef8d4bea85cc8ef4026b4e969cd8649d45143e8,research/aml-production-consumption-stabilization,https://github.com/whzy3185/math/commit/dd7d03a691343cf1a23b39db90628cea16a2f594
2026-09-11T03:25:30Z,2026-09-11T03:25:30Z,aa64fc50df7f4a64e262f99b08499ab391a36684,lean: add rectangular box volume factor identities,dd7d03a691343cf1a23b39db90628cea16a2f594,research/aml-production-consumption-stabilization,https://github.com/whzy3185/math/commit/aa64fc50df7f4a64e262f99b08499ab391a36684
2026-09-11T03:25:49Z,2026-09-11T03:25:49Z,df60f856f1e1273adb6c247f83d2c7aa3289b05f,lean: add box volume factor core to verification root,aa64fc50df7f4a64e262f99b08499ab391a36684,research/aml-production-consumption-stabilization,https://github.com/whzy3185/math/commit/df60f856f1e1273adb6c247f83d2c7aa3289b05f
2026-09-11T03:28:09Z,2026-09-11T03:28:09Z,f9ff5cc72d2710274b3525f8f0965bcd345597ef,lean: assemble full rectangular box Poincare theorem,df60f856f1e1273adb6c247f83d2c7aa3289b05f,research/aml-production-consumption-stabilization,https://github.com/whzy3185/math/commit/f9ff5cc72d2710274b3525f8f0965bcd345597ef
2026-09-11T03:28:26Z,2026-09-11T03:28:26Z,487a89345d6826dde920b5e99d078468c2cf4731,lean: add full box Poincare theorem to verification root,f9ff5cc72d2710274b3525f8f0965bcd345597ef,research/aml-production-consumption-stabilization,https://github.com/whzy3185/math/commit/487a89345d6826dde920b5e99d078468c2cf4731
2026-09-11T03:35:05Z,2026-09-11T03:35:05Z,bf375dfd24736427035b37e94f84e94995e7ef29,lean: normalize full box Poincare assembly,487a89345d6826dde920b5e99d078468c2cf4731,research/aml-production-consumption-stabilization,https://github.com/whzy3185/math/commit/bf375dfd24736427035b37e94f84e94995e7ef29
2026-09-11T03:39:55Z,2026-09-11T03:39:55Z,fd0ad581c4941f533b7c2253877e96c6d879d8b3,lean: add square-root form of full box Poincare theorem,bf375dfd24736427035b37e94f84e94995e7ef29,research/aml-production-consumption-stabilization,https://github.com/whzy3185/math/commit/fd0ad581c4941f533b7c2253877e96c6d879d8b3
2026-09-11T03:40:26Z,2026-09-11T03:40:26Z,dd35ea6bebd365c70bb5033c81f52be3b9a9caee,lean: add square-root box Poincare to verification root,fd0ad581c4941f533b7c2253877e96c6d879d8b3,research/aml-production-consumption-stabilization,https://github.com/whzy3185/math/commit/dd35ea6bebd365c70bb5033c81f52be3b9a9caee
2026-09-11T03:46:36Z,2026-09-11T03:46:36Z,37ecf2ab3dbf8da61d6d3efe5f4af0b8a5a8ba17,lean: connect full box Poincare to mass-weighted coercivity,dd35ea6bebd365c70bb5033c81f52be3b9a9caee,research/aml-production-consumption-stabilization,https://github.com/whzy3185/math/commit/37ecf2ab3dbf8da61d6d3efe5f4af0b8a5a8ba17
2026-09-11T03:46:56Z,2026-09-11T03:46:56Z,f7382928cdd5f525724cc18596dfde56b25c5ac3,lean: add full box coercivity bridge to verification root,37ecf2ab3dbf8da61d6d3efe5f4af0b8a5a8ba17,research/aml-production-consumption-stabilization,https://github.com/whzy3185/math/commit/f7382928cdd5f525724cc18596dfde56b25c5ac3
2026-09-11T03:54:01Z,2026-09-11T03:54:01Z,ec43eb28625854142338f79d523e836de89273e8,docs: update Lean verification status through full box coercivity,f7382928cdd5f525724cc18596dfde56b25c5ac3,research/aml-production-consumption-stabilization,https://github.com/whzy3185/math/commit/ec43eb28625854142338f79d523e836de89273e8
2026-09-11T03:54:29Z,2026-09-11T03:54:29Z,e890e7e4deb9d1823db782b063a7e9a4aaaf7911,docs: update strengthened rate package Lean status,ec43eb28625854142338f79d523e836de89273e8,research/aml-production-consumption-stabilization,https://github.com/whzy3185/math/commit/e890e7e4deb9d1823db782b063a7e9a4aaaf7911
2026-09-11T03:57:57Z,2026-09-11T03:57:57Z,aa0a8c401ad5de4408f406c4be4082dec7cab3a4,lean: add global tilted contact selection on compact boxes,e890e7e4deb9d1823db782b063a7e9a4aaaf7911,research/aml-production-consumption-stabilization,https://github.com/whzy3185/math/commit/aa0a8c401ad5de4408f406c4be4082dec7cab3a4
2026-09-11T03:58:18Z,2026-09-11T03:58:18Z,6a519c7403c5495a59c8c17c23c79c18b151f53d,lean: add global box contact selection to verification root,aa0a8c401ad5de4408f406c4be4082dec7cab3a4,research/aml-production-consumption-stabilization,https://github.com/whzy3185/math/commit/6a519c7403c5495a59c8c17c23c79c18b151f53d
2026-09-11T04:00:13Z,2026-09-11T04:00:13Z,c26b4fc4240fafeed41834978e39055ad78d3b4d,lean: bridge box interior extrema to local PDE contacts,6a519c7403c5495a59c8c17c23c79c18b151f53d,research/aml-production-consumption-stabilization,https://github.com/whzy3185/math/commit/c26b4fc4240fafeed41834978e39055ad78d3b4d
2026-09-11T04:00:33Z,2026-09-11T04:00:33Z,aaa5a255ac93cda48f525a3d2d28851efb040c71,lean: add box interior contact bridge to verification root,c26b4fc4240fafeed41834978e39055ad78d3b4d,research/aml-production-consumption-stabilization,https://github.com/whzy3185/math/commit/aaa5a255ac93cda48f525a3d2d28851efb040c71
2026-09-11T04:01:41Z,2026-09-11T04:01:41Z,79976336acc5131cb042102cc062324a9efbab5f,lean: close global box maximum principle for interior contacts,aaa5a255ac93cda48f525a3d2d28851efb040c71,research/aml-production-consumption-stabilization,https://github.com/whzy3185/math/commit/79976336acc5131cb042102cc062324a9efbab5f
2026-09-11T04:02:04Z,2026-09-11T04:02:04Z,b2c5dbb0d27621adb512d224320ab4c92f1aa625,lean: add global interior box maximum principle to verification root,79976336acc5131cb042102cc062324a9efbab5f,research/aml-production-consumption-stabilization,https://github.com/whzy3185/math/commit/b2c5dbb0d27621adb512d224320ab4c92f1aa625
2026-09-11T04:06:29Z,2026-09-11T04:06:29Z,4c3658f9196a810d197a1710d77630acf8dfd7e4,lean: formalize Neumann endpoint second-derivative signs,b2c5dbb0d27621adb512d224320ab4c92f1aa625,research/aml-production-consumption-stabilization,https://github.com/whzy3185/math/commit/4c3658f9196a810d197a1710d77630acf8dfd7e4
2026-09-11T04:06:58Z,2026-09-11T04:06:58Z,dbeb1a20b8245abbf243e5495fa051acc8054454,lean: add Neumann endpoint second-derivative core to root,4c3658f9196a810d197a1710d77630acf8dfd7e4,research/aml-production-consumption-stabilization,https://github.com/whzy3185/math/commit/dbeb1a20b8245abbf243e5495fa051acc8054454
2026-09-11T04:10:17Z,2026-09-11T04:10:17Z,7f98ea134e6d7fd9c9c9e6c3ba5176af9bb8d5e1,lean: derive Neumann box Laplacian signs at global extrema,dbeb1a20b8245abbf243e5495fa051acc8054454,research/aml-production-consumption-stabilization,https://github.com/whzy3185/math/commit/7f98ea134e6d7fd9c9c9e6c3ba5176af9bb8d5e1
2026-09-11T04:10:37Z,2026-09-11T04:10:37Z,5b96b550f0a821528924599435331c41cacec033,lean: add Neumann box maximum-contact core to root,7f98ea134e6d7fd9c9c9e6c3ba5176af9bb8d5e1,research/aml-production-consumption-stabilization,https://github.com/whzy3185/math/commit/5b96b550f0a821528924599435331c41cacec033
2026-09-11T04:11:30Z,2026-09-11T04:11:30Z,1f7c82e8d3deb93e726f253820b5830476ebf195,lean: close global Neumann maximum principle on rectangular boxes,5b96b550f0a821528924599435331c41cacec033,research/aml-production-consumption-stabilization,https://github.com/whzy3185/math/commit/1f7c82e8d3deb93e726f253820b5830476ebf195
2026-09-11T04:11:51Z,2026-09-11T04:11:51Z,725e779d02a77b412d5eebc259bd2fa18cff35ce,lean: add global Neumann box maximum principle to root,1f7c82e8d3deb93e726f253820b5830476ebf195,research/aml-production-consumption-stabilization,https://github.com/whzy3185/math/commit/725e779d02a77b412d5eebc259bd2fa18cff35ce
2026-09-11T04:17:51Z,2026-09-11T04:17:51Z,975b94930a2dc859b5f791b7ad78251d097911fd,lean: normalize Neumann endpoint derivative-sign proof,725e779d02a77b412d5eebc259bd2fa18cff35ce,research/aml-production-consumption-stabilization,https://github.com/whzy3185/math/commit/975b94930a2dc859b5f791b7ad78251d097911fd
2026-09-11T04:18:53Z,2026-09-11T04:18:53Z,2799111d1a7a9e61190a3f0174e2515dbcb5b40a,lean: normalize compact-cylinder contact selection,975b94930a2dc859b5f791b7ad78251d097911fd,research/aml-production-consumption-stabilization,https://github.com/whzy3185/math/commit/2799111d1a7a9e61190a3f0174e2515dbcb5b40a
2026-09-11T04:25:38Z,2026-09-11T04:25:38Z,ed8be9718c8209ebe386f1b2446c6dc240471aa0,lean: use pinned root sign lemmas in endpoint proof,2799111d1a7a9e61190a3f0174e2515dbcb5b40a,research/aml-production-consumption-stabilization,https://github.com/whzy3185/math/commit/ed8be9718c8209ebe386f1b2446c6dc240471aa0
2026-09-11T04:26:21Z,2026-09-11T04:26:21Z,ed75a5ee85d8a7d7bb5e08d82fbd12d090f75cc7,lean: align compact contact selection with pinned extremum API,ed8be9718c8209ebe386f1b2446c6dc240471aa0,research/aml-production-consumption-stabilization,https://github.com/whzy3185/math/commit/ed75a5ee85d8a7d7bb5e08d82fbd12d090f75cc7
2026-09-11T05:02:24Z,2026-09-11T05:02:24Z,29edbb1d97ecc9b0409b8b13bbfc51c3b18eea84,lean: normalize compact contact continuity functions,ed75a5ee85d8a7d7bb5e08d82fbd12d090f75cc7,research/aml-production-consumption-stabilization,https://github.com/whzy3185/math/commit/29edbb1d97ecc9b0409b8b13bbfc51c3b18eea84
2026-09-11T05:08:01Z,2026-09-11T05:08:01Z,ea3c34d261bb4a78b73a4a958f9a079c4a7f243a,docs: record full box Neumann maximum principle verification,29edbb1d97ecc9b0409b8b13bbfc51c3b18eea84,research/aml-production-consumption-stabilization,https://github.com/whzy3185/math/commit/ea3c34d261bb4a78b73a4a958f9a079c4a7f243a
2026-09-11T05:08:29Z,2026-09-11T05:08:29Z,398d6a5c0b6489545244e02726169a2350856a10,docs: update strengthened theorem package through box maximum principle,ea3c34d261bb4a78b73a4a958f9a079c4a7f243a,research/aml-production-consumption-stabilization,https://github.com/whzy3185/math/commit/398d6a5c0b6489545244e02726169a2350856a10
2026-09-11T05:11:17Z,2026-09-11T05:11:17Z,d95d352c4f4ac27de63e57a88fc2b59da061ff66,lean: add cross Green identity on rectangular boxes,398d6a5c0b6489545244e02726169a2350856a10,research/aml-production-consumption-stabilization,https://github.com/whzy3185/math/commit/d95d352c4f4ac27de63e57a88fc2b59da061ff66
2026-09-11T05:11:38Z,2026-09-11T05:11:38Z,3e2ca6c2c7075a49ab174d7229dbedb55f60c450,lean: add cross box Green identity to verification root,d95d352c4f4ac27de63e57a88fc2b59da061ff66,research/aml-production-consumption-stabilization,https://github.com/whzy3185/math/commit/3e2ca6c2c7075a49ab174d7229dbedb55f60c450
2026-09-11T05:17:00Z,2026-09-11T05:17:00Z,64f52c1d3ee72cee938dfae87cc5dfcecde0ce52,lean: normalize cross Green divergence sum,3e2ca6c2c7075a49ab174d7229dbedb55f60c450,research/aml-production-consumption-stabilization,https://github.com/whzy3185/math/commit/64f52c1d3ee72cee938dfae87cc5dfcecde0ce52
2026-09-11T05:22:39Z,2026-09-11T05:22:39Z,2e33cacf8f19f1d44922b94f82c7f4ad24e3957a,lean: add finite-coordinate integrated Cauchy Schwarz,64f52c1d3ee72cee938dfae87cc5dfcecde0ce52,research/aml-production-consumption-stabilization,https://github.com/whzy3185/math/commit/2e33cacf8f19f1d44922b94f82c7f4ad24e3957a
2026-09-11T05:23:01Z,2026-09-11T05:23:01Z,d4c9c1b578278cbf6880ca82c4bc6482783956b6,lean: add finite-gradient Cauchy Schwarz to verification root,2e33cacf8f19f1d44922b94f82c7f4ad24e3957a,research/aml-production-consumption-stabilization,https://github.com/whzy3185/math/commit/d4c9c1b578278cbf6880ca82c4bc6482783956b6
2026-09-11T05:27:47Z,2026-09-11T05:27:47Z,f9c2656a50634311ce6dfc78d9d462166f3adccb,lean: normalize finite-gradient Cauchy Schwarz,d4c9c1b578278cbf6880ca82c4bc6482783956b6,research/aml-production-consumption-stabilization,https://github.com/whzy3185/math/commit/f9c2656a50634311ce6dfc78d9d462166f3adccb
2026-09-11T05:35:05Z,2026-09-11T05:35:05Z,10690d3f6e3d8b9626b1d9332904708758de73d0,lean: derive box cell PDE energy inequality,f9c2656a50634311ce6dfc78d9d462166f3adccb,research/aml-production-consumption-stabilization,https://github.com/whzy3185/math/commit/10690d3f6e3d8b9626b1d9332904708758de73d0
2026-09-11T05:35:30Z,2026-09-11T05:35:30Z,7721bdd6ceb006ed2d70ebe3c0637a165f2ed7c2,lean: add box cell PDE energy core to verification root,10690d3f6e3d8b9626b1d9332904708758de73d0,research/aml-production-consumption-stabilization,https://github.com/whzy3185/math/commit/7721bdd6ceb006ed2d70ebe3c0637a165f2ed7c2
2026-09-11T05:56:47Z,2026-09-11T05:56:47Z,ef1a8dd6dbe928d1b278b5519194c713f9096ba7,lean: normalize box cell PDE energy proof,7721bdd6ceb006ed2d70ebe3c0637a165f2ed7c2,research/aml-production-consumption-stabilization,https://github.com/whzy3185/math/commit/ef1a8dd6dbe928d1b278b5519194c713f9096ba7
2026-09-11T06:02:52Z,2026-09-11T06:02:52Z,e16e9bf01430a8734269f71896748c380250a69a,lean: fix set-difference escaping in cell PDE core,ef1a8dd6dbe928d1b278b5519194c713f9096ba7,research/aml-production-consumption-stabilization,https://github.com/whzy3185/math/commit/e16e9bf01430a8734269f71896748c380250a69a
2026-09-11T06:10:06Z,2026-09-11T06:10:06Z,606a1f4fea588ccb236c7c94b0e4ab479f10d09b,lean: derive time-dependent box cell energy inequality,e16e9bf01430a8734269f71896748c380250a69a,research/aml-production-consumption-stabilization,https://github.com/whzy3185/math/commit/606a1f4fea588ccb236c7c94b0e4ab479f10d09b
2026-09-11T06:10:38Z,2026-09-11T06:10:38Z,3a784f861e93b1b24e471a620adc93dee9271329,lean: add time-dependent box cell energy to verification root,606a1f4fea588ccb236c7c94b0e4ab479f10d09b,research/aml-production-consumption-stabilization,https://github.com/whzy3185/math/commit/3a784f861e93b1b24e471a620adc93dee9271329
2026-09-11T06:17:21Z,2026-09-11T06:17:21Z,5d49c3fc0664071f1cbf7db4f84f7a125c050c3a,lean: add signal-dependent motility chain rule,3a784f861e93b1b24e471a620adc93dee9271329,research/aml-production-consumption-stabilization,https://github.com/whzy3185/math/commit/5d49c3fc0664071f1cbf7db4f84f7a125c050c3a
2026-09-11T06:17:50Z,2026-09-11T06:17:50Z,44c00d9d40b8a22300e6c8a953b7edac7e1b361c,lean: add motility chain rule to verification root,5d49c3fc0664071f1cbf7db4f84f7a125c050c3a,research/aml-production-consumption-stabilization,https://github.com/whzy3185/math/commit/44c00d9d40b8a22300e6c8a953b7edac7e1b361c
2026-09-11T06:26:02Z,2026-09-11T06:26:02Z,ab4b2809de3714b3af18f3dc0fd09f9375c923f4,lean: normalize motility gradient continuity,44c00d9d40b8a22300e6c8a953b7edac7e1b361c,research/aml-production-consumption-stabilization,https://github.com/whzy3185/math/commit/ab4b2809de3714b3af18f3dc0fd09f9375c923f4
2026-09-11T08:01:43Z,2026-09-11T08:01:43Z,fd0c2432108863cf6c9779eda02682ca4ff675da,lean: derive motility drift L2 forcing bound,ab4b2809de3714b3af18f3dc0fd09f9375c923f4,research/aml-production-consumption-stabilization,https://github.com/whzy3185/math/commit/fd0c2432108863cf6c9779eda02682ca4ff675da
2026-09-11T08:02:03Z,2026-09-11T08:02:03Z,0756595e609ab6b60ffe5f34e3a1d0fbdea153f2,lean: add motility forcing to verification root,fd0c2432108863cf6c9779eda02682ca4ff675da,research/aml-production-consumption-stabilization,https://github.com/whzy3185/math/commit/0756595e609ab6b60ffe5f34e3a1d0fbdea153f2
2026-09-11T08:08:10Z,2026-09-11T08:08:10Z,2216fb4a03b8205ed1868f5b5f30333cd1cb9103,lean: specify motility drift MemLp constant,0756595e609ab6b60ffe5f34e3a1d0fbdea153f2,research/aml-production-consumption-stabilization,https://github.com/whzy3185/math/commit/2216fb4a03b8205ed1868f5b5f30333cd1cb9103
2026-09-11T08:16:40Z,2026-09-11T08:16:40Z,8e2f2a480ae995da251c509d2d5d49e8a3512ac5,lean: specialize motility forcing to rectangular boxes,2216fb4a03b8205ed1868f5b5f30333cd1cb9103,research/aml-production-consumption-stabilization,https://github.com/whzy3185/math/commit/8e2f2a480ae995da251c509d2d5d49e8a3512ac5
2026-09-11T08:17:04Z,2026-09-11T08:17:04Z,d9c2bf6340992041bb941a8a24bd1ff0cbd78c9d,lean: add box motility forcing to verification root,8e2f2a480ae995da251c509d2d5d49e8a3512ac5,research/aml-production-consumption-stabilization,https://github.com/whzy3185/math/commit/d9c2bf6340992041bb941a8a24bd1ff0cbd78c9d
2026-09-11T08:23:22Z,2026-09-11T08:23:22Z,1ad09f955643d346c6227a5f7c1862b4c392a266,lean: specialize box cell energy to signal-dependent motility,d9c2bf6340992041bb941a8a24bd1ff0cbd78c9d,research/aml-production-consumption-stabilization,https://github.com/whzy3185/math/commit/1ad09f955643d346c6227a5f7c1862b4c392a266
2026-09-11T08:24:00Z,2026-09-11T08:24:00Z,773668d1f70d2e1d45feb764133b38680e1a3a43,lean: add box motility cell energy to verification root,1ad09f955643d346c6227a5f7c1862b4c392a266,research/aml-production-consumption-stabilization,https://github.com/whzy3185/math/commit/773668d1f70d2e1d45feb764133b38680e1a3a43
2026-09-11T08:30:46Z,2026-09-11T08:30:46Z,020bb44c6721c122dd109c1e71f511870ee1d638,lean: specify motility face endpoints,773668d1f70d2e1d45feb764133b38680e1a3a43,research/aml-production-consumption-stabilization,https://github.com/whzy3185/math/commit/020bb44c6721c122dd109c1e71f511870ee1d638
2026-09-11T08:36:29Z,2026-09-11T08:36:29Z,f99a616999a699299189225de132dc34f23639bf,lean: add time-dependent box motility cell energy endpoint,020bb44c6721c122dd109c1e71f511870ee1d638,research/aml-production-consumption-stabilization,https://github.com/whzy3185/math/commit/f99a616999a699299189225de132dc34f23639bf
2026-09-11T08:36:59Z,2026-09-11T08:36:59Z,d732de4e3d11f340c0999adcfedac6c9d7f22fe8,lean: add time-dependent box motility cell energy to root,f99a616999a699299189225de132dc34f23639bf,research/aml-production-consumption-stabilization,https://github.com/whzy3185/math/commit/d732de4e3d11f340c0999adcfedac6c9d7f22fe8
2026-09-11T09:16:37Z,2026-09-11T09:16:37Z,bd5861d1e22975946dbf74c17e5709e24192e2d9,lean: bridge box Poincare to cell energy scalar form,d732de4e3d11f340c0999adcfedac6c9d7f22fe8,research/aml-production-consumption-stabilization,https://github.com/whzy3185/math/commit/bd5861d1e22975946dbf74c17e5709e24192e2d9
2026-09-11T09:16:53Z,2026-09-11T09:16:53Z,3d63bb228f24453cea0ddda49d6ff23295e85986,lean: add box Poincare cell interface to root,bd5861d1e22975946dbf74c17e5709e24192e2d9,research/aml-production-consumption-stabilization,https://github.com/whzy3185/math/commit/3d63bb228f24453cea0ddda49d6ff23295e85986
2026-09-11T09:23:11Z,2026-09-11T09:23:11Z,dc570d902a1d3ea6a293342fd3273da8d6e75929,lean: assemble box motility cell scalar interfaces,3d63bb228f24453cea0ddda49d6ff23295e85986,research/aml-production-consumption-stabilization,https://github.com/whzy3185/math/commit/dc570d902a1d3ea6a293342fd3273da8d6e75929
2026-09-11T09:23:30Z,2026-09-11T09:23:30Z,8075000babc44c00b47a155b1ac3763ff662464f,lean: add box motility cell scalar interface to root,dc570d902a1d3ea6a293342fd3273da8d6e75929,research/aml-production-consumption-stabilization,https://github.com/whzy3185/math/commit/8075000babc44c00b47a155b1ac3763ff662464f
2026-09-11T09:30:11Z,2026-09-11T09:30:11Z,d3caa86862537a7d57439672d25b803ac47b9426,lean: unfold box cell energy derivative target,8075000babc44c00b47a155b1ac3763ff662464f,research/aml-production-consumption-stabilization,https://github.com/whzy3185/math/commit/d3caa86862537a7d57439672d25b803ac47b9426
2026-09-11T09:34:49Z,2026-09-11T09:34:49Z,e680c09b8308d355bd74efaa9878f952256f5eed,lean: drive cell decay from pointwise interfaces,d3caa86862537a7d57439672d25b803ac47b9426,research/aml-production-consumption-stabilization,https://github.com/whzy3185/math/commit/e680c09b8308d355bd74efaa9878f952256f5eed
2026-09-11T09:35:18Z,2026-09-11T09:35:18Z,a08a86f035d4b716164e9237f0cd7ac5d6a58d8e,lean: add pointwise-interface cell decay assembly,e680c09b8308d355bd74efaa9878f952256f5eed,research/aml-production-consumption-stabilization,https://github.com/whzy3185/math/commit/a08a86f035d4b716164e9237f0cd7ac5d6a58d8e
2026-09-11T09:42:06Z,2026-09-11T09:42:06Z,4ad12eb3416918e1241a997d0cd1649ae4724063,lean: derive box motility cell decay from signal gradient rate,a08a86f035d4b716164e9237f0cd7ac5d6a58d8e,research/aml-production-consumption-stabilization,https://github.com/whzy3185/math/commit/4ad12eb3416918e1241a997d0cd1649ae4724063
2026-09-11T09:42:33Z,2026-09-11T09:42:33Z,0be2f762cce76519e4b9ba7df07bbf67cd2b2dc3,lean: add box motility cell decay to root,4ad12eb3416918e1241a997d0cd1649ae4724063,research/aml-production-consumption-stabilization,https://github.com/whzy3185/math/commit/0be2f762cce76519e4b9ba7df07bbf67cd2b2dc3
2026-09-11T09:49:02Z,2026-09-11T09:49:02Z,15ed2e381a003099e31a09addebbec12dfc31722,lean: assemble box motility full stabilization,0be2f762cce76519e4b9ba7df07bbf67cd2b2dc3,research/aml-production-consumption-stabilization,https://github.com/whzy3185/math/commit/15ed2e381a003099e31a09addebbec12dfc31722
2026-09-11T09:49:25Z,2026-09-11T09:49:25Z,8af07749fe733276054660a732bceaed8a86da4c,lean: add box motility full stabilization to root,15ed2e381a003099e31a09addebbec12dfc31722,research/aml-production-consumption-stabilization,https://github.com/whzy3185/math/commit/8af07749fe733276054660a732bceaed8a86da4c
2026-09-11T09:56:15Z,2026-09-11T09:56:15Z,7475afd6da2274f6843c004951babe380cd11417,docs: update Lean verification to run 290,8af07749fe733276054660a732bceaed8a86da4c,research/aml-production-consumption-stabilization,https://github.com/whzy3185/math/commit/7475afd6da2274f6843c004951babe380cd11417
2026-09-11T09:56:43Z,2026-09-11T09:56:43Z,8c6aa50f3cb7eefeae832f14e82a0d1f8faf4833,docs: update strengthened rate verification to run 290,7475afd6da2274f6843c004951babe380cd11417,research/aml-production-consumption-stabilization,https://github.com/whzy3185/math/commit/8c6aa50f3cb7eefeae832f14e82a0d1f8faf4833
2026-09-11T09:59:57Z,2026-09-11T09:59:57Z,2991a023abe0525a74e3960624e203524aca8a16,lean: derive box L2 gradient from component sup bound,8c6aa50f3cb7eefeae832f14e82a0d1f8faf4833,research/aml-production-consumption-stabilization,https://github.com/whzy3185/math/commit/2991a023abe0525a74e3960624e203524aca8a16
2026-09-11T10:00:15Z,2026-09-11T10:00:15Z,d46fa39226f282dc86187afc507d846556d7ff23,lean: add box signal gradient sup bridge to root,2991a023abe0525a74e3960624e203524aca8a16,research/aml-production-consumption-stabilization,https://github.com/whzy3185/math/commit/d46fa39226f282dc86187afc507d846556d7ff23
2026-09-11T11:56:15Z,2026-09-11T11:56:15Z,e58607b15f2757093c232d0c476dda63fc0dbe36,paper: draft strengthened AML manuscript,d46fa39226f282dc86187afc507d846556d7ff23,research/aml-production-consumption-stabilization,https://github.com/whzy3185/math/commit/e58607b15f2757093c232d0c476dda63fc0dbe36
2026-09-11T11:56:33Z,2026-09-11T11:56:33Z,b7022f1648f2f6a23368e43b5dc25f90e2680a88,paper: add verified core bibliography,e58607b15f2757093c232d0c476dda63fc0dbe36,research/aml-production-consumption-stabilization,https://github.com/whzy3185/math/commit/b7022f1648f2f6a23368e43b5dc25f90e2680a88
2026-09-11T11:56:41Z,2026-09-11T11:56:41Z,c1c1be63119c366e4a0deecd8777c5f20b329dff,manuscript: draft strengthened AML paper,b7022f1648f2f6a23368e43b5dc25f90e2680a88,research/aml-production-consumption-stabilization,https://github.com/whzy3185/math/commit/c1c1be63119c366e4a0deecd8777c5f20b329dff
2026-09-11T11:57:06Z,2026-09-11T11:57:06Z,c1bf6b049267c2257c11e475a150a498cfe8a732,paper: add AML submission and compression notes,c1c1be63119c366e4a0deecd8777c5f20b329dff,research/aml-production-consumption-stabilization,https://github.com/whzy3185/math/commit/c1bf6b049267c2257c11e475a150a498cfe8a732
2026-09-11T11:57:21Z,2026-09-11T11:57:21Z,419430dc94b32161261520029a7db199049ec0f0,paper: add cautious AML cover letter draft,c1bf6b049267c2257c11e475a150a498cfe8a732,research/aml-production-consumption-stabilization,https://github.com/whzy3185/math/commit/419430dc94b32161261520029a7db199049ec0f0
2026-09-11T11:57:25Z,2026-09-11T11:57:25Z,aaa0ee5a53907ed5c9b8e1696a24940d711dbee9,manuscript: update AML blueprint to strengthened rate dichotomy,419430dc94b32161261520029a7db199049ec0f0,research/aml-production-consumption-stabilization,https://github.com/whzy3185/math/commit/aaa0ee5a53907ed5c9b8e1696a24940d711dbee9
2026-09-11T11:59:02Z,2026-09-11T11:59:02Z,c5803fc0de4527c55038da86ece79ee2f7336797,paper: add Elsevier manuscript highlights,aaa0ee5a53907ed5c9b8e1696a24940d711dbee9,research/aml-production-consumption-stabilization,https://github.com/whzy3185/math/commit/c5803fc0de4527c55038da86ece79ee2f7336797
2026-09-11T12:50:34Z,2026-09-11T12:50:34Z,59ec0aeb652083a007e51a98d34975fde77ff05b,paper: harden stabilization proof and close n=1 endpoint,c5803fc0de4527c55038da86ece79ee2f7336797,research/aml-production-consumption-stabilization,https://github.com/whzy3185/math/commit/59ec0aeb652083a007e51a98d34975fde77ff05b
2026-09-11T12:51:31Z,2026-09-11T12:51:31Z,d9b6b1fa4523a42894da6b0052e4a74549b0f0a9,paper: sync submission notes with hardened proof,59ec0aeb652083a007e51a98d34975fde77ff05b,research/aml-production-consumption-stabilization,https://github.com/whzy3185/math/commit/d9b6b1fa4523a42894da6b0052e4a74549b0f0a9
2026-09-11T12:51:42Z,2026-09-11T12:51:42Z,72055fa3609cce7843d6fc3659d5b89a0f454fa3,paper: sync cover letter with rate-dichotomy title,d9b6b1fa4523a42894da6b0052e4a74549b0f0a9,research/aml-production-consumption-stabilization,https://github.com/whzy3185/math/commit/72055fa3609cce7843d6fc3659d5b89a0f454fa3
2026-09-11T12:52:36Z,2026-09-11T12:52:36Z,26eed965de3b60871a98b28e3f54e00d551eea7b,research: sync state to finite-Lp rate dichotomy theorem,72055fa3609cce7843d6fc3659d5b89a0f454fa3,research/aml-production-consumption-stabilization,https://github.com/whzy3185/math/commit/26eed965de3b60871a98b28e3f54e00d551eea7b
2026-09-11T12:53:09Z,2026-09-11T12:53:09Z,58763b279a3b0e0418bff5d4ce0fffa019210221,proof: upgrade Choi note to finite-Lp and n=1 closure,26eed965de3b60871a98b28e3f54e00d551eea7b,research/aml-production-consumption-stabilization,https://github.com/whzy3185/math/commit/58763b279a3b0e0418bff5d4ce0fffa019210221
2026-09-11T12:54:17Z,2026-09-11T12:54:17Z,47105695e2c67ed0dd76587870fdfa3ce3c730a1,manuscript: sync AML blueprint with proof hardening,58763b279a3b0e0418bff5d4ce0fffa019210221,research/aml-production-consumption-stabilization,https://github.com/whzy3185/math/commit/47105695e2c67ed0dd76587870fdfa3ce3c730a1
2026-09-11T13:38:36Z,2026-09-11T13:38:36Z,0a79f3f6428e2a5c6402e282e0e9c21cad92758f,paper: compress AML manuscript to journal-format letter,47105695e2c67ed0dd76587870fdfa3ce3c730a1,research/aml-production-consumption-stabilization,https://github.com/whzy3185/math/commit/0a79f3f6428e2a5c6402e282e0e9c21cad92758f
2026-09-11T14:09:31Z,2026-09-11T14:09:31Z,10e65fbe3e1cdb6206dd32c045c05eaa55c29d56,paper: expand exact-model stabilization literature,0a79f3f6428e2a5c6402e282e0e9c21cad92758f,research/aml-production-consumption-stabilization,https://github.com/whzy3185/math/commit/10e65fbe3e1cdb6206dd32c045c05eaa55c29d56
2026-09-11T14:10:24Z,2026-09-11T14:10:24Z,0f3e0ae0c7c35d39049035d566642c4b1dc005e1,paper: strengthen AML draft against referee concerns,10e65fbe3e1cdb6206dd32c045c05eaa55c29d56,research/aml-production-consumption-stabilization,https://github.com/whzy3185/math/commit/0f3e0ae0c7c35d39049035d566642c4b1dc005e1
2026-09-11T14:10:53Z,2026-09-11T14:10:53Z,5c6a3c9a071934c456355f48685e3640fd8c31ce,paper: sync submission notes with referee-strengthened draft,0f3e0ae0c7c35d39049035d566642c4b1dc005e1,research/aml-production-consumption-stabilization,https://github.com/whzy3185/math/commit/5c6a3c9a071934c456355f48685e3640fd8c31ce
2026-09-11T14:11:38Z,2026-09-11T14:11:38Z,ff9949b88a9efda4cb5371a59e1c17b91c27109d,paper: add internal referee-response ledger,5c6a3c9a071934c456355f48685e3640fd8c31ce,research/aml-production-consumption-stabilization,https://github.com/whzy3185/math/commit/ff9949b88a9efda4cb5371a59e1c17b91c27109d
2026-09-11T14:21:45Z,2026-09-11T14:21:45Z,ba71e655172610337c04a5caca69cd4827676dc5,paper: close second-round referee minor points,ff9949b88a9efda4cb5371a59e1c17b91c27109d,research/aml-production-consumption-stabilization,https://github.com/whzy3185/math/commit/ba71e655172610337c04a5caca69cd4827676dc5
2026-09-11T14:22:16Z,2026-09-11T14:22:16Z,f522027a9b1f6f740b31a83d87ccf645d6db689f,paper: record second-round minor-revision closure,ba71e655172610337c04a5caca69cd4827676dc5,research/aml-production-consumption-stabilization,https://github.com/whzy3185/math/commit/f522027a9b1f6f740b31a83d87ccf645d6db689f
2026-09-11T14:22:42Z,2026-09-11T14:22:42Z,6c33f1bcb4579973b6661e06a746670c761c61d3,paper: update submission notes after minor-revision closure,f522027a9b1f6f740b31a83d87ccf645d6db689f,research/aml-production-consumption-stabilization,https://github.com/whzy3185/math/commit/6c33f1bcb4579973b6661e06a746670c761c61d3
2026-09-11T14:32:44Z,2026-09-11T14:32:44Z,fa8608b8087d7671173efe77d067ab2cc3bcf6bc,paper: tighten one-dimensional local-upgrade exponent range,6c33f1bcb4579973b6661e06a746670c761c61d3,research/aml-production-consumption-stabilization,https://github.com/whzy3185/math/commit/fa8608b8087d7671173efe77d067ab2cc3bcf6bc
2026-09-11T14:48:40Z,2026-09-11T14:48:40Z,943c6698c7a0ca8c6c70c164d3c0baac0c633eef,paper: address final referee completeness points,fa8608b8087d7671173efe77d067ab2cc3bcf6bc,research/aml-production-consumption-stabilization,https://github.com/whzy3185/math/commit/943c6698c7a0ca8c6c70c164d3c0baac0c633eef
2026-09-11T14:48:58Z,2026-09-11T14:48:58Z,2510791c820fe5c7a70a72489734db3f38dfd186,paper: add convergence-rate precedent and refine superlinear comparison,943c6698c7a0ca8c6c70c164d3c0baac0c633eef,research/aml-production-consumption-stabilization,https://github.com/whzy3185/math/commit/2510791c820fe5c7a70a72489734db3f38dfd186
2026-09-11T15:08:37Z,2026-09-11T15:08:37Z,ff7f99a8484233ca2c903f07ba8e2827fefba199,paper: record terminal referee hardening,2510791c820fe5c7a70a72489734db3f38dfd186,research/aml-production-consumption-stabilization,https://github.com/whzy3185/math/commit/ff7f99a8484233ca2c903f07ba8e2827fefba199
2026-09-11T15:21:18Z,2026-09-11T15:21:18Z,2072f170b337dfdfba05b61395dc64054e8dd36f,paper: add author metadata and submission declarations,ff7f99a8484233ca2c903f07ba8e2827fefba199,research/aml-production-consumption-stabilization,https://github.com/whzy3185/math/commit/2072f170b337dfdfba05b61395dc64054e8dd36f
2026-09-11T15:21:38Z,2026-09-11T15:21:38Z,a7bf715478e08196395662125c0993a2bea4fe31,paper: make bibliography submission-compile safe,2072f170b337dfdfba05b61395dc64054e8dd36f,research/aml-production-consumption-stabilization,https://github.com/whzy3185/math/commit/a7bf715478e08196395662125c0993a2bea4fe31
2026-09-11T15:21:47Z,2026-09-11T15:21:47Z,dc818f55407b11caf1550c43c32475eb5d871cff,paper: finalize AML cover letter with author metadata,a7bf715478e08196395662125c0993a2bea4fe31,research/aml-production-consumption-stabilization,https://github.com/whzy3185/math/commit/dc818f55407b11caf1550c43c32475eb5d871cff
2026-09-11T15:21:52Z,2026-09-11T15:21:52Z,cca6c682a9aee539f4ba179e16e7f7b12f34bd3a,paper: finalize AML highlights,dc818f55407b11caf1550c43c32475eb5d871cff,research/aml-production-consumption-stabilization,https://github.com/whzy3185/math/commit/cca6c682a9aee539f4ba179e16e7f7b12f34bd3a
2026-09-11T15:22:00Z,2026-09-11T15:22:00Z,5b4fbc7ebe6d9490e617161b3163fe0adb25d92a,paper: add AML author metadata,cca6c682a9aee539f4ba179e16e7f7b12f34bd3a,research/aml-production-consumption-stabilization,https://github.com/whzy3185/math/commit/5b4fbc7ebe6d9490e617161b3163fe0adb25d92a
2026-09-11T15:22:09Z,2026-09-11T15:22:09Z,462195e8fef434647feddca19e83e1d3dcde957c,paper: add submission declarations,5b4fbc7ebe6d9490e617161b3163fe0adb25d92a,research/aml-production-consumption-stabilization,https://github.com/whzy3185/math/commit/462195e8fef434647feddca19e83e1d3dcde957c
2026-09-11T15:22:17Z,2026-09-11T15:22:17Z,534c247d397ae4d522473f733c546e1b3ed28fe8,paper: add final AML submission checklist,462195e8fef434647feddca19e83e1d3dcde957c,research/aml-production-consumption-stabilization,https://github.com/whzy3185/math/commit/534c247d397ae4d522473f733c546e1b3ed28fe8
2026-09-14T09:26:56Z,2026-09-14T09:26:56Z,f7473d3992d058714aba86c96260fa5e69d9db2e,Prove universal antiperiodic-well phase slip for m>N,676aa062eca12dfb8e889de4e20d2526539954e5,paper/circulant-periodic-gap-20260909,https://github.com/whzy3185/math/commit/f7473d3992d058714aba86c96260fa5e69d9db2e
2026-09-14T09:31:09Z,2026-09-14T09:31:09Z,ae71ddce51e8eb707d9b6ccc0eda8d541c8c4cf6,Derive endpoint gap expansions through sixth order,f7473d3992d058714aba86c96260fa5e69d9db2e,paper/circulant-periodic-gap-20260909,https://github.com/whzy3185/math/commit/ae71ddce51e8eb707d9b6ccc0eda8d541c8c4cf6
2026-09-14T09:31:25Z,2026-09-14T09:31:25Z,7da0ce2950e2483288e8f8628e6d178a57eac58c,prove arbitrary-exterior width-seven half-line reduction,f1d7b1b84d43920946c21431b8c852d5f84ba407,paper/circulant-finite-threshold-20260909,https://github.com/whzy3185/math/commit/7da0ce2950e2483288e8f8628e6d178a57eac58c
2026-09-14T09:31:41Z,2026-09-14T09:31:41Z,7d1fd564793a298ccebb91add70ba57db413cc6d,add exact verifier for width-seven arbitrary exterior half-line,7da0ce2950e2483288e8f8628e6d178a57eac58c,paper/circulant-finite-threshold-20260909,https://github.com/whzy3185/math/commit/7d1fd564793a298ccebb91add70ba57db413cc6d
2026-09-14T09:32:11Z,2026-09-14T09:32:11Z,7ef11a9a56db1afad90f6778dfb0fd9a82dd4562,Derive phase-slip corrections through sixth order,ae71ddce51e8eb707d9b6ccc0eda8d541c8c4cf6,paper/circulant-periodic-gap-20260909,https://github.com/whzy3185/math/commit/7ef11a9a56db1afad90f6778dfb0fd9a82dd4562
2026-09-14T09:33:16Z,2026-09-14T09:33:16Z,dfe1212f051c81c73b6a3f73b7e9393359b3386b,Retract incorrect antiperiodic phase-slip claim after hostile audit,7ef11a9a56db1afad90f6778dfb0fd9a82dd4562,paper/circulant-periodic-gap-20260909,https://github.com/whzy3185/math/commit/dfe1212f051c81c73b6a3f73b7e9393359b3386b
2026-09-14T09:33:48Z,2026-09-14T09:33:48Z,94a3d4b3f18ec6917f3363ddf487d6e815816811,Restrict high-order phase-slip theorem to periodic and balanced wells after audit,dfe1212f051c81c73b6a3f73b7e9393359b3386b,paper/circulant-periodic-gap-20260909,https://github.com/whzy3185/math/commit/94a3d4b3f18ec6917f3363ddf487d6e815816811
2026-09-14T09:34:27Z,2026-09-14T09:34:27Z,acb31787c1bd9077942f1e5aaeaa7972bc36572c,Prove exact antiperiodic locking and sixth-order global gap expansion,94a3d4b3f18ec6917f3363ddf487d6e815816811,paper/circulant-periodic-gap-20260909,https://github.com/whzy3185/math/commit/acb31787c1bd9077942f1e5aaeaa7972bc36572c
2026-09-14T09:35:04Z,2026-09-14T09:35:04Z,9ee9afc6d7c669f2b8305d3a55b802b0a1337fc7,Correct balanced phase-slip mechanism: cusp only at periodic well,acb31787c1bd9077942f1e5aaeaa7972bc36572c,paper/circulant-periodic-gap-20260909,https://github.com/whzy3185/math/commit/9ee9afc6d7c669f2b8305d3a55b802b0a1337fc7
2026-09-14T09:35:21Z,2026-09-14T09:35:21Z,253ddbed104726ca2f82d3f0cc0efe60d56b7d02,prove uniform even-gap obstruction for width-seven resonance,7d1fd564793a298ccebb91add70ba57db413cc6d,paper/circulant-finite-threshold-20260909,https://github.com/whzy3185/math/commit/253ddbed104726ca2f82d3f0cc0efe60d56b7d02
2026-09-14T09:35:32Z,2026-09-14T09:35:32Z,aef1ac5d06f677c90f6e616bbcdf8d8c43e19d33,Assemble high-order global gap expansions on both sides of the balanced transition,9ee9afc6d7c669f2b8305d3a55b802b0a1337fc7,paper/circulant-periodic-gap-20260909,https://github.com/whzy3185/math/commit/aef1ac5d06f677c90f6e616bbcdf8d8c43e19d33
2026-09-14T09:35:57Z,2026-09-14T09:35:57Z,62de13f38bc7473c5d7e635fd30ad5c3cc1a3702,Record corrected high-order phase-slip and antiperiodic locking theorem ledger,aef1ac5d06f677c90f6e616bbcdf8d8c43e19d33,paper/circulant-periodic-gap-20260909,https://github.com/whzy3185/math/commit/62de13f38bc7473c5d7e635fd30ad5c3cc1a3702
2026-09-14T09:38:33Z,2026-09-14T09:38:33Z,1d3477c908def71f47fd61e64fec9900132d37cb,add exact verifier for uniform width-seven even-gap theorem,253ddbed104726ca2f82d3f0cc0efe60d56b7d02,paper/circulant-finite-threshold-20260909,https://github.com/whzy3185/math/commit/1d3477c908def71f47fd61e64fec9900132d37cb
2026-09-14T09:42:38Z,2026-09-14T09:42:38Z,c11d2e8014e5359eb32778e492527aee6867190e,prove new N=7s positive bases through step 23,1d3477c908def71f47fd61e64fec9900132d37cb,paper/circulant-finite-threshold-20260909,https://github.com/whzy3185/math/commit/c11d2e8014e5359eb32778e492527aee6867190e
2026-09-14T09:42:49Z,2026-09-14T09:42:49Z,274253c8939c2dd9c25db08fb8b368988c58924a,add exact LDL verifier for new N=7s positive bases,c11d2e8014e5359eb32778e492527aee6867190e,paper/circulant-finite-threshold-20260909,https://github.com/whzy3185/math/commit/274253c8939c2dd9c25db08fb8b368988c58924a
2026-09-14T09:43:12Z,2026-09-14T09:43:12Z,ac4049c26f3346e61b439985349a2e7eefe02346,Prove discrete one-lattice-step transition across balanced defect geometry,62de13f38bc7473c5d7e635fd30ad5c3cc1a3702,paper/circulant-periodic-gap-20260909,https://github.com/whzy3185/math/commit/ac4049c26f3346e61b439985349a2e7eefe02346
2026-09-14T09:44:19Z,2026-09-14T09:44:19Z,77cd1e2555999e290d3272ac81305daf1cd34fbf,Prove universal all-orders Robin expansion for both endpoint gaps,ac4049c26f3346e61b439985349a2e7eefe02346,paper/circulant-periodic-gap-20260909,https://github.com/whzy3185/math/commit/77cd1e2555999e290d3272ac81305daf1cd34fbf
2026-09-14T09:45:14Z,2026-09-14T09:45:14Z,48fc43a6932db435e30f0dad91f082af74896fda,Unify the macroscopic integer orientation transition,77cd1e2555999e290d3272ac81305daf1cd34fbf,paper/circulant-periodic-gap-20260909,https://github.com/whzy3185/math/commit/48fc43a6932db435e30f0dad91f082af74896fda
2026-09-14T09:45:48Z,2026-09-14T09:45:48Z,041b265baecec220fdfff83073b9ad1c26aaae8b,Prove all-orders expansion for periodic-well phase slip,48fc43a6932db435e30f0dad91f082af74896fda,paper/circulant-periodic-gap-20260909,https://github.com/whzy3185/math/commit/041b265baecec220fdfff83073b9ad1c26aaae8b
2026-09-14T09:46:23Z,2026-09-14T09:46:23Z,0496ce0d50ae860a1f3584dc8cd85df1920f42d4,Assemble the all-orders global gap phase diagram,041b265baecec220fdfff83073b9ad1c26aaae8b,paper/circulant-periodic-gap-20260909,https://github.com/whzy3185/math/commit/0496ce0d50ae860a1f3584dc8cd85df1920f42d4
2026-09-14T09:46:59Z,2026-09-14T09:46:59Z,1bf50511904f64f8ba3f050325c413dc35cdea9a,Upgrade September 14 ledger with all-orders and discrete-transition theorems,0496ce0d50ae860a1f3584dc8cd85df1920f42d4,paper/circulant-periodic-gap-20260909,https://github.com/whzy3185/math/commit/1bf50511904f64f8ba3f050325c413dc35cdea9a
2026-09-14T09:51:55Z,2026-09-14T09:51:55Z,98db3e6707521195f8a2ab4d2a5b8189448257f0,extend exact N=7s positive bases through step 29,274253c8939c2dd9c25db08fb8b368988c58924a,paper/circulant-finite-threshold-20260909,https://github.com/whzy3185/math/commit/98db3e6707521195f8a2ab4d2a5b8189448257f0
2026-09-14T09:52:07Z,2026-09-14T09:52:07Z,085ea698475b7b32e0ae57457ec903a922248f69,extend exact N=7s verifier through step 29,98db3e6707521195f8a2ab4d2a5b8189448257f0,paper/circulant-finite-threshold-20260909,https://github.com/whzy3185/math/commit/085ea698475b7b32e0ae57457ec903a922248f69
2026-09-14T10:04:44Z,2026-09-14T10:04:44Z,b2b7f7c5eda25419beebbedc367e0f4213ac95b2,Prove universal Dirichlet upper bound for every endpoint gap,1bf50511904f64f8ba3f050325c413dc35cdea9a,paper/circulant-periodic-gap-20260909,https://github.com/whzy3185/math/commit/b2b7f7c5eda25419beebbedc367e0f4213ac95b2
2026-09-14T10:08:02Z,2026-09-14T10:08:02Z,42f34349080ac78c92baae0cd826f13ced13ed4c,Show balanced endpoint beats the next Dirichlet competitor level,b2b7f7c5eda25419beebbedc367e0f4213ac95b2,paper/circulant-periodic-gap-20260909,https://github.com/whzy3185/math/commit/42f34349080ac78c92baae0cd826f13ced13ed4c
2026-09-14T10:09:42Z,2026-09-14T10:09:42Z,c1af4cfb80587f3770d2a52c1011b873a881f5a5,Correct balanced endpoint comparison after hostile audit,42f34349080ac78c92baae0cd826f13ced13ed4c,paper/circulant-periodic-gap-20260909,https://github.com/whzy3185/math/commit/c1af4cfb80587f3770d2a52c1011b873a881f5a5
2026-09-14T10:16:45Z,2026-09-14T10:16:45Z,0ef81f3a597435a50086bc38a498affabfd6a007,Prove exact quarter-period optimality in the k=3 minimal layer,c1af4cfb80587f3770d2a52c1011b873a881f5a5,paper/circulant-periodic-gap-20260909,https://github.com/whzy3185/math/commit/0ef81f3a597435a50086bc38a498affabfd6a007
2026-09-14T10:18:51Z,2026-09-14T10:18:51Z,a720d2040424cd3e0126bbdd7a5f2681256e2a45,Derive exact all-energy characteristic formula for arbitrary even defect separation,0ef81f3a597435a50086bc38a498affabfd6a007,paper/circulant-periodic-gap-20260909,https://github.com/whzy3185/math/commit/a720d2040424cd3e0126bbdd7a5f2681256e2a45
2026-09-14T10:19:42Z,2026-09-14T10:19:42Z,c08bc5e07f19adee168028d40b6d01ea2efa0445,Collapse the all-energy characteristic formula to a single square,a720d2040424cd3e0126bbdd7a5f2681256e2a45,paper/circulant-periodic-gap-20260909,https://github.com/whzy3185/math/commit/c08bc5e07f19adee168028d40b6d01ea2efa0445
2026-09-14T10:23:22Z,2026-09-14T10:23:22Z,10e3cae3de9df0a70fabfc8c4779ccdaec00c9ce,Prove exact quarter-period optimality in the k=4 minimal layer,c08bc5e07f19adee168028d40b6d01ea2efa0445,paper/circulant-periodic-gap-20260909,https://github.com/whzy3185/math/commit/10e3cae3de9df0a70fabfc8c4779ccdaec00c9ce
2026-09-14T10:24:10Z,2026-09-14T10:24:10Z,1cd3ba6bb4df632dcf4b6d1e1fbd2271d5853138,Prove exact quarter-period optimality in the k=5 minimal layer,10e3cae3de9df0a70fabfc8c4779ccdaec00c9ce,paper/circulant-periodic-gap-20260909,https://github.com/whzy3185/math/commit/1cd3ba6bb4df632dcf4b6d1e1fbd2271d5853138
2026-09-14T10:24:26Z,2026-09-14T10:24:26Z,9cb8f2f12b14e983eedbb237694d66d51ad650d1,Add exact verifier for the k=5 balanced optimality certificate,1cd3ba6bb4df632dcf4b6d1e1fbd2271d5853138,paper/circulant-periodic-gap-20260909,https://github.com/whzy3185/math/commit/9cb8f2f12b14e983eedbb237694d66d51ad650d1
2026-09-14T10:25:16Z,2026-09-14T10:25:16Z,140cd241b1922dc390b23bb7229ed65c81b49efc,Prove exact quarter-period optimality in the k=6 minimal layer,9cb8f2f12b14e983eedbb237694d66d51ad650d1,paper/circulant-periodic-gap-20260909,https://github.com/whzy3185/math/commit/140cd241b1922dc390b23bb7229ed65c81b49efc
2026-09-14T10:26:47Z,2026-09-14T10:26:47Z,7aa57498996a76e2ea3295bc0469362988eb7745,Prove exact quarter-period optimality in the k=7 minimal layer,140cd241b1922dc390b23bb7229ed65c81b49efc,paper/circulant-periodic-gap-20260909,https://github.com/whzy3185/math/commit/7aa57498996a76e2ea3295bc0469362988eb7745
2026-09-14T10:34:58Z,2026-09-14T10:34:58Z,53601c6ad4d016fa005a5a40cb62a3059b3a2001,Prove balanced full-Bloch Dirichlet comparison uniformly for r at least 16,7aa57498996a76e2ea3295bc0469362988eb7745,paper/circulant-periodic-gap-20260909,https://github.com/whzy3185/math/commit/53601c6ad4d016fa005a5a40cb62a3059b3a2001
2026-09-14T10:36:44Z,2026-09-14T10:36:44Z,490577b90c5ab0da5f150b2d1b565c3da580d5ac,Prove quarter-period geometry is uniquely optimal in every minimal 2-adic layer,53601c6ad4d016fa005a5a40cb62a3059b3a2001,paper/circulant-periodic-gap-20260909,https://github.com/whzy3185/math/commit/490577b90c5ab0da5f150b2d1b565c3da580d5ac
2026-09-14T10:37:28Z,2026-09-14T10:37:28Z,e97e640d9afb0ab2f67071822358e0d21840d4d4,Upgrade canonical quarter-period phase to exact all-layer optimality,490577b90c5ab0da5f150b2d1b565c3da580d5ac,paper/circulant-periodic-gap-20260909,https://github.com/whzy3185/math/commit/e97e640d9afb0ab2f67071822358e0d21840d4d4
2026-09-14T10:39:30Z,2026-09-14T10:39:30Z,7ef3c4f90861636a3f305c4ad8d578d6a3d36841,Close residual finite periods for exact balanced optimality,e97e640d9afb0ab2f67071822358e0d21840d4d4,paper/circulant-periodic-gap-20260909,https://github.com/whzy3185/math/commit/7ef3c4f90861636a3f305c4ad8d578d6a3d36841
2026-09-14T10:40:18Z,2026-09-14T10:40:18Z,fa6dc6c07449c818ed43e03a57dc04d60402cc13,Sharpen analytic balanced-optimality tail from r>=16 to r>=9,7ef3c4f90861636a3f305c4ad8d578d6a3d36841,paper/circulant-periodic-gap-20260909,https://github.com/whzy3185/math/commit/fa6dc6c07449c818ed43e03a57dc04d60402cc13
2026-09-14T10:40:54Z,2026-09-14T10:40:54Z,51c0344bd5d2e53854f6b45e336f6727e6a0efe7,Prove balanced separation uniquely optimizes every period divisible by eight,fa6dc6c07449c818ed43e03a57dc04d60402cc13,paper/circulant-periodic-gap-20260909,https://github.com/whzy3185/math/commit/51c0344bd5d2e53854f6b45e336f6727e6a0efe7
2026-09-14T10:42:26Z,2026-09-14T10:42:26Z,0ab996771820c6b84463370806a7d788db8a7a90,Add exact verifier for residual fixed-period balanced certificates,51c0344bd5d2e53854f6b45e336f6727e6a0efe7,paper/circulant-periodic-gap-20260909,https://github.com/whzy3185/math/commit/0ab996771820c6b84463370806a7d788db8a7a90
2026-09-14T10:44:44Z,2026-09-14T10:44:44Z,1d9ba89bdfac44bd4d5c9f6edaae7a427834ff7a,Correct antiperiodic locking: physical seam produces exponentially small phase shift,0ab996771820c6b84463370806a7d788db8a7a90,paper/circulant-periodic-gap-20260909,https://github.com/whzy3185/math/commit/1d9ba89bdfac44bd4d5c9f6edaae7a427834ff7a
2026-09-14T10:45:21Z,2026-09-14T10:45:21Z,bfe1b443a4aa79251e1f6e330b0a4432098a0c0e,Correct integer orientation theorem to exponential compressed-antiperiodic locking,1d9ba89bdfac44bd4d5c9f6edaae7a427834ff7a,paper/circulant-periodic-gap-20260909,https://github.com/whzy3185/math/commit/bfe1b443a4aa79251e1f6e330b0a4432098a0c0e
2026-09-14T10:45:50Z,2026-09-14T10:45:50Z,ae88ebc121d5a245931d3ed394cd3c7751074da7,Correct near-balanced transition to exponential compressed-antiperiodic localization,bfe1b443a4aa79251e1f6e330b0a4432098a0c0e,paper/circulant-periodic-gap-20260909,https://github.com/whzy3185/math/commit/ae88ebc121d5a245931d3ed394cd3c7751074da7
2026-09-14T10:46:25Z,2026-09-14T10:46:25Z,739c959dbf486a3002dd7863db85aa5d79d42337,Correct all-orders phase diagram on the compressed-antiperiodic side,ae88ebc121d5a245931d3ed394cd3c7751074da7,paper/circulant-periodic-gap-20260909,https://github.com/whzy3185/math/commit/739c959dbf486a3002dd7863db85aa5d79d42337
2026-09-14T10:46:47Z,2026-09-14T10:46:47Z,bf35820a5132c4f6af9d74e670ea5ebdcbedb963,"Correct high-order phase diagram: antiperiodic physical shift is exponential, not exact",739c959dbf486a3002dd7863db85aa5d79d42337,paper/circulant-periodic-gap-20260909,https://github.com/whzy3185/math/commit/bf35820a5132c4f6af9d74e670ea5ebdcbedb963
2026-09-14T10:47:54Z,2026-09-14T10:47:54Z,1bc8e47719de9e82ea4bdcc3179c87e26fe7672a,Create final September 14 theorem ledger after fixed-period and hostile-audit upgrades,bf35820a5132c4f6af9d74e670ea5ebdcbedb963,paper/circulant-periodic-gap-20260909,https://github.com/whzy3185/math/commit/1bc8e47719de9e82ea4bdcc3179c87e26fe7672a
2026-09-14T10:49:23Z,2026-09-14T10:49:23Z,6d4531a02b3aa623265673431741e3eb7dedde3e,Identify the eventual second-best geometry and derive the stability-gap expansion,1bc8e47719de9e82ea4bdcc3179c87e26fe7672a,paper/circulant-periodic-gap-20260909,https://github.com/whzy3185/math/commit/6d4531a02b3aa623265673431741e3eb7dedde3e
2026-09-14T10:50:38Z,2026-09-14T10:50:38Z,67d323a8fb5a917c863e5f68e628647ba662c690,Prove eventual optimal orientation for periods congruent to four modulo eight,6d4531a02b3aa623265673431741e3eb7dedde3e,paper/circulant-periodic-gap-20260909,https://github.com/whzy3185/math/commit/67d323a8fb5a917c863e5f68e628647ba662c690
2026-09-14T10:54:51Z,2026-09-14T10:54:51Z,fbb59041f3bd872d2603bc007f67f7b2dbb34eb5,Prove exact periodic-side orientation for odd total r=1 through 5,67d323a8fb5a917c863e5f68e628647ba662c690,paper/circulant-periodic-gap-20260909,https://github.com/whzy3185/math/commit/fbb59041f3bd872d2603bc007f67f7b2dbb34eb5
2026-09-14T10:55:23Z,2026-09-14T10:55:23Z,4cd63539b66be98a645c46bbb2b38c9818ad36a4,Prove exact compressed-antiperiodic orientation for odd total r=6 through 8,fbb59041f3bd872d2603bc007f67f7b2dbb34eb5,paper/circulant-periodic-gap-20260909,https://github.com/whzy3185/math/commit/4cd63539b66be98a645c46bbb2b38c9818ad36a4
2026-09-14T10:56:45Z,2026-09-14T10:56:45Z,f3e3bf5040f767137a3608897c40a44709bd5876,Add exact verifier for the finite odd-total orientation switch,4cd63539b66be98a645c46bbb2b38c9818ad36a4,paper/circulant-periodic-gap-20260909,https://github.com/whzy3185/math/commit/f3e3bf5040f767137a3608897c40a44709bd5876
2026-09-14T10:59:59Z,2026-09-14T10:59:59Z,7073fd8d7d18afff87d5f5390b67f8d3b149c82d,Derive the leading beyond-all-orders physical seam correction at the compressed antiperiodic well,f3e3bf5040f767137a3608897c40a44709bd5876,paper/circulant-periodic-gap-20260909,https://github.com/whzy3185/math/commit/7073fd8d7d18afff87d5f5390b67f8d3b149c82d
2026-09-14T11:01:56Z,2026-09-14T11:01:56Z,5f9d256125e9ca5b0c6a5132bbbdaf3f51295b0a,Replace antiperiodic locking note with the correct seam-tunneling scale,7073fd8d7d18afff87d5f5390b67f8d3b149c82d,paper/circulant-periodic-gap-20260909,https://github.com/whzy3185/math/commit/5f9d256125e9ca5b0c6a5132bbbdaf3f51295b0a
2026-09-14T11:02:26Z,2026-09-14T11:02:26Z,6a394bd02f23f3da85e224c6fab15bd76b768654,Correct odd-total orientation theorem with the physical-seam tunneling term,5f9d256125e9ca5b0c6a5132bbbdaf3f51295b0a,paper/circulant-periodic-gap-20260909,https://github.com/whzy3185/math/commit/6a394bd02f23f3da85e224c6fab15bd76b768654
2026-09-14T11:02:51Z,2026-09-14T11:02:51Z,da1680afa71f4a42d08398fc77951c51a7f464db,Correct second-best stability theorem with the seam-tunneling correction,6a394bd02f23f3da85e224c6fab15bd76b768654,paper/circulant-periodic-gap-20260909,https://github.com/whzy3185/math/commit/da1680afa71f4a42d08398fc77951c51a7f464db
2026-09-14T11:03:45Z,2026-09-14T11:03:45Z,b5eabca0a124999653f23a57fcfad0b05f778eaa,Finalize theorem ledger with tunneling scale and odd-period orientation switch,da1680afa71f4a42d08398fc77951c51a7f464db,paper/circulant-periodic-gap-20260909,https://github.com/whzy3185/math/commit/b5eabca0a124999653f23a57fcfad0b05f778eaa
2026-09-14T11:04:45Z,2026-09-14T11:04:45Z,a532ea75eb11ade2535df298564a7dc2c951f096,Derive exact orientation-duality identity for the all-energy characteristic,b5eabca0a124999653f23a57fcfad0b05f778eaa,paper/circulant-periodic-gap-20260909,https://github.com/whzy3185/math/commit/a532ea75eb11ade2535df298564a7dc2c951f096
2026-09-14T11:06:17Z,2026-09-14T11:06:17Z,0233eae1d47baf330dd4443af6d6d8382d24f4e1,Use the correct hard-channel tunneling scale in the orientation theorem,a532ea75eb11ade2535df298564a7dc2c951f096,paper/circulant-periodic-gap-20260909,https://github.com/whzy3185/math/commit/0233eae1d47baf330dd4443af6d6d8382d24f4e1
2026-09-14T11:06:34Z,2026-09-14T11:06:34Z,aea01437376eb28ec65c7e5d2596873529009748,Use the corrected seam-tunneling scale in the near-balanced transition theorem,0233eae1d47baf330dd4443af6d6d8382d24f4e1,paper/circulant-periodic-gap-20260909,https://github.com/whzy3185/math/commit/aea01437376eb28ec65c7e5d2596873529009748
2026-09-14T11:06:52Z,2026-09-14T11:06:52Z,77b2850b532f79253dfd6cc73efe9587c8fd022c,Insert the correct tunneling correction into the all-orders phase diagram,aea01437376eb28ec65c7e5d2596873529009748,paper/circulant-periodic-gap-20260909,https://github.com/whzy3185/math/commit/77b2850b532f79253dfd6cc73efe9587c8fd022c
2026-09-14T11:07:10Z,2026-09-14T11:07:10Z,c697e70c34a4dd25683a1cf82982145e2e94782b,Correct the sixth-order phase diagram with the seam-tunneling remainder,77b2850b532f79253dfd6cc73efe9587c8fd022c,paper/circulant-periodic-gap-20260909,https://github.com/whzy3185/math/commit/c697e70c34a4dd25683a1cf82982145e2e94782b
2026-09-14T11:08:41Z,2026-09-14T11:08:41Z,d51278d1829c082f6aaa46975fc70668218e8dc8,Synchronize final ledger with the seam-tunneling scale and finite odd-period switch,c697e70c34a4dd25683a1cf82982145e2e94782b,paper/circulant-periodic-gap-20260909,https://github.com/whzy3185/math/commit/d51278d1829c082f6aaa46975fc70668218e8dc8
2026-09-14T11:24:06Z,2026-09-14T11:24:06Z,c23dc00eccb84ba64bae960fba37c37df407874e,Make the odd-total orientation theorem effective from r>=9,d51278d1829c082f6aaa46975fc70668218e8dc8,paper/circulant-periodic-gap-20260909,https://github.com/whzy3185/math/commit/c23dc00eccb84ba64bae960fba37c37df407874e
2026-09-14T11:24:49Z,2026-09-14T11:24:49Z,815610bbd21704e74d0d930f6db1c55160fb0c94,Classify the unique optimal two-defect geometry for every period divisible by four,c23dc00eccb84ba64bae960fba37c37df407874e,paper/circulant-periodic-gap-20260909,https://github.com/whzy3185/math/commit/815610bbd21704e74d0d930f6db1c55160fb0c94
2026-09-14T11:33:55Z,2026-09-14T11:33:55Z,184e2663697c21c6b0f5dd00accf6968522ce6c1,Record the complete fixed-period geometry classification and corrected tunneling theory,815610bbd21704e74d0d930f6db1c55160fb0c94,paper/circulant-periodic-gap-20260909,https://github.com/whzy3185/math/commit/184e2663697c21c6b0f5dd00accf6968522ce6c1
2026-09-14T13:12:35Z,2026-09-14T13:12:35Z,9f95b334c5a902e166ecbb43962a0858aab10776,Prove full period-eight variational classification at jump four,184e2663697c21c6b0f5dd00accf6968522ce6c1,paper/circulant-periodic-gap-20260909,https://github.com/whzy3185/math/commit/9f95b334c5a902e166ecbb43962a0858aab10776
2026-09-14T13:13:26Z,2026-09-14T13:13:26Z,67f7cc79473db0c6123f39e6f7506d2e8b6f8f89,Add exact verifier for full period-eight jump-four classification,9f95b334c5a902e166ecbb43962a0858aab10776,paper/circulant-periodic-gap-20260909,https://github.com/whzy3185/math/commit/67f7cc79473db0c6123f39e6f7506d2e8b6f8f89
2026-09-14T13:22:55Z,2026-09-14T13:22:55Z,d685db0fe601ccf92f386fcc994f76a99bd67c65,Add exact verifier for full period-twelve jump-six classification,67f7cc79473db0c6123f39e6f7506d2e8b6f8f89,paper/circulant-periodic-gap-20260909,https://github.com/whzy3185/math/commit/d685db0fe601ccf92f386fcc994f76a99bd67c65
2026-09-14T13:23:35Z,2026-09-14T13:23:35Z,4db4e90409c68e2adbd0e63630636cd6be9d6b73,Add exact verifier for full period-sixteen jump-eight optimizer,d685db0fe601ccf92f386fcc994f76a99bd67c65,paper/circulant-periodic-gap-20260909,https://github.com/whzy3185/math/commit/4db4e90409c68e2adbd0e63630636cd6be9d6b73
2026-09-14T13:24:05Z,2026-09-14T13:24:05Z,a163cefd5c00a9d28a77957c3132e1018b6a34fc,"Record full-class rigidity ladder through periods eight, twelve, and sixteen",4db4e90409c68e2adbd0e63630636cd6be9d6b73,paper/circulant-periodic-gap-20260909,https://github.com/whzy3185/math/commit/a163cefd5c00a9d28a77957c3132e1018b6a34fc
2026-09-14T13:28:45Z,2026-09-14T13:28:45Z,d217a2f2e81cd91a2f466fd43ac004fc0832a803,Prove period-twenty four-defect phase beats the complete two-defect family,a163cefd5c00a9d28a77957c3132e1018b6a34fc,paper/circulant-periodic-gap-20260909,https://github.com/whzy3185/math/commit/d217a2f2e81cd91a2f466fd43ac004fc0832a803
2026-09-14T13:29:26Z,2026-09-14T13:29:26Z,2402853c2b0704f976aa20812ec993aa6de4b12e,Add exact verifier for full period-twenty jump-ten optimizer,d217a2f2e81cd91a2f466fd43ac004fc0832a803,paper/circulant-periodic-gap-20260909,https://github.com/whzy3185/math/commit/2402853c2b0704f976aa20812ec993aa6de4b12e
2026-09-14T13:34:30Z,2026-09-14T13:34:30Z,851aecdc15e50e22f3b5ee19e5f942c2347c1e93,Prove period-twenty-four four-defect phase beats the complete two-defect family,2402853c2b0704f976aa20812ec993aa6de4b12e,paper/circulant-periodic-gap-20260909,https://github.com/whzy3185/math/commit/851aecdc15e50e22f3b5ee19e5f942c2347c1e93
2026-09-14T13:38:01Z,2026-09-14T13:38:01Z,2f647f3a3f921d0b740e208cd52e79c579cc9ab8,Prove period-twenty-eight six-defect phase beats the complete two-defect family,851aecdc15e50e22f3b5ee19e5f942c2347c1e93,paper/circulant-periodic-gap-20260909,https://github.com/whzy3185/math/commit/2f647f3a3f921d0b740e208cd52e79c579cc9ab8
2026-09-14T13:39:17Z,2026-09-14T13:39:17Z,660a3453b659d9503d8bc4d201d361ea8b014a14,Prove period-thirty-two six-defect phase beats the complete two-defect family,2f647f3a3f921d0b740e208cd52e79c579cc9ab8,paper/circulant-periodic-gap-20260909,https://github.com/whzy3185/math/commit/660a3453b659d9503d8bc4d201d361ea8b014a14
2026-09-14T13:43:29Z,2026-09-14T13:43:29Z,740e535dc3169bb89a4c43774d3b5d68d5c9f19e,Prove eight-defect improvements at periods thirty-six and forty,660a3453b659d9503d8bc4d201d361ea8b014a14,paper/circulant-periodic-gap-20260909,https://github.com/whzy3185/math/commit/740e535dc3169bb89a4c43774d3b5d68d5c9f19e
2026-09-14T13:52:47Z,2026-09-14T13:52:47Z,6de1441ca19c6d30eabc9c3a8f6e8d47c968db86,Prove uniform hyperbolicity of the DDGG multi-block bulk at 31/4,740e535dc3169bb89a4c43774d3b5d68d5c9f19e,paper/circulant-periodic-gap-20260909,https://github.com/whzy3185/math/commit/6de1441ca19c6d30eabc9c3a8f6e8d47c968db86
2026-09-15T08:08:50Z,2026-09-15T08:08:50Z,8b5c9b07ea8ef472a84b7488223ebd83dd5944e9,docs: add math research workflow architecture,78e3ef8da0d1a4125327dc2f579961fb9ec7e3b7,codex/math-zyc-workflow-20260914,https://github.com/whzy3185/math/commit/8b5c9b07ea8ef472a84b7488223ebd83dd5944e9
2026-09-15T08:08:51Z,2026-09-15T08:08:51Z,c0cb883575daab3745c98205358bd84e25f81ab6,docs: add math research workflow architecture,8b5c9b07ea8ef472a84b7488223ebd83dd5944e9,codex/math-zyc-workflow-20260914,https://github.com/whzy3185/math/commit/c0cb883575daab3745c98205358bd84e25f81ab6
2026-09-15T08:08:52Z,2026-09-15T08:08:52Z,9a6b56fc2b928d477073e03cde4e83940c0a9b59,docs: add math research workflow architecture,c0cb883575daab3745c98205358bd84e25f81ab6,codex/math-zyc-workflow-20260914,https://github.com/whzy3185/math/commit/9a6b56fc2b928d477073e03cde4e83940c0a9b59
2026-09-15T08:08:54Z,2026-09-15T08:08:54Z,a1e0d3bfcb68b98aacb1ce3c750201076393a4f9,docs: add math research workflow architecture,9a6b56fc2b928d477073e03cde4e83940c0a9b59,codex/math-zyc-workflow-20260914,https://github.com/whzy3185/math/commit/a1e0d3bfcb68b98aacb1ce3c750201076393a4f9
2026-09-15T13:38:01Z,2026-09-15T13:38:01Z,2fcb76a76bac4609f6f5d6a1450632d103f76ba9,Prove infinite DDGG multi-defect improvement for every period 8r+4,6de1441ca19c6d30eabc9c3a8f6e8d47c968db86,paper/circulant-periodic-gap-20260909,https://github.com/whzy3185/math/commit/2fcb76a76bac4609f6f5d6a1450632d103f76ba9
2026-09-15T13:49:14Z,2026-09-15T13:49:14Z,2b286fc96bb7d5f134a57aa4859bf5a575774e2e,Derive exact algebraic DDGG dislocation edge and exponential convergence,2fcb76a76bac4609f6f5d6a1450632d103f76ba9,paper/circulant-periodic-gap-20260909,https://github.com/whzy3185/math/commit/2b286fc96bb7d5f134a57aa4859bf5a575774e2e
2026-09-15T13:49:37Z,2026-09-15T13:49:37Z,8f711d0193d2a22f92c920ab20974841148012f3,Add exact verifier for DDGG algebraic dislocation limit,2b286fc96bb7d5f134a57aa4859bf5a575774e2e,paper/circulant-periodic-gap-20260909,https://github.com/whzy3185/math/commit/8f711d0193d2a22f92c920ab20974841148012f3
2026-09-15T13:51:20Z,2026-09-15T13:51:20Z,258fb5031cc277eb6efff103d38f40eec0f4be16,Prove centered p=8r double-dislocation family converges to DDGG algebraic edge,8f711d0193d2a22f92c920ab20974841148012f3,paper/circulant-periodic-gap-20260909,https://github.com/whzy3185/math/commit/258fb5031cc277eb6efff103d38f40eec0f4be16
2026-09-15T13:53:24Z,2026-09-15T13:53:24Z,2ead87cf3ff0784edd945f551cbb18fbe99cc94d,"Certify centered multi-defect phases at periods 48, 56, and 64",258fb5031cc277eb6efff103d38f40eec0f4be16,paper/circulant-periodic-gap-20260909,https://github.com/whzy3185/math/commit/2ead87cf3ff0784edd945f551cbb18fbe99cc94d
2026-09-15T13:59:45Z,2026-09-15T13:59:45Z,739bb6a4913a68edef6f53e0078747da364059a7,Prove positive-density multi-defect staircase with uniform spectral gap,2ead87cf3ff0784edd945f551cbb18fbe99cc94d,paper/circulant-periodic-gap-20260909,https://github.com/whzy3185/math/commit/739bb6a4913a68edef6f53e0078747da364059a7
2026-09-15T14:01:25Z,2026-09-15T14:01:25Z,c33959cda2a899714b6d243e8dadf29139860c54,Record exact full-class period-20 optimizer classification,739bb6a4913a68edef6f53e0078747da364059a7,paper/circulant-periodic-gap-20260909,https://github.com/whzy3185/math/commit/c33959cda2a899714b6d243e8dadf29139860c54
2026-09-15T14:02:59Z,2026-09-15T14:02:59Z,ef65a3da6077c13927db5552a3196906d5ac2a6a,Prove positive defect density is necessary for an order-one Bloch gap,c33959cda2a899714b6d243e8dadf29139860c54,paper/circulant-periodic-gap-20260909,https://github.com/whzy3185/math/commit/ef65a3da6077c13927db5552a3196906d5ac2a6a
