path,family,heading_count,headings,historical_status_signals,reading_status
research/CONJECTURE_REGISTRY.md,other_research_records,4,Conjecture Registry | 状态词汇 | Registry | 单项候选的最低证据要求,50:| C029 | Spectral graph theory | Signed circulant global optimizer | S14 | 2026 | DISPROVED — n=32 MINIMAL; TARGET_A_MANUSCRIPT_READY | signed graph | even n | low-medium | very hi,headings_and_status_scan_not_full_semantic_review
research/README.md,other_research_records,7,数学猜想反例研究项目 | 当前阶段 | 优先研究范围 | 证据等级 | 强制研究规则 | 目录职责 | 核心记录,7:## 当前阶段,headings_and_status_scan_not_full_semantic_review
research/RESEARCH_LOG.md,other_research_records,26,Research Log | 2026-08-14 — 项目初始化（Prompt 0） | 2026-08-14 — 第一轮公开文献挖掘（Prompt 1） | 2026-08-14 — 开放状态第一轮审计（Prompt 2） | 2026-08-14 — 可攻击性评分与最终目标选择（Prompts 3–4） | 2026-08-15 — Target A 精确验证器与首个复现点（Prompt 6，进行中） | 2026-08-15 — Target A 接手复现与 n=20 首轮搜索 | 2026-08-15 — Target A flux atlas、n=22 穷举与无限反例族 | 2026-08-15 — Target A Tasks 30–32：发现冻结与 quotient 完整性审计 | 2026-08-15 — Target A Task 33A：constant-memory bracelet stream | 2026-08-15 — Target A Task 33B：n=24 生产级完整搜索 | 2026-08-15 — Target A Task 34：n=26 生产级完整搜索 | 2026-08-15 — Target A Task 35：n=28 生产级完整搜索 | 2026-08-15 — Target A Task 36：n=30 生产级完整搜索 | 2026-08-15 — Target A Task 36A：最小反例阶数认证 | 2026-08-15 — Target A Task 37：n=32 witness 第二套独立重构 | 2026-08-15 — Target A Task 38：period-8 Floquet reduction 与 determinant 独立审计 | 2026-08-16 — Target A Task 39：period-8 无限反例族完整独立审计 | 2026-08-16 — Target A Task 40A：period-8 sharp spectral constant | 2026-08-16 — Target A Task 40B：period-8 flux phases 完整分类与唯一最优相 | 2026-08-16 — Target A Task 40C：8-barrier、closed-walk moments 与 equal-spacing 机制 | 2026-08-16 — Target A Task 42A：一般周期 closed-walk identities 与 8-barrier 必要障碍 | 2026-08-16 — Target A Task 42B：primitive period 不超过 16 的完整谱前沿 | 2026-08-16 — Target A Task 42C：低周期 exact frontier 的 closed-walk 结构压缩 | 2026-08-16 — Target A Task 41：novelty、priority 与 provenance audit | 2026-08-16 — Target A Lane R：full slow reproduction 与 paper gate,,headings_and_status_scan_not_full_semantic_review
research/analytic_inventory/README.md,historical_analytic_program,11,Analytic-first inventory | Purpose and baseline | Writing rule | Current analytic core | High-value reduction targets | Modules that are computational until replaced | Candidate article routes | Route A — analytic classification | Route B — analytic counterexample mechanism | Route C — finite counterexample note | Immediate next artifacts,,headings_and_status_scan_not_full_semantic_review
research/analytic_inventory/analytic_claim_registry.md,historical_analytic_program,4,Analytic claim registry | Main theorem wording currently authorized | Finite-combinatorial disclosure | Pre-submission gates,,headings_and_status_scan_not_full_semantic_review
research/analytic_inventory/analytic_completion_plan.md,historical_analytic_program,4,Analytic completion plan for the period-eight article | Scope lock | Execution order | Non-negotiable evidence rule,"12:| B | Exact non-antipodal two-defect lemma | recurrence, all intermediate moments through the first positive excess, and the trace-to-edge implication in one human-readable proof |",headings_and_status_scan_not_full_semantic_review
research/analytic_inventory/g6_scalar_problem.md,historical_analytic_program,7,G6 scalarization problem | Evidence boundary | Fixed spectral problem | Desired Weyl formulation | Required analytic lemmas | Rejection criteria | Relation to the article,,headings_and_status_scan_not_full_semantic_review
research/analytic_inventory/general_period_defect_obstruction.md,historical_analytic_program,4,A general periodic defect obstruction | Theorem | Proof | Article role,,headings_and_status_scan_not_full_semantic_review
research/analytic_inventory/general_period_moment_line_audit.md,historical_analytic_program,4,Line audit: general periodic defect obstruction | Verdict | Checks | Article classification,,headings_and_status_scan_not_full_semantic_review
research/analytic_inventory/hamilton_gauge_realization.md,historical_analytic_program,4,"Hamilton-gauge realization on \(C_n(1,2)\) | Lemma | Proof | Scope",,headings_and_status_scan_not_full_semantic_review
research/analytic_inventory/lean_formalization_plan.md,historical_analytic_program,5,Lean formalization contract for the analytic article | Standard for the manuscript statement | Required theorem kernel | Formalization order | Writing policy,,headings_and_status_scan_not_full_semantic_review
research/analytic_inventory/period8_article_dependency_audit.md,historical_analytic_program,5,Dependency audit for the frozen analytic article | Main theorem line | Structural strengthening line | Exclusion audit | Freeze verdict,,headings_and_status_scan_not_full_semantic_review
research/analytic_inventory/period8_article_route.md,historical_analytic_program,7,Period-eight article route | Proposed contribution | Main theorem package | Honest finite component | Explicit exclusions | Reference roles | Venue logic,,headings_and_status_scan_not_full_semantic_review
research/analytic_inventory/period8_complete_analytic_proof.md,historical_analytic_program,4,A complete analytic proof of the period-eight counterexample family | Theorem | Proof | Boundary of this theorem,,headings_and_status_scan_not_full_semantic_review
research/analytic_inventory/period8_derivation.md,historical_analytic_program,8,Period-eight counterexample family: analytic derivation draft | Status | Proposition (draft) | Periodic operator | Chiral reduction to four dimensions | Uniform spectral bound | Passage to finite rings | Why this matters,,headings_and_status_scan_not_full_semantic_review
research/analytic_inventory/period8_independent_audit.md,historical_analytic_program,1,Independent period-eight package audit,,headings_and_status_scan_not_full_semantic_review
research/analytic_inventory/period8_line_audit.md,historical_analytic_program,5,Line audit of the period-eight main theorem | Expanded checks | The polynomial comparison | The Taylor comparison | Remaining human reading task,,headings_and_status_scan_not_full_semantic_review
research/analytic_inventory/period8_literature_led_architecture.md,historical_analytic_program,11,Literature-led architecture for the analytic period-eight article | Evidence used for the structural comparison | Chosen non-appendix structure | The two-act mathematical story | 1. Introduction: a conjectural benchmark fails | 2. Gauge coordinates and finite Bloch reduction | 3. A chiral period-eight fiber | 4. The infinite counterexample family | 5. Why this phase is distinguished | 6. Closing perspective | What this deliberately rejects,,headings_and_status_scan_not_full_semantic_review
research/analytic_inventory/period8_manuscript_integration.md,historical_analytic_program,7,Manuscript integration assessment: the analytic period-eight route | Decision | Recommended theorem ladder | Section architecture | Material that must stay out | When a sequel becomes reasonable | Lean role,,headings_and_status_scan_not_full_semantic_review
research/analytic_inventory/period8_trichotomy_analytic_proof.md,historical_analytic_program,4,Period-eight sub-eight trichotomy | Theorem | Proof | Evidence boundary,,headings_and_status_scan_not_full_semantic_review
research/analytic_inventory/period8_two_defect_closed_walk_lemma.md,historical_analytic_program,5,Exact closed-walk lemma for the non-antipodal two-defect phases | Statement | Exact recurrence | Why a positive excess proves the claim | Evidence boundary,,headings_and_status_scan_not_full_semantic_review
research/analytic_inventory/periodic_moment_lemma.md,historical_analytic_program,8,Periodic moment barrier: analytic lemma target | Purpose | Setup | Candidate lemma | Hand-proof route | Direct fourth-moment calculation | Complete sixth-moment catalogue | Scope,,headings_and_status_scan_not_full_semantic_review
research/analytic_inventory/proof_map.md,historical_analytic_program,7,Proof-reduction map | Reading convention | Proposed analytic spine | Module ledger | First derivation target: the period-eight edge | Gate for an analytic-first submission | Non-negotiable evidence boundary,,headings_and_status_scan_not_full_semantic_review
research/analytic_inventory/r2_boundary_diagnostic.md,historical_analytic_program,4,Residue-two boundary diagnostic (not a proof) | Purpose | Concrete analytic target | Required caution,,headings_and_status_scan_not_full_semantic_review
research/analytic_inventory/r2_boundary_program.md,historical_analytic_program,8,"Residue-two boundary-closure programme | Target theorem | What is already reduced | Required proof, not heuristic | Candidate route | First rejected shortcut | Stop rule | Article consequence",,headings_and_status_scan_not_full_semantic_review
research/analytic_inventory/r2_boundary_seed.md,historical_analytic_program,1,Residue-two boundary seed,,headings_and_status_scan_not_full_semantic_review
research/analytic_inventory/r2_boundary_tail_closure.md,historical_analytic_program,7,Residue-two boundary-tail closure: exact remaining lemma | Seed | Inputs already available | Tail lemma target | Reduction of (3) | Conditional residue-two theorem | Status,,headings_and_status_scan_not_full_semantic_review
research/analytic_inventory/r2_finite_base.md,historical_analytic_program,1,Residue-two finite boundary base,,headings_and_status_scan_not_full_semantic_review
research/analytic_inventory/r2_local_contraction.md,historical_analytic_program,7,Residue-two local contraction lemma | Local contraction lemma (draft) | Exact finite premises | Neighbourhood estimate | Conditional consequence for the actual bulk orbit | Boundary | Status,,headings_and_status_scan_not_full_semantic_review
research/analytic_inventory/r2_lyapunov_certificate.md,historical_analytic_program,4,Rational Lyapunov certificate at the residue-two Riccati centre | Exact checked statement | Interpretation | What remains,,headings_and_status_scan_not_full_semantic_review
research/analytic_inventory/r2_lyapunov_route.md,historical_analytic_program,6,Residue-two local Lyapunov route | Diagnostic result | Analytic theorem target | Why a weighted norm is legitimate | Remaining bridge to the cyclic boundary | Immediate work sequence,,headings_and_status_scan_not_full_semantic_review
research/analytic_inventory/r2_response_recurrence.md,historical_analytic_program,3,Residue-two cyclic response recurrence | Exact block identity | Role in the analytic closure,,headings_and_status_scan_not_full_semantic_review
research/analytic_inventory/r2_response_transfer.md,historical_analytic_program,5,Residue-two local response-transfer certificate | Exact local statement | Uniform local transfer bound | Exact entrance bound | Scope,,headings_and_status_scan_not_full_semantic_review
research/analytic_inventory/r2_tail_line_audit.md,historical_analytic_program,4,Line audit of the residue-two tail draft | Scope | Findings | Promotion rule,,headings_and_status_scan_not_full_semantic_review
research/analytic_inventory/r2_tail_majorant_lemma.md,historical_analytic_program,6,Residue-two tail majorant lemma (draft for line audit) | Statement | Exact entrance and local regime | Schur-series tails | Pivot-limit term | Audit boundary,,headings_and_status_scan_not_full_semantic_review
research/analytic_inventory/r46_block_template_audit.md,historical_analytic_program,8,Residues four and six: block-template audit | Objective | Exact structural findings | Blocking correction | What cannot be shared blindly | Proposed work order | Kill criterion | Evidence boundary,,headings_and_status_scan_not_full_semantic_review
research/analytic_inventory/r4_bulk_arc_screen.md,historical_analytic_program,5,Residue-four bulk-arc screen | Exact template result | Numerical route screen only | Next proof task | Metric-complexity screen,,headings_and_status_scan_not_full_semantic_review
research/analytic_inventory/twisted_benchmark_derivation.md,historical_analytic_program,6,A self-contained Fourier proof of the twisted benchmark | Proposition | Gauge form | Fourier blocks | Correct maximization on the shifted grid | Evidence boundary,,headings_and_status_scan_not_full_semantic_review
research/audit/DIRECT_BRACELET_GENERATOR_AUDIT.md,code_and_evidence,5,Direct Bracelet Generator Audit | Scope | Exact reference comparison | Production-scale Burnside audit | Conclusion,,headings_and_status_scan_not_full_semantic_review
research/audit/N32_WITNESS_RECONSTRUCTION.md,code_and_evidence,13,N32 Witness Reconstruction Audit | Purpose | Mathematical input | Independent gauge | Derived step2 | Flux checks | Frozen witness comparison | Exact matrix relation | Spectral consistency | Counterexample check | Independence statement | Evidence | Conclusion,,headings_and_status_scan_not_full_semantic_review
research/audit/PERIOD8_FLOQUET_INDEPENDENT_AUDIT.md,code_and_evidence,18,Period-8 Floquet Independent Audit | Purpose | Mathematical input | Operator derivation | Cell decomposition | Twisted boundary | Explicit H(z) | Hermitian property | Direct-sum theorem | Independent determinant | Reduction from z to c | Second determinant route | Comparison with frozen polynomial | Allowed c range | Squared-eigenvalue interpretation | Independence statement | Evidence | Conclusion,,headings_and_status_scan_not_full_semantic_review
research/audit/PERIOD8_INFINITE_FAMILY_INDEPENDENT_AUDIT.md,code_and_evidence,15,Period-8 Infinite-Family Independent Audit | Theorem | Dependency on Task 38 | Uniform positivity certificate | Secondary positivity check | Spectral consequence | Exact threshold at n=32 | Minimal polynomial and isolation | Threshold monotonicity | Both holonomies | Secondary threshold cross-check | Infinite-family checker | Independence statement | Evidence | Conclusion,,headings_and_status_scan_not_full_semantic_review
research/audit/QUOTIENT_COMPLETENESS_AUDIT.md,code_and_evidence,10,Quotient Completeness Audit | A. Full `n=20` raw-versus-quotient comparison | B. Adversarial `n=22` orbit expansion | C. Mathematical completeness proof | 1. Switching equivalence | 2. Complete cycle coordinates | 3. Global negation | 4. Dihedral automorphisms | 5. Orbit decomposition and space recovery | Audit limitations and next gate,,headings_and_status_scan_not_full_semantic_review
research/audit/TARGET_A_CURRENT_STATUS_CHECK.md,code_and_evidence,5,Target A Current Public Status Check | A. Source Paper | B. Author Follow-up | C. Direct-result Queries | Assessment,,headings_and_status_scan_not_full_semantic_review
research/audit/TARGET_A_N24_DUAL_GENERATOR_AUDIT.md,code_and_evidence,2,Target A n=24 Dual-Generator Audit | Generator Lemma,,headings_and_status_scan_not_full_semantic_review
research/audit/TARGET_A_REVIEWER_ONE.md,code_and_evidence,14,Reviewer One Report | Review metadata | Overall assessment | Scores | Findings | R1-001 - MAJOR - Computer-assisted proof | R1-002 - MODERATE - Proof completeness | R1-003 - MODERATE - Exact certificates and notation | R1-004 - MODERATE - Proof completeness | R1-005 - MINOR - Citation and novelty positioning | R1-006 - MINOR - Terminology at order eight | R1-007 - MINOR - Scope definition | Severity counts and gate | Recommendation,94:**Required revision:** Call the `Q_i` the distinguished/local quadrilateral fluxes and add a sentence noting the two exceptional order-eight quadrilaterals and why they do not affe,headings_and_status_scan_not_full_semantic_review
research/audit/TARGET_A_REVIEWER_ONE_RESPONSE.md,code_and_evidence,10,Response to Reviewer One | R1-001 - accessible computer-assisted proof artifact | R1-002 - order-32 certificate not displayed | R1-003 - lift and basis for residual vectors | R1-004 - closed-walk derivation | R1-005 - citations and novelty boundary | R1-006 - order-eight quadrilaterals | R1-007 - primitive-period domain | Requested gate | Round 2 follow-up,,headings_and_status_scan_not_full_semantic_review
research/audit/TARGET_A_REVIEWER_ONE_ROUND2.md,code_and_evidence,12,"Reviewer One, Round 2 | Review basis | Scores | Findings | 1. MODERATE: The proof-classification section understates the computational dependence of the moment results | 2. MODERATE: The central finite-minimality theorem lacks a documented end-to-end regeneration command and fully archived replay at every order | 3. MINOR: The asserted minimal polynomial is not proved irreducible | 4. MINOR: `H_Q(z)` is used without a formal definition | 5. MINOR: “Global gauge negation” is misleading terminology | Mathematical and novelty assessment | Checker replay | Severity counts",,headings_and_status_scan_not_full_semantic_review
research/audit/TARGET_A_REVIEWER_ONE_ROUND3.md,code_and_evidence,10,"Reviewer One, Round 3 Closure Audit | Scope and verdict | Per-finding closure | 1. RESOLVED: Proof classification for moment identities | 2. RESOLVED: End-to-end production-order regeneration protocol | 3. RESOLVED: Irreducibility of the `eta` polynomial | 4. RESOLVED: Formal definition of `H_Q(z)` | 5. RESOLVED: Edge-sign-negation terminology | Validator | Severity counts",,headings_and_status_scan_not_full_semantic_review
research/audit/TARGET_A_REVIEWER_ZERO_RESPONSE.md,code_and_evidence,3,Target A Reviewer Zero Response | Additional Generator Repair | Gate Status,,headings_and_status_scan_not_full_semantic_review
research/audit/TARGET_A_REVIEWER_ZERO_ROUND1.md,code_and_evidence,9,"Reviewer Zero Report - Round 1 | RZ-001 - MAJOR - The purported frozen paper package is not in the frozen tree | RZ-002 - MAJOR - C24 omits the zone-folding theorem needed for repeated-cell equality | RZ-003 - MAJOR - The minimality checker authenticates digests and counts, not the per-state exact certificates | RZ-004 - MAJOR - The dependency graph conflates logical premises, alternative proofs, and circular verification cross-checks | RZ-005 - MODERATE - C11's short-cell collision scope is not exercised by its listed checker | RZ-006 - MINOR - The reproducibility statement falsely says checkpoint chunks are uncommitted | RZ-007 - MINOR - A proved Target A period-10 theorem is outside the ""complete"" claim inventory without an exclusion record | Verification Performed",,headings_and_status_scan_not_full_semantic_review
research/audit/TARGET_A_REVIEWER_ZERO_ROUND2.md,code_and_evidence,14,Reviewer Zero Round 2 Report | Review Identity | Verdict | Gate | Findings | RZ2-001 | RZ2-002 | RZ2-003 | RZ2-004 | RZ2-005 | RZ2-006 | High-Risk Repair Checklist | Commands and Checks Run | Final Readiness Judgment,123:## Final Readiness Judgment,headings_and_status_scan_not_full_semantic_review
research/audit/TARGET_A_TASK44_COMPLETION.md,code_and_evidence,5,Target A Task 44 Completion Record | Result | Manuscript | Independent review | Verification,,headings_and_status_scan_not_full_semantic_review
research/candidates/CANDIDATE_RANKING.md,other_research_records,16,Candidate Attackability Ranking | 20 分评分模型 | Top 20 | 其余可保留候选 | Top 10 深入攻击分析 | 1. C049 — Schur log-concavity | 2. C037 — deletion-normal | 3. C025 — AP-intersection extremal families | 4. C040 — unique domination bipartite bound | 5. C029 — signed circulants | 6. C030 — skew-shape order polynomial | 7. C031 — circular fence order polynomial | 8. C047 — Kneser xor-power | 9. C019 — strong Seymour tournament | 10. C027 — Latin square transversal gap | Prompt 4 建议,,headings_and_status_scan_not_full_semantic_review
research/candidates/FINAL_TARGETS.md,other_research_records,13,Final Targets | Top 10 形式化攻击评估 | C049 — Schur log-concavity of partition sequences | C037 — deletion-normal graphs | C025 — AP-intersection exact extremum | C040 — bipartite unique-domination edge bound | C047 — 2-xor Kneser clique number | C029 — signed circulant optimizer | C030 — skew-shape order-polynomial identity | C031 — circular-fence identity | C019 — strong Seymour vertex in tournaments | C027 — Latin square transversal construction | 最终选择,,headings_and_status_scan_not_full_semantic_review
research/checkpoints/TARGET_A_DISCOVERY_SNAPSHOT.md,other_research_records,10,Target A Discovery Snapshot | Git state before snapshot commit | Frozen mathematical state | PROVED | COMPUTATIONALLY VERIFIED | OBSERVED | UNRESOLVED | Environment | Reproduction commands | Core artifact SHA-256,,headings_and_status_scan_not_full_semantic_review
research/conjectures/TARGET_A_SPEC.md,other_research_records,23,Target A Specification — Signed Circulants | Definition | Underlying graph | Signing and signed adjacency matrix | Switching | Distinguished threshold | Domain | Hypotheses | Claimed conclusion | Counterexample condition | Equivalent formulations | Switching-class formulation | Cycle-flux formulation | Squared formulation | Characteristic-polynomial certificate | Invariants | Degenerate cases | Symmetries | Known theorems and verified range | Disproof found by this project | Smallest counterexample order | Exact verifier specification | Audit boundary for the next stages,,headings_and_status_scan_not_full_semantic_review
research/discovery/task48a/TARGET_A_P24_OPTIMALITY_THEOREM_CANDIDATE.md,historical_theorems_and_exploration,3,Target A: p<=24 Bounded Optimality Candidate | Candidate statement | Exact evidence chain,,headings_and_status_scan_not_full_semantic_review
research/discovery/task51/BASELINE.md,historical_theorems_and_exploration,2,Target A Task 51 Baseline | Entry Regression,,headings_and_status_scan_not_full_semantic_review
research/discovery/task51/TARGET_A_ALGEBRAIC_INTERFACE_STRUCTURE.md,historical_theorems_and_exploration,1,Target A Algebraic Interface Structure,,headings_and_status_scan_not_full_semantic_review
research/discovery/task51/TARGET_A_ASYMPTOTIC_PHASE_DIAGRAM.md,historical_theorems_and_exploration,1,Target A Asymptotic Phase Diagram,,headings_and_status_scan_not_full_semantic_review
research/discovery/task51/TARGET_A_BIRMAN_SCHWINGER_RECONNAISSANCE.md,historical_theorems_and_exploration,1,Target A Birman-Schwinger Reconnaissance,,headings_and_status_scan_not_full_semantic_review
research/discovery/task51/TARGET_A_CHARGE_CONSERVATION.md,historical_theorems_and_exploration,1,Target A Charge Conservation,,headings_and_status_scan_not_full_semantic_review
research/discovery/task51/TARGET_A_COMMENSURATE_PHASE_DIAGRAM.md,historical_theorems_and_exploration,1,Target A Commensurate Phase Diagram,,headings_and_status_scan_not_full_semantic_review
research/discovery/task51/TARGET_A_CROSS_FALSIFICATION.md,historical_theorems_and_exploration,1,Target A Cross-Falsification,,headings_and_status_scan_not_full_semantic_review
research/discovery/task51/TARGET_A_CRYSTALLIZATION_PROGRAM.md,historical_theorems_and_exploration,5,Target A Arbitrary-Period Crystallization Program | Exact moment route | Local Rayleigh route | Peierls and transparent defects | Route status,,headings_and_status_scan_not_full_semantic_review
research/discovery/task51/TARGET_A_EXTENSION_RECONNAISSANCE.md,historical_theorems_and_exploration,4,Target A Extension Reconnaissance | Odd order | Nearby circulants | Continuous magnetic relaxation,,headings_and_status_scan_not_full_semantic_review
research/discovery/task51/TARGET_A_FINITE_EVANS_ROOT_EXCLUSION.md,historical_theorems_and_exploration,1,Target A Finite Evans Root Exclusion,,headings_and_status_scan_not_full_semantic_review
research/discovery/task51/TARGET_A_MATRIX_SOS_RECONNAISSANCE.md,historical_theorems_and_exploration,1,Target A Matrix SOS Reconnaissance,,headings_and_status_scan_not_full_semantic_review
research/discovery/task51/TARGET_A_MN_FINITE_SIZE_ASYMPTOTICS.md,historical_theorems_and_exploration,1,Target A Finite-Size Asymptotics,,headings_and_status_scan_not_full_semantic_review
research/discovery/task51/TARGET_A_MULTI_SLIP_EFFECTIVE_THEORY.md,historical_theorems_and_exploration,1,Target A Multi-Slip Effective Theory,,headings_and_status_scan_not_full_semantic_review
research/discovery/task51/TARGET_A_ORDER9_HIDDEN_STRUCTURE.md,historical_theorems_and_exploration,4,Target A Order-Nine Hidden Structure | Exact reduction | Sign and modal tests | Route classification,,headings_and_status_scan_not_full_semantic_review
research/discovery/task51/TARGET_A_POST_EXPLORATION_STORY_OPTIONS.md,historical_theorems_and_exploration,6,"Target A Post-Exploration Story Options | Story A: Eventual all-even counterexamples | Story B: Elementary charged phase slips | Story C: Unique periodic ground state | Story D: Ground state, elementary defects, and asymptotic m_n | Story E: Commensurate defect crystals",,headings_and_status_scan_not_full_semantic_review
research/discovery/task51/TARGET_A_RICCATI_RECONNAISSANCE.md,historical_theorems_and_exploration,1,Target A Riccati Reconnaissance,,headings_and_status_scan_not_full_semantic_review
research/discovery/task51/TARGET_A_SINGLE_CHARGE_SPECTRUM.md,historical_theorems_and_exploration,1,Target A Single-Charge Spectrum,,headings_and_status_scan_not_full_semantic_review
research/discovery/task51/TARGET_A_STRUCTURAL_DISCOVERY_MATRIX.md,historical_theorems_and_exploration,1,Target A Structural Discovery Matrix,,headings_and_status_scan_not_full_semantic_review
research/discovery/task51/TARGET_A_STRUCTURAL_UNCERTAINTY_LEDGER.md,historical_theorems_and_exploration,3,Target A Structural Uncertainty Ledger | U01. Finite-ring uniform spectral cap | U02-U26. Remaining structural questions,,headings_and_status_scan_not_full_semantic_review
research/discovery/task51/TARGET_A_SUBEIGHT_PERIODIC_ATLAS.md,historical_theorems_and_exploration,1,Target A Sub-Eight Periodic Atlas,,headings_and_status_scan_not_full_semantic_review
research/discovery/task51/TARGET_A_TASK51_SYNTHESIS.md,historical_theorems_and_exploration,24,Target A Task 51 Synthesis | 1. Baseline | 2. Largest New Discoveries | 3. Falsified Assumptions | 4. Finite-Ring Route Bake-Off | 5. Charge Conservation | 6. Single-Charge Spectrum | 7. Multi-Slip Theory | 8. Sub-Eight Periodic Atlas | 9. Commensurate Phase Diagram | 10. Arbitrary-Period Crystallization | 11. Asymptotic m_n | 12. Algebraic Structure | 13. Chiral / Topological Audit | 14. Extensions | 15. Complete Route Checklist | 16. Strongest Candidate Theorems | 17. Recommended Scientific Direction | 18. Recommended Paper Story | 19. Recommended Next Task | 20. Evidence Inventory | 21. Reviewer Verdicts | 22. Verification | 23. Git,,headings_and_status_scan_not_full_semantic_review
research/discovery/task51/TARGET_A_TOPOLOGICAL_AUDIT.md,historical_theorems_and_exploration,1,Target A Chiral and Topological Audit,,headings_and_status_scan_not_full_semantic_review
research/discovery/task51/defect_crystal_families.md,historical_theorems_and_exploration,1,Defect-Crystal Families,,headings_and_status_scan_not_full_semantic_review
research/discovery/task53/RESEARCH_LOG.md,historical_theorems_and_exploration,1,Task 53 Research Log,,headings_and_status_scan_not_full_semantic_review
research/experiments/TARGET_A_FINITE_PHASE_SLIP_REPORT.md,historical_logs_and_experiments,5,Target A Finite Phase-Slip Report | Protocol | Results | Interpretation | Evidence Labels,,headings_and_status_scan_not_full_semantic_review
research/experiments/TARGET_A_HIGH_PERIOD_EXPLORATION.md,historical_logs_and_experiments,6,Target A Controlled High-Period Exploration | Protocol | Exact Coverage and Moment Counts | Numerical Candidate Summary | Answers to the Search Questions | Boundary,,headings_and_status_scan_not_full_semantic_review
research/experiments/TARGET_A_HIGH_PERIOD_MOMENT_REPORT.md,historical_logs_and_experiments,5,Target A High-Period Moment Report | Coverage and Method | Survival Curves | Survivor Geometry | Answers,,headings_and_status_scan_not_full_semantic_review
research/experiments/TARGET_A_MINIMALITY_SEARCH_PLAN.md,historical_logs_and_experiments,12,"Target A Minimality Search Plan | Goal and stopping condition | Why `(Q,alpha)` covers the spectral search space | Exact quotient counts | Defect-shell counts | Generator design | Spectral and exact-decision pipeline | Checkpoint and resume format | Storage estimates | Complexity and runtime budget | Required result fields | Authorization gate","14:through a proved quotient representation.  If all four searches complete | 254:`n=24` spectral search, is the next authorized gate.  No `n>=24` spectral",headings_and_status_scan_not_full_semantic_review
research/experiments/TARGET_A_N24_RESULT.md,historical_logs_and_experiments,7,Target A: Complete n=24 Result | Mathematical conclusion | Search space | Exact decision | Near-minimizer observation | Checkpoint and provenance | Next gate,91:Resume validation re-generated all completed inputs and reproduced the final,headings_and_status_scan_not_full_semantic_review
research/experiments/TARGET_A_N26_RESULT.md,historical_logs_and_experiments,7,Target A: Complete n=26 Result | Mathematical conclusion | Search space | Exact decision | Period-4 diagnostic | Regression and checkpoints | Next gate,101:- a read-only replay of all 28 committed `n=24` chunks reproduced the complete,headings_and_status_scan_not_full_semantic_review
research/experiments/TARGET_A_N28_RESULT.md,historical_logs_and_experiments,8,Target A: Complete n=28 Result | Mathematical conclusion | Search-space closure | Exact decision | Period-4 diagnostics | n=24/26/28 observed table | Checkpoints and provenance | Next gate,,headings_and_status_scan_not_full_semantic_review
research/experiments/TARGET_A_N30_RESULT.md,historical_logs_and_experiments,8,Target A: Complete n=30 Result | Mathematical conclusion | Search-space closure | Exact decision | Period-4 diagnostics | n=24/26/28/30 observed table | Checkpoints and provenance | Next gate,,headings_and_status_scan_not_full_semantic_review
research/experiments/TARGET_A_REPRODUCTION.md,historical_logs_and_experiments,8,"Target A Reproduction | Environment | Completed checks | n = 8, 10, 12, 14, 16, 18 | First n = 20 Search | Flux quotient search and disproof | Commands | Implementation Note",,headings_and_status_scan_not_full_semantic_review
research/experiments/TARGET_A_TASK47_BASELINE.md,historical_logs_and_experiments,4,Target A Task 47 Baseline | Repository State | Runtime | Baseline Verification,,headings_and_status_scan_not_full_semantic_review
research/experiments/TARGET_A_TASK47_SYNTHESIS.md,historical_logs_and_experiments,18,Target A Task 47 Synthesis | Question 1: Is There a Periodic Phase Below `eta`? | Question 2: Does Maximal Two-Defect Separation Minimize the Radius? | Question 3: Is Period Eight Exceptional in the Two-Defect Family? | Question 4: Are There Exact Counterexamples Outside `8Z`? | Question 5: Is There an Infinite Residue-Class Signal? | Question 6: What Does the Moment Hierarchy Select? | Question 7: Are the Most Dangerous High-Period Candidates Above `eta`? | Question 8: What Should Happen to Theorem 1.6? | Decision Tree Outcome | Phase Summary | Experiment A: Two-Defect Geometry | Experiment B: Finite Phase Slips | Experiment C: Moment Hierarchy | Experiment D: High-Period Certification | Experiment E: Independent Order-22 Audit | Optional Local Stability Experiment | Final Experimental Status,,headings_and_status_scan_not_full_semantic_review
research/experiments/TARGET_A_TASK48_BASELINE.md,historical_logs_and_experiments,5,Target A Task 48 Baseline | Immutable starting point | Runtime | Entry verification | Freeze rule,,headings_and_status_scan_not_full_semantic_review
research/experiments/TARGET_A_TASK48_CHECKPOINT.md,historical_logs_and_experiments,7,Target A Task 48 Safe-Stop Checkpoint | Classification | VALID_COMPLETE_RESULT | VALID_PARTIAL_RESULT | TEMPORARY / INCOMPLETE | FAILED / OBSOLETE | Checkpoint validation,,headings_and_status_scan_not_full_semantic_review
research/experiments/TARGET_A_TWO_DEFECT_GEOMETRY_REPORT.md,historical_logs_and_experiments,5,Target A Two-Defect Geometry Report | Coverage | Main Findings | Scientific Interpretation | Evidence Boundary,,headings_and_status_scan_not_full_semantic_review
research/experiments/finite_phase_slips/pattern_families.md,historical_logs_and_experiments,7,"Finite Phase-Slip Pattern Families | Controls and Search Boundary | Observed Families | Single gap 6, residue 2 | Two gaps 6, residue 4 | Single gap 10, residue 6 | Relation to Existing Artifacts",,headings_and_status_scan_not_full_semantic_review
research/experiments/high_period_certified/summary.md,historical_logs_and_experiments,2,High-Period Candidate Certification Summary | Exact Classifications,,headings_and_status_scan_not_full_semantic_review
research/experiments/task48a/BASELINE.md,historical_logs_and_experiments,1,Target A Task 48A Baseline,,headings_and_status_scan_not_full_semantic_review
research/experiments/task48a/TARGET_A_INTERFACE_RECONNAISSANCE.md,historical_logs_and_experiments,4,Target A Single Phase-Slip Interface Reconnaissance | Constants and convergence | Localization and Floquet match | Matching prototype,,headings_and_status_scan_not_full_semantic_review
research/experiments/task48a/TARGET_A_MOD16_INTERFACE_RECONNAISSANCE.md,historical_logs_and_experiments,1,Target A Two-Interface and mod-16 Reconnaissance,,headings_and_status_scan_not_full_semantic_review
research/experiments/task48a/TARGET_A_MOMENT_MATRIX_PILOT.md,historical_logs_and_experiments,1,Target A Moment-Matrix Pilot,,headings_and_status_scan_not_full_semantic_review
research/experiments/task48a/TARGET_A_P24_FRONTIER_RECONNAISSANCE.md,historical_logs_and_experiments,1,Target A p<=24 Exact Frontier Reconnaissance,,headings_and_status_scan_not_full_semantic_review
research/experiments/task48a/TARGET_A_RESIDUE12_RECONNAISSANCE.md,historical_logs_and_experiments,1,Target A Residue 12 mod 16 Reconnaissance,,headings_and_status_scan_not_full_semantic_review
research/experiments/task48a/TARGET_A_TASK48A_SYNTHESIS.md,historical_logs_and_experiments,9,Target A Task 48A: Q1-Theorem Signal Synthesis | 1. Exact frontier | 2. Single interface | 3. Two interfaces and mod 16 | 4. Residue 12 | 5. Eventual failure at all even orders | 6. Moment matrix | 7. Q1 theory triage | Decision,,headings_and_status_scan_not_full_semantic_review
research/experiments/task49/BASELINE.md,historical_logs_and_experiments,1,Target A Task 49 Baseline,,headings_and_status_scan_not_full_semantic_review
research/experiments/task49/TARGET_A_FLOQUET_PHASE_AND_MOD16.md,historical_logs_and_experiments,5,Target A Floquet Phase and the mod16 Signal | Full Multipliers | Two-Interface Splitting | Phase and Holonomy | Decision,,headings_and_status_scan_not_full_semantic_review
research/experiments/task49/TARGET_A_FOUR_STEP_LOCAL_STABILITY.md,historical_logs_and_experiments,1,Target A Four-Step Local Stability,,headings_and_status_scan_not_full_semantic_review
research/experiments/task49/TARGET_A_HANKEL_BEYOND_P24_STRESS.md,historical_logs_and_experiments,1,Target A Hankel Beyond-p24 Stress Test,,headings_and_status_scan_not_full_semantic_review
research/experiments/task49/TARGET_A_INTERFACE_PORTABILITY_NOTE.md,historical_logs_and_experiments,1,Target A Interface Portability Note,,headings_and_status_scan_not_full_semantic_review
research/experiments/task49/TARGET_A_INTERFACE_ROBUSTNESS.md,historical_logs_and_experiments,4,Target A Interface Robustness Archive | Representation Checks | Localization Checks | Decision and Boundary,,headings_and_status_scan_not_full_semantic_review
research/experiments/task49/TARGET_A_JCTB_FACT_INVENTORY.md,historical_logs_and_experiments,4,Target A JCTB Fact Inventory | Core Facts | Additional Publication Facts | Status Counts,,headings_and_status_scan_not_full_semantic_review
research/experiments/task49/TARGET_A_PHASE_SLIP_CHARGE_LANDSCAPE.md,historical_logs_and_experiments,1,Target A Phase-Slip Charge Landscape,,headings_and_status_scan_not_full_semantic_review
research/experiments/task49/TARGET_A_TASK49_SYNTHESIS.md,historical_logs_and_experiments,5,Target A Task 49 Synthesis | Decision Gates | Principal Findings | Remaining Mathematics | Final Status,,headings_and_status_scan_not_full_semantic_review
research/experiments/task49/TARGET_A_THRESHOLD_CROSSING_ATLAS.md,historical_logs_and_experiments,1,Target A Threshold-Crossing Atlas,,headings_and_status_scan_not_full_semantic_review
research/experiments/task49/UNIFORM_BOUND_RECONNAISSANCE.md,historical_logs_and_experiments,6,Task 49 Uniform-Bound Reconnaissance | Definitions | Observations | Model Decision | Classification | Evidence Boundary,,headings_and_status_scan_not_full_semantic_review
research/experiments/task53/STATUS.md,historical_logs_and_experiments,1,Task 53 Experiment Status,,headings_and_status_scan_not_full_semantic_review
research/experiments/two_defect_geometry/anomalies.md,historical_logs_and_experiments,4,Two-Defect Geometry Anomalies | Maximal Separation Is Not the Governing Rule | Other Sub-Eight Phases | New Structural Signal,,headings_and_status_scan_not_full_semantic_review
research/experiments/two_defect_geometry/methodology.md,historical_logs_and_experiments,1,Two-Defect Geometry Methodology,,headings_and_status_scan_not_full_semantic_review
research/generalization/circulant_1s/extension_20260905/CONJECTURES_BEFORE_TESTS.md,current_even_jump,8,"C_N(1,s): conjectures recorded before the new tests | Frozen article | Model and prior local results | C1: exact absolute-minimum classification | C2: rigidity at the absolute minimum | C3: antipodal two-defect extension (deliberately falsifiable) | C4: parity-correct half-cell mechanism | Evidence discipline and stop for this first round",,headings_and_status_scan_not_full_semantic_review
research/generalization/circulant_1s/extension_20260905/EVEN_JUMP_THEOREM_AND_PROOF.md,current_even_jump,9,An antipodal sub-eight phase for every even jump | 1. Main theorem and finite consequence | 2. Chiral reduction and a pair of scalar chains | 3. Exact determinant formula for every even jump | 4. A positive generating function | 5. Threshold determinant is strictly positive | 6. From a positive determinant to a spectral bound | 7. The base case and finite rings | 8. Interpretation and open questions,,headings_and_status_scan_not_full_semantic_review
research/generalization/circulant_1s/extension_20260905/FLAT_MINIMUM_AND_CHIRAL_CRITERION.md,current_even_jump,5,Exact flat minima and the parity-correct chiral criterion | 1. Exact absolute minimum | 2. All equality signings | 3. General half-cell chirality | 4. Literature boundary,,headings_and_status_scan_not_full_semantic_review
research/generalization/circulant_1s/extension_20260905/LITERATURE_BOUNDARY_20260905.md,current_even_jump,4,Bounded literature check for the circulant extension | Queries used | Sources inspected and the claims they support | Current novelty disposition,,headings_and_status_scan_not_full_semantic_review
research/generalization/circulant_1s/extension_20260905/POLYNOMIAL_GAP_BOUND.md,current_even_jump,8,A polynomial spectral gap and an explicit finite comparison threshold | 1. Quantitative theorem | 2. Improving the determinant lower bound | 3. A coefficient comparison | 4. Derivative bound and the inverse trace | 5. An analytic upper bound on the gap | 6. Finite comparison | 7. Remaining sharp question,,headings_and_status_scan_not_full_semantic_review
research/generalization/circulant_1s/extension_20260905/PROOF_AUDIT_AND_SCOPE.md,current_even_jump,6,Proof audit and scope of the new results | Scope check before proof | Most important potential failure and its resolution | Specific checked interfaces | Algebraic cross-checks | What remains unsettled,,headings_and_status_scan_not_full_semantic_review
research/generalization/circulant_1s/extension_20260905/QUANTITATIVE_QUESTIONS.md,current_even_jump,1,Quantitative follow-up questions,,headings_and_status_scan_not_full_semantic_review
research/generalization/circulant_1s/extension_20260905/README_ZH.md,current_even_jump,9,从圈平方图推广到一般偶跳长：第一轮结果 | 版本与研究问题 | 一、真正升级主定理的结果 | 二、解析证明为什么能够推广 | 三、另外两个一般结论 | 绝对最小值及等号类 | 随跳长奇偶变化的半胞判据 | 四、猜想和证据状态 | 五、主定理应怎样升级,,headings_and_status_scan_not_full_semantic_review
research/generalization/circulant_1s/extension_20260905/REPOSITORY_STATUS_20260905.md,current_even_jump,12,仓库现状与交接基线（2026-09-05） | 1. 两条当前主线 | 2. 冻结文章的数学内容 | 3. 本轮发现：冻结稿结尾存在已可判定的错误问题 | 4. 推广主线的当前结果 | A. 每个偶跳长都有显式 sub-eight 相 | B. 谱隙与有限环的定量改进 | C. 绝对下界及等号类 | D. 一般跳长的半胞判据 | 5. 证据与尚未证明的部分 | 6. 网页端 GPT 的文件阅读顺序 | 7. 建议网页端如何思考、接着做什么,,headings_and_status_scan_not_full_semantic_review
research/generalization/circulant_1s/task60/BASELINE.md,general_jump_historical_foundation,1,Task 60 Baseline,,headings_and_status_scan_not_full_semantic_review
research/generalization/circulant_1s/task60/TASK60_01_HOSTILE_AUDIT.md,general_jump_historical_foundation,4,Task 60.0-60.1 Hostile Audit | Attacks and resolutions | Independent verification | Surviving claims,"10:| Distinct `A^2` displacements were assumed for all `s,N` | REPAIRED: complete collision table and aggregation law added |",headings_and_status_scan_not_full_semantic_review
research/generalization/circulant_1s/task60/TASK60_EXCEPTIONAL_COLLISIONS.md,general_jump_historical_foundation,3,Task 60 Exceptional Displacement Collisions | Generic fixed-`s` collision | Complete modular collision list,,headings_and_status_scan_not_full_semantic_review
research/generalization/circulant_1s/task60/TASK60_FORMAL_MODEL.md,general_jump_historical_foundation,6,Task 60 Formal Model | Graph and nondegenerate regime | Explicit cyclic multiplier isomorphisms | Hamilton gauge without seam ambiguity | Four-cycle flux and its limitation | Theorem 60.0A,,headings_and_status_scan_not_full_semantic_review
research/generalization/circulant_1s/task60/TASK60_GENERAL_H2_FORMULA.md,general_jump_historical_foundation,4,Task 60 General Squared-Operator Formula | Universal destructive cancellation | Proof | Verification boundary,,headings_and_status_scan_not_full_semantic_review
research/generalization/circulant_1s/task60/TASK60_GENERAL_TWISTED_CANDIDATE.md,general_jump_historical_foundation,6,Task 60 Generalized Twisted Candidate | Compatibility | Exact squared operator | Theorem 60.1A | Regression to the cycle square | Proof boundary,,headings_and_status_scan_not_full_semantic_review
research/generalization/circulant_1s/task60/TASK60_HANDOFF.md,general_jump_historical_foundation,1,Task 60.0-60.1 Handoff,36:Next authorized task: Task 60.2 only after explicit continuation.,headings_and_status_scan_not_full_semantic_review
research/generalization/circulant_1s/task60/TASK60_TWISTED_ASYMPTOTICS.md,general_jump_historical_foundation,4,Task 60 Twisted Asymptotics | Even `s` | Odd `s` | Proven dichotomy,,headings_and_status_scan_not_full_semantic_review
research/generalization/circulant_1s/task60/TASK60_TWISTED_DISPERSION.md,general_jump_historical_foundation,5,Task 60 Twisted Dispersion | Even chord length | Odd chord length | No uniform odd-`s` holonomy | Collision corollaries,,headings_and_status_scan_not_full_semantic_review
research/generalization/circulant_1s/task60/TASK60_UNIVERSAL_ALGEBRA.md,general_jump_historical_foundation,1,Task 60 Universal-Algebra Audit,,headings_and_status_scan_not_full_semantic_review
research/literature/OPEN_STATUS_AUDIT.md,other_research_records,5,Open Status Audit — Round 1 | 检索协议 | 分类汇总 | 逐项审计 | 结论,,headings_and_status_scan_not_full_semantic_review
research/literature/RAW_CONJECTURE_SURVEY.md,other_research_records,6,Raw Conjecture Survey | 方法与边界 | 原始来源索引 | 50 个明确候选 | 备用候选（未计入 50） | Prompt 2 的优先审计队列,,headings_and_status_scan_not_full_semantic_review
research/literature/TARGET_A_NOVELTY_PRIORITY_AUDIT.md,other_research_records,13,Target A Novelty and Priority Audit | Conclusion | Classification Rule | Claim Matrix | Primary Sources | arXiv:2607.18334 | arXiv:2607.17343 | Author Repository | Broader Search | Synchronization-Gate Addendum: N10 and N11 | Public Project Disclosure | Limitations | Artifact Map,,headings_and_status_scan_not_full_semantic_review
research/literature/TARGET_A_PROVENANCE_TIMELINE.md,other_research_records,7,Target A Provenance Timeline | Independent Public Record | Target A Project Record | Public Visibility Observation | Baseline Source Fingerprints | Synchronization Source Fingerprints | Caution,,headings_and_status_scan_not_full_semantic_review
research/literature/TARGET_A_PUBLIC_CONFLICT_UPDATE.md,other_research_records,5,Target A Public Conflict Update | Direct Source | Direct-Result Queries | Sources Checked | Publication Boundary,,headings_and_status_scan_not_full_semantic_review
research/paper/TARGET_A_CHINESE_LANGUAGE_AUDIT.md,historical_paper_packages,4,Target A 中文语言审计 | 自动扫描 | 人工抽查 | 结论,,headings_and_status_scan_not_full_semantic_review
research/paper/TARGET_A_CHINESE_METADATA.md,historical_paper_packages,4,Target A 中文投稿元数据 | 关键词 | MR(2020) 分类号 | 其它接口,,headings_and_status_scan_not_full_semantic_review
research/paper/TARGET_A_CHINESE_POLISH_PLAN.md,historical_paper_packages,4,Target A 中文数学期刊稿修订计划 | 冻结边界 | 计划替换 | 修订顺序,,headings_and_status_scan_not_full_semantic_review
research/paper/TARGET_A_CHINESE_PUBLICATION_STATUS.md,historical_paper_packages,4,Target A 中文成品稿状态 | 交付边界 | 成品规格 | 自动门禁,,headings_and_status_scan_not_full_semantic_review
research/paper/TARGET_A_CHINESE_PUBLICATION_VISUAL_AUDIT.md,historical_paper_packages,4,Target A 中文成品稿视觉审计 | 审计方法 | 验收项目 | 结论,,headings_and_status_scan_not_full_semantic_review
research/paper/TARGET_A_CHINESE_TERMINOLOGY.md,historical_paper_packages,1,Target A 中文术语表,,headings_and_status_scan_not_full_semantic_review
research/paper/TARGET_A_CLAIM_EVIDENCE_MATRIX.md,historical_paper_packages,1,Target A Claim-Evidence Matrix,,headings_and_status_scan_not_full_semantic_review
research/paper/TARGET_A_CLAIM_INVENTORY.md,historical_paper_packages,7,Target A Claim Inventory | A. Counterexample Results | B. Period-8 Spectral Theorems | C. Structural Mechanism | D. Arbitrary-Period Results | E. Bounded Low-Period Theorem | Deferred Result,,headings_and_status_scan_not_full_semantic_review
research/paper/TARGET_A_FINITE_COMPUTATION_TRUST_MODEL.md,historical_paper_packages,6,Target A Finite Computation Trust Model | Mathematical Verification | Integrity Replay | Coverage Levels | Quotient Boundary | Submission Archive,,headings_and_status_scan_not_full_semantic_review
research/paper/TARGET_A_JOURNAL_VARIANT_NOTES.md,historical_paper_packages,3,Target A Journal Variant Notes | Journal of Graph Theory | SIAM Journal on Discrete Mathematics,,headings_and_status_scan_not_full_semantic_review
research/paper/TARGET_A_LATEX_RECONSTRUCTION_PLAN.md,historical_paper_packages,5,Target A Publication LaTeX Reconstruction Plan | Frozen source | Permitted reconstruction | Prohibited automatic changes | Baseline and gates,,headings_and_status_scan_not_full_semantic_review
research/paper/TARGET_A_MAJOR_REVISION_PLAN.md,historical_paper_packages,2,Target A Major Revision Plan | Final Gates,"21:| R1 | Large-order finite verification lacked independent record-level validation at `n=26,28,30`. | The implementation-language-independent scanner and destructive set audit estab | 23:| R3 | The manuscript did not adequately explain why `C_n(1,2)` is a useful model problem. | Both introductions now motivate the model through cycle coordinates, overlapping short ",headings_and_status_scan_not_full_semantic_review
research/paper/TARGET_A_MANUSCRIPT_ARCHITECTURE.md,historical_paper_packages,15,Target A Manuscript Architecture | 1. Introduction | 2. Signed Circulants and Flux Coordinates | 3. The Smallest Counterexample | 4. Periodic Construction and Floquet Reduction | 5. Exact Period-8 Spectral Edge | 6. The Eight-Barrier and Structural Optimum | 7. General-Period Closed-Walk Obstructions | 8. The Low-Period Spectral Frontier | 9. Computer-Assisted Verification | 10. Discussion and Open Problems | Open Problems | Appendices | Supplement | Submission Preflight,5:Gate: **TARGET_A_MANUSCRIPT_READY**,headings_and_status_scan_not_full_semantic_review
research/paper/TARGET_A_METADATA_SUGGESTIONS.md,historical_paper_packages,3,Target A Metadata Suggestions | Keyword candidates | MSC 2020 classification,,headings_and_status_scan_not_full_semantic_review
research/paper/TARGET_A_NOTATION.md,historical_paper_packages,6,Target A Notation Freeze | Graph and Signing | Flux Coordinates | Periodic Spectrum | Closed-Walk Quantities | Equivalence Boundary,,headings_and_status_scan_not_full_semantic_review
research/paper/TARGET_A_PRE_SUBMISSION_NOVELTY_REFRESH_PLAN.md,historical_paper_packages,1,Target A Pre-Submission Novelty Refresh Plan,,headings_and_status_scan_not_full_semantic_review
research/paper/TARGET_A_PROOF_CLASSIFICATION.md,historical_paper_packages,6,Target A Proof Classification | Pure Analytic Core | Hybrid Analytic and Finite-Symbolic Proofs | Finite Computer-Assisted Boundary | Independent Verification | Trust Boundary,,headings_and_status_scan_not_full_semantic_review
research/paper/TARGET_A_PROOF_COMPRESSION.md,historical_paper_packages,9,Target A Proof Compression | Theorem A: Smallest Counterexample | Theorem B: Infinite Counterexample Family | Theorem C: Exact Period-8 Spectral Edge | Theorem D: Period-8 Flux Classification | Theorem E: General-Period Moment Obstruction | Theorem F: Low-Period Frontier | Reproducibility Placement | Frozen Omissions,,headings_and_status_scan_not_full_semantic_review
research/paper/TARGET_A_PUBLICATION_LATEX_STATUS.md,historical_paper_packages,6,Target A Publication LaTeX Status | Mathematical freeze | Reconstruction gate | Metadata | Builds | Independent review and tests,,headings_and_status_scan_not_full_semantic_review
research/paper/TARGET_A_PUBLICATION_VISUAL_AUDIT.md,historical_paper_packages,3,Target A Publication PDF Visual Audit | Method | Results,,headings_and_status_scan_not_full_semantic_review
research/paper/TARGET_A_RELATED_WORK_MATRIX.md,historical_paper_packages,3,Target A Related-Work Matrix | Novelty Positioning by Result | Search Conclusion,,headings_and_status_scan_not_full_semantic_review
research/paper/TARGET_A_REPRODUCIBILITY_STATEMENT.md,historical_paper_packages,1,Target A Reproducibility Statement,,headings_and_status_scan_not_full_semantic_review
research/paper/TARGET_A_REVIEWER_TWO_PUBLICATION_REVIEW.md,historical_paper_packages,4,Reviewer Two Publication Presentation Review | Scope | Initial findings and disposition | Final counts,,headings_and_status_scan_not_full_semantic_review
research/paper/TARGET_A_THEOREM_DEPENDENCY_GRAPH.md,historical_paper_packages,2,Target A Theorem Dependency Graph | Deletion Audit,,headings_and_status_scan_not_full_semantic_review
research/paper/TARGET_A_VISUAL_AUDIT_MAJOR_REVISION.md,historical_paper_packages,3,Target A Major-Revision Visual Audit | Artifacts Inspected | Checks,,headings_and_status_scan_not_full_semantic_review
research/paper/manuscript_md/00_NARRATIVE_AND_SOURCE_MAP.md,historical_paper_packages,5,Narrative and Source Map | Narrative | Theorem Map | Section Sources | Writing Constraints,,headings_and_status_scan_not_full_semantic_review
research/paper/manuscript_md/01_TITLE_AND_ABSTRACT.md,historical_paper_packages,3,Title and Abstract | Title Candidates | Abstract,,headings_and_status_scan_not_full_semantic_review
research/paper/manuscript_md/02_INTRODUCTION.md,historical_paper_packages,5,1. Introduction | 1.1 Main results | 1.2 Proof strategy | 1.3 Scope and public status | 1.4 Organization,,headings_and_status_scan_not_full_semantic_review
research/paper/manuscript_md/03_PRELIMINARIES.md,historical_paper_packages,7,"2. Signed Circulants and Flux Coordinates | 2.1 Signed adjacency matrices and switching | 2.2 Hamilton gauge, triangle flux, and quadrilateral flux | 2.3 Floquet matrices | 2.4 Operator equivalences | 2.5 Closed-walk moments | 2.6 Distinguished constants",,headings_and_status_scan_not_full_semantic_review
research/paper/manuscript_md/04_SMALLEST_COUNTEREXAMPLE.md,historical_paper_packages,4,3. The Smallest Counterexample | 3.1 The order-32 signing | 3.2 Exhaustive exclusion below 32 | 3.3 Proof of Theorem A,,headings_and_status_scan_not_full_semantic_review
research/paper/manuscript_md/05_PERIODIC_FLOQUET.md,historical_paper_packages,5,4. Periodic Construction and Floquet Reduction | 4.1 The eight-site fiber | 4.2 Exact determinant | 4.3 A uniform rational bound | 4.4 Comparison with the conjectured threshold,,headings_and_status_scan_not_full_semantic_review
research/paper/manuscript_md/06_PERIOD8_SPECTRAL_EDGE.md,historical_paper_packages,5,5. The Exact Period-Eight Spectral Edge | 5.1 The endpoint roots | 5.2 Sharp positivity and uniqueness | 5.3 Monotonicity of the top band | 5.4 Finite holonomies,,headings_and_status_scan_not_full_semantic_review
research/paper/manuscript_md/07_EIGHT_BARRIER.md,historical_paper_packages,8,6. The Eight-Barrier and Structural Optimum | 6.1 Squaring the operator | 6.2 The all-negative baseline | 6.3 The first three moments at period eight | 6.4 Four or more defects | 6.5 Two defects | 6.6 Proof of the trichotomy | 6.7 Chiral structure of the target,,headings_and_status_scan_not_full_semantic_review
research/paper/manuscript_md/08_GENERAL_PERIOD.md,historical_paper_packages,5,7. General-Period Closed-Walk Obstructions | 7.1 From closed walks to flux monomials | 7.2 Exact closed-word collection | 7.3 Necessary conditions at the eight-barrier | 7.4 Relation to the period-eight mechanism,,headings_and_status_scan_not_full_semantic_review
research/paper/manuscript_md/09_LOW_PERIOD_FRONTIER.md,historical_paper_packages,4,8. The Low-Period Spectral Frontier | 8.1 Complete phase space | 8.2 Exact exclusion scheme | 8.3 Completeness accounting,,headings_and_status_scan_not_full_semantic_review
research/paper/manuscript_md/10_COMPUTATIONAL_VERIFICATION.md,historical_paper_packages,6,9. Computer-Assisted Verification | 9.1 Proof classification | 9.2 Exactness of finite decisions | 9.3 Minimality computation | 9.4 Low-period computation | 9.5 Reproducible environment and trust limits,,headings_and_status_scan_not_full_semantic_review
research/paper/manuscript_md/11_DISCUSSION.md,historical_paper_packages,1,10. Discussion and Open Problems,,headings_and_status_scan_not_full_semantic_review
research/paper/manuscript_md/12_APPENDIX_ORBIT_COMPLETENESS.md,historical_paper_packages,5,Appendix A. Quotient and Orbit Completeness | A.1 Switching coordinates | A.2 Burnside count for legal flux words | A.3 Explicit representative-set equality | A.4 Finite minimality coverage,,headings_and_status_scan_not_full_semantic_review
research/paper/manuscript_md/13_APPENDIX_EXACT_CERTIFICATES.md,historical_paper_packages,5,Appendix B. Exact Classification and Residual Certificates | B.1 Period-eight orbit table | B.2 Five low-period residual certificates | B.3 Exact two-defect moment table | B.4 The order-32 positive-definiteness cross-check,,headings_and_status_scan_not_full_semantic_review
research/paper/manuscript_md/14_APPENDIX_COMPUTATION.md,historical_paper_packages,6,Appendix C. Computational Protocol | C.1 Reference environment | C.2 Fast verification | C.3 Slow generator audits | C.4 Regeneration versus integrity replay | C.5 Negative tests,,headings_and_status_scan_not_full_semantic_review
research/paper/manuscript_md/15_REFERENCES.md,historical_paper_packages,1,References,,headings_and_status_scan_not_full_semantic_review
research/paper/manuscript_md/TARGET_A_MANUSCRIPT_GUIDE_CN.md,historical_paper_packages,13,Target A 论文中文阅读指南 | 摘要 | 第 1 节：引言 | 第 2 节：预备知识 | 第 3 节：最小反例 | 第 4 节：周期构造与 Floquet | 第 5 节：精确 period-8 band edge | 第 6 节：Eight-barrier | 第 7 节：一般周期 | 第 8 节：低周期前沿 | 第 9 节：计算辅助验证 | 第 10 节：讨论 | 附录 A-C,,headings_and_status_scan_not_full_semantic_review
research/paper/manuscript_md/TARGET_A_MANUSCRIPT_V1.md,historical_paper_packages,67,"Counterexamples and Flux-Phase Structure for Signed Circulant Graphs | 1. Introduction | 1.1 Main results | 1.2 Proof strategy | 1.3 Scope and public status | 1.4 Organization | 2. Signed Circulants and Flux Coordinates | 2.1 Signed adjacency matrices and switching | 2.2 Hamilton gauge, triangle flux, and quadrilateral flux | 2.3 Floquet matrices | 2.4 Operator equivalences | 2.5 Closed-walk moments | 2.6 Distinguished constants | 3. The Smallest Counterexample | 3.1 The order-32 signing | 3.2 Exhaustive exclusion below 32 | 3.3 Proof of Theorem A | 4. Periodic Construction and Floquet Reduction | 4.1 The eight-site fiber | 4.2 Exact determinant | 4.3 A uniform rational bound | 4.4 Comparison with the conjectured threshold | 5. The Exact Period-Eight Spectral Edge | 5.1 The endpoint roots | 5.2 Sharp positivity and uniqueness | 5.3 Monotonicity of the top band | 5.4 Finite holonomies | 6. The Eight-Barrier and Structural Optimum | 6.1 Squaring the operator | 6.2 The all-negative baseline | 6.3 The first three moments at period eight | 6.4 Four or more defects | 6.5 Two defects | 6.6 Proof of the trichotomy | 6.7 Chiral structure of the target | 7. General-Period Closed-Walk Obstructions | 7.1 From closed walks to flux monomials | 7.2 Exact closed-word collection | 7.3 Necessary conditions at the eight-barrier | 7.4 Relation to the period-eight mechanism | 8. The Low-Period Spectral Frontier | 8.1 Complete phase space | 8.2 Exact exclusion scheme | 8.3 Completeness accounting | 9. Computer-Assisted Verification | 9.1 Proof classification | 9.2 Exactness of finite decisions | 9.3 Minimality computation | 9.4 Low-period computation | 9.5 Reproducible environment and trust limits | 10. Discussion and Open Problems | Appendix A. Quotient and Orbit Completeness | A.1 Switching coordinates | A.2 Burnside count for legal flux words | A.3 Explicit representative-set equality | A.4 Finite minimality coverage | Appendix B. Exact Classification and Residual Certificates | B.1 Period-eight orbit table | B.2 Five low-period residual certificates | B.3 The order-32 positive-definiteness certificate | Appendix C. Computational Protocol | C.1 Reference environment | C.2 Fast verification | C.3 Slow generator audits | C.4 Regeneration versus integrity replay | C.5 Negative tests | References",,headings_and_status_scan_not_full_semantic_review
research/paper/manuscript_md/TARGET_A_MANUSCRIPT_V2.md,historical_paper_packages,68,"Counterexamples and Flux-Phase Structure for Signed Circulant Graphs | 1. Introduction | 1.1 Main results | 1.2 Proof strategy | 1.3 Scope and public status | 1.4 Organization | 2. Signed Circulants and Flux Coordinates | 2.1 Signed adjacency matrices and switching | 2.2 Hamilton gauge, triangle flux, and quadrilateral flux | 2.3 Floquet matrices | 2.4 Operator equivalences | 2.5 Closed-walk moments | 2.6 Distinguished constants | 3. The Smallest Counterexample | 3.1 The order-32 signing | 3.2 Exhaustive exclusion below 32 | 3.3 Proof of Theorem A | 4. Periodic Construction and Floquet Reduction | 4.1 The eight-site fiber | 4.2 Exact determinant | 4.3 A uniform rational bound | 4.4 Comparison with the conjectured threshold | 5. The Exact Period-Eight Spectral Edge | 5.1 The endpoint roots | 5.2 Sharp positivity and uniqueness | 5.3 Monotonicity of the top band | 5.4 Finite holonomies | 6. The Eight-Barrier and Structural Optimum | 6.1 Squaring the operator | 6.2 The all-negative baseline | 6.3 The first three moments at period eight | 6.4 Four or more defects | 6.5 Two defects | 6.6 Proof of the trichotomy | 6.7 Chiral structure of the target | 7. General-Period Closed-Walk Obstructions | 7.1 From closed walks to flux monomials | 7.2 Exact closed-word collection | 7.3 Necessary conditions at the eight-barrier | 7.4 Relation to the period-eight mechanism | 8. The Low-Period Spectral Frontier | 8.1 Complete phase space | 8.2 Exact exclusion scheme | 8.3 Completeness accounting | 9. Computer-Assisted Verification | 9.1 Proof classification | 9.2 Exactness of finite decisions | 9.3 Minimality computation | 9.4 Low-period computation | 9.5 Reproducible environment and trust limits | 10. Discussion and Open Problems | Appendix A. Quotient and Orbit Completeness | A.1 Switching coordinates | A.2 Burnside count for legal flux words | A.3 Explicit representative-set equality | A.4 Finite minimality coverage | Appendix B. Exact Classification and Residual Certificates | B.1 Period-eight orbit table | B.2 Five low-period residual certificates | B.3 Exact two-defect moment table | B.4 The order-32 positive-definiteness cross-check | Appendix C. Computational Protocol | C.1 Reference environment | C.2 Fast verification | C.3 Slow generator audits | C.4 Regeneration versus integrity replay | C.5 Negative tests | References",,headings_and_status_scan_not_full_semantic_review
research/paper/manuscript_period8_rebuild/CURRENT_STATUS_AND_CONSTRUCTION_REQUIREMENTS.md,historical_paper_packages,10,Period-eight article: current-status and construction control | 1. Source hierarchy for this article | 2. What is currently established | 2.1 Main analytic conclusion | 2.2 Analytic package | 2.3 Formal verification status | 3. Material that is not current for this article | 4. Required construction inputs before drafting a submission manuscript | 5. Construction rules after article work begins | 6. Immediate next work,,headings_and_status_scan_not_full_semantic_review
research/paper/manuscript_period8_rebuild/JGT_DETAILED_WRITING_PLAN.md,historical_paper_packages,48,"Detailed JGT writing plan: the period-eight analytic counterexample paper | Editorial target | Front matter | Title candidates | Abstract (180--220 words) | Keywords | 1. Introduction and main theorem (850--1,000 words) | 1.1 The fixed-graph signing problem | 1.2 The twisted candidate and the conjecture | 1.3 Main theorem and consequence | 1.4 Proof mechanism and article map | 2. Gauge coordinates and finite Bloch decomposition (950--1,100 words) | 2.1 Switching and Hamilton gauge | 2.2 Finite cells and allowed phases | 2.3 The selected period-eight phase | 3. The chiral period-eight fiber (1,350--1,550 words) | 3.1 The eight-site fiber | 3.2 Chiral involution | 3.3 The off-diagonal reduction | 3.4 The two-by-two determinant | 3.5 Exact fiber edge | 4. Uniform polynomial certificate (800--950 words) | 4.1 Monotonicity in the phase parameter | 4.2 The positive expansion | 4.3 Finite-fiber corollary | 5. The infinite counterexample family (900--1,050 words) | 5.1 The twisted shifted-grid calculation | 5.2 The finite benchmark formula | 5.3 Strict comparison and proof of Theorem 1.1 | 5.4 Supplementary formal verification | 6. Why period eight is distinguished (850--1,000 words) | 6.1 The local square identity | 6.2 The period-eight trichotomy | 6.3 The three finite recurrence cases | 7. General periodic defect obstruction (650--800 words) | 7.1 Phase-averaged moments | 7.2 Consequences below the eight barrier | 7.3 Relation to the period-eight phase | 8. Conclusion and scope (250--350 words) | 8.1 What is proved | 8.2 What remains open | Figures and tables | Figure 1. The eight-site quotient cell (recommended) | Figure 2. Chiral pairing schematic (optional; include only if Figure 1 | Table 1. Exact recurrence excesses (required if Section 6 is retained) | No numerical spectral plots | Evidence and source map | Draft quality gates",,headings_and_status_scan_not_full_semantic_review
research/paper/manuscript_period8_rebuild/PAPER_CONFIGURATION_RECORD.md,historical_paper_packages,2,Paper Configuration Record | Compact article architecture,,headings_and_status_scan_not_full_semantic_review
research/paper/manuscript_period8_rebuild/REFERENCE_WORKLIST.md,historical_paper_packages,5,"JGT-first reference worklist | Verified, minimum-use items | JGT preparation facts verified on 2026-09-04 | Still required before inserting references into the manuscript | Sources checked",,headings_and_status_scan_not_full_semantic_review
research/paper/manuscript_period8_rebuild/manuscript_en.md,historical_paper_packages,10,A period-eight analytic counterexample family for signed spectral-radius minimization | 1. Introduction and main theorem | 2. Gauge coordinates and finite Bloch decomposition | 3. The chiral period-eight fiber | 4. Uniform polynomial certificate | 5. Infinite counterexample family | 6. Why period eight is distinguished | 7. General periodic defect obstruction | 8. Conclusion and scope | Supplementary verification statement,,headings_and_status_scan_not_full_semantic_review
research/paper/manuscript_period8_rebuild/manuscript_zh.md,historical_paper_packages,10,周期八解析反例族：带符号谱半径极小化 | 1. 引言与主定理 | 2. 规范坐标与有限 Bloch 分解 | 3. 手性周期八 fiber | 4. 一致多项式证书 | 5. 无穷反例族 | 6. 为什么周期八特殊 | 7. 一般周期 defect 障碍 | 8. 结论与范围 | Lean 说明,,headings_and_status_scan_not_full_semantic_review
research/paper/manuscript_period8_rebuild/sections_2_to_5_draft.md,historical_paper_packages,6,Draft text for Sections 2--5 | 2. Gauge coordinates and finite Bloch decomposition | 3. The chiral period-eight fiber | 4. Uniform polynomial certificate | 5. Infinite counterexample family | Formal-verification note,,headings_and_status_scan_not_full_semantic_review
research/paper/manuscript_period8_rebuild/sections_6_to_7_draft.md,historical_paper_packages,3,Draft text for Sections 6--7 | 6. Why period eight is distinguished | 7. General periodic defect obstruction,,headings_and_status_scan_not_full_semantic_review
research/paper/manuscript_period8_rebuild/theorem_dependency_map.md,historical_paper_packages,6,Period-eight manuscript dependency map | Main theorem | Human-readable chain | Lean coverage | Excluded from the manuscript kernel | Structural sections outside the Lean kernel,,headings_and_status_scan_not_full_semantic_review
research/paper/manuscript_tex_pub/README.md,historical_paper_packages,1,Target A publication LaTeX,,headings_and_status_scan_not_full_semantic_review
research/paper/manuscript_tex_pub_zh/README.md,historical_paper_packages,1,Target A 中文数学期刊通用投稿母版,,headings_and_status_scan_not_full_semantic_review
research/paper/manuscript_tex_task58/README.md,historical_paper_packages,1,Task 58 manuscript,,headings_and_status_scan_not_full_semantic_review
research/paper/manuscript_tex_task58_supplement/README.md,historical_paper_packages,3,Task 58 supplementary material | Contents | Build,,headings_and_status_scan_not_full_semantic_review
research/paper/manuscript_tex_task59/README.md,historical_paper_packages,1,Task 59 submission revision,,headings_and_status_scan_not_full_semantic_review
research/paper/manuscript_tex_task59_supplement/README.md,historical_paper_packages,3,Task 59 supplementary material | Contents | Build,,headings_and_status_scan_not_full_semantic_review
research/paper/proof_completion/00_registry/COMPUTER_ASSISTED_BOUNDARY.md,historical_paper_packages,7,Canonical Registry Computer-Assisted Boundary | What The Registry Itself Uses | Required Four-Part Boundary | Essential Finite Families | Floating-Point Boundary | Non-Promoted Computations | Rank-Two Safety,,headings_and_status_scan_not_full_semantic_review
research/paper/proof_completion/00_registry/DEPENDENCIES.md,historical_paper_packages,8,Canonical Registry Dependencies | Normative Files | Mathematical Source Families | Finite order classification | Reference phase and charge | G6 and separated interfaces | Single gaps and supporting structure | Baseline And Freeze,,headings_and_status_scan_not_full_semantic_review
research/paper/proof_completion/00_registry/FULL_PROOF.md,historical_paper_packages,8,Full Proof Of Registry Validity | 1. Stable And Disjoint Namespace | 2. Evidence Assignment | 3. Mathematical Closure | 4. Exhaustiveness Of The Main Classification Node | 5. Rank-Two Consistency | 6. Quantifier Safety | 7. Editorial Closure,,headings_and_status_scan_not_full_semantic_review
research/paper/proof_completion/00_registry/PROOF_OVERVIEW.md,historical_paper_packages,9,Canonical Registry Proof Overview | Purpose | Construction | Mathematical reduction | Finite exact objects | Machine verification | Consequence | Critical Corrections Preserved | Boundary,,headings_and_status_scan_not_full_semantic_review
research/paper/proof_completion/00_registry/REFEREE_CHECKLIST.md,historical_paper_packages,8,Canonical Registry Referee Checklist | Statements And Scope | Rank And Multiplicity | Mathematical Dependencies | Computer-Assisted Proofs | Editorial Placement | Canonical Files | Verdict,,headings_and_status_scan_not_full_semantic_review
research/paper/proof_completion/00_registry/THEOREM_STATEMENT.md,historical_paper_packages,3,Canonical Registry Statement | Registry Contract | Scope,3:Status: `CANONICAL_CURRENT`.,headings_and_status_scan_not_full_semantic_review
research/paper/proof_completion/01_even_order_classification/CANDIDATE_ATTAINMENT_LEMMA.md,historical_paper_packages,3,Candidate Attainment Lemma | Proof | Role in the classification,,headings_and_status_scan_not_full_semantic_review
research/paper/proof_completion/01_even_order_classification/COMPUTER_ASSISTED_BOUNDARY.md,historical_paper_packages,10,"Computer-Assisted Boundary | Formal pattern | Boundary by region | Even orders 8 through 30 | Order 32 | Orders 34, 36, 38, 42, 44, 46 | Order 40 | Even orders 48 through 238 | Even orders at least 240 | Independent entry points",,headings_and_status_scan_not_full_semantic_review
research/paper/proof_completion/01_even_order_classification/DEPENDENCIES.md,historical_paper_packages,5,Dependencies | Mathematical dependency graph | Logical inputs | Provenance appendix | Artifact hashes,,headings_and_status_scan_not_full_semantic_review
research/paper/proof_completion/01_even_order_classification/FULL_PROOF.md,historical_paper_packages,9,Full Proof | 1. Certificate principles | 2. The distinguished candidate attains the threshold | 3. Even orders from 8 through 30 | 4. Order 32 | 5. Orders 34 through 46 | 6. Finite bridge from 48 to 238 | 7. Analytic tail | 8. Exhaustion,,headings_and_status_scan_not_full_semantic_review
research/paper/proof_completion/01_even_order_classification/PROOF_OVERVIEW.md,historical_paper_packages,4,Proof Overview | Six proof regions | Repeated rational threshold bound | Human and machine roles,,headings_and_status_scan_not_full_semantic_review
research/paper/proof_completion/01_even_order_classification/REFEREE_CHECKLIST.md,historical_paper_packages,5,Referee Checklist | Statement and exhaustion | Exactness | Small finite-state interval | Reproducibility and scope,,headings_and_status_scan_not_full_semantic_review
research/paper/proof_completion/01_even_order_classification/THEOREM_STATEMENT.md,historical_paper_packages,4,Complete Truth Classification at Even Order | Setting | Main theorem | Exhaustive partition,,headings_and_status_scan_not_full_semantic_review
research/paper/proof_completion/02_small_order_34_46/COMPUTER_ASSISTED_BOUNDARY.md,historical_paper_packages,8,Computer-Assisted Boundary | Finite proposition verified | Local finite object | Global finite object | Human completeness boundary | Order-40 boundary | Fail-closed behavior | Reproduction,,headings_and_status_scan_not_full_semantic_review
research/paper/proof_completion/02_small_order_34_46/DEPENDENCIES.md,historical_paper_packages,5,Dependencies | Mathematical dependency graph | Mathematical inputs | Provenance appendix | Record-count correction,,headings_and_status_scan_not_full_semantic_review
research/paper/proof_completion/02_small_order_34_46/FULL_PROOF.md,historical_paper_packages,7,Full Proof | 1. Switching normal form | 2. Local compression and exclusion | 3. Exact threshold selection | 4. Parity-lifted de Bruijn completeness | 5. Terminal records | 6. Separate order-40 counterexample,,headings_and_status_scan_not_full_semantic_review
research/paper/proof_completion/02_small_order_34_46/PROOF_OVERVIEW.md,historical_paper_packages,6,Proof Overview | Normal form | Local exclusion | Global closure | Exact outcome | Order 40,,headings_and_status_scan_not_full_semantic_review
research/paper/proof_completion/02_small_order_34_46/REFEREE_CHECKLIST.md,historical_paper_packages,7,Referee Checklist | Normal form | Local lemma | Finite-state completeness | Terminals | Order 40 | Boundary and scope,,headings_and_status_scan_not_full_semantic_review
research/paper/proof_completion/02_small_order_34_46/THEOREM_STATEMENT.md,historical_paper_packages,5,Exact Classification from Order 34 through Order 46 | Setting | Interval theorem | Finite-state theorem behind part 1 | Correct terminal total,,headings_and_status_scan_not_full_semantic_review
research/paper/proof_completion/03_reference_phase/COMPUTER_ASSISTED_BOUNDARY.md,historical_paper_packages,5,Computer-Assisted Boundary | Logical status | Optional verification | Exact finite object | What is not claimed,,headings_and_status_scan_not_full_semantic_review
research/paper/proof_completion/03_reference_phase/DEPENDENCIES.md,historical_paper_packages,5,Dependencies | Mathematical dependency graph | Imported facts | Exact provenance | Downstream use,,headings_and_status_scan_not_full_semantic_review
research/paper/proof_completion/03_reference_phase/FULL_PROOF.md,historical_paper_packages,7,Full Proof | 1. The canonical fiber | 2. Exact characteristic equation | 3. The endpoint value | 4. Global maximality and uniqueness | 5. Finite rings | 6. Gap-four identification,,headings_and_status_scan_not_full_semantic_review
research/paper/proof_completion/03_reference_phase/PROOF_OVERVIEW.md,historical_paper_packages,7,Proof Overview | 1. Fix one Floquet convention | 2. Reduce the determinant | 3. Prove the sharp edge | 4. Interpret the reference gap | Evidence pattern | Publication placement,,headings_and_status_scan_not_full_semantic_review
research/paper/proof_completion/03_reference_phase/REFEREE_CHECKLIST.md,historical_paper_packages,2,Referee Checklist | Referee recomputation,,headings_and_status_scan_not_full_semantic_review
research/paper/proof_completion/03_reference_phase/THEOREM_STATEMENT.md,historical_paper_packages,5,The Period-Eight Reference Phase | Canonical convention | Theorem | Structural proposition | Graph-theoretic meaning,,headings_and_status_scan_not_full_semantic_review
research/paper/proof_completion/04_charge_sector/COMPUTER_ASSISTED_BOUNDARY.md,historical_paper_packages,4,Computer-Assisted Boundary | Logical status | Finite exact object | Scope boundary,,headings_and_status_scan_not_full_semantic_review
research/paper/proof_completion/04_charge_sector/DEPENDENCIES.md,historical_paper_packages,5,Dependencies | Mathematical dependency graph | Upstream mathematical input | Exact provenance | Downstream use,,headings_and_status_scan_not_full_semantic_review
research/paper/proof_completion/04_charge_sector/FULL_PROOF.md,historical_paper_packages,6,Full Proof | 1. Flux lifts | 2. Gap and charge identities | 3. The four reference sectors | 4. One oriented gap | 5. Composition,,headings_and_status_scan_not_full_semantic_review
research/paper/proof_completion/04_charge_sector/PROOF_OVERVIEW.md,historical_paper_packages,7,Proof Overview | 1. Gaps partition the cycle | 2. Periodicity imposes parity | 3. Endpoints determine the sector | 4. Concatenation is addition | Important distinction | Publication placement,,headings_and_status_scan_not_full_semantic_review
research/paper/proof_completion/04_charge_sector/REFEREE_CHECKLIST.md,historical_paper_packages,2,Referee Checklist | Referee recomputation,,headings_and_status_scan_not_full_semantic_review
research/paper/proof_completion/04_charge_sector/THEOREM_STATEMENT.md,historical_paper_packages,4,"Gap, Charge, and Translation Sectors | Definitions | Theorem | Consequence for G6 slips",,headings_and_status_scan_not_full_semantic_review
research/paper/proof_completion/05_g6_edge/COMPUTER_ASSISTED_BOUNDARY.md,historical_paper_packages,6,Computer-Assisted Boundary | Human mathematics before computation | Exact finite objects verified by machine | Producer and independent verification | Why the verification proves the theorem | Boundary and nonclaims,,headings_and_status_scan_not_full_semantic_review
research/paper/proof_completion/05_g6_edge/DEPENDENCIES.md,historical_paper_packages,5,Dependencies | Mathematical dependency graph | Essential upstream theorems | Exact provenance | Downstream use,,headings_and_status_scan_not_full_semantic_review
research/paper/proof_completion/05_g6_edge/ESSENTIAL_SPECTRUM_LEMMA.md,historical_paper_packages,8,"Essential Spectrum and Tail Matching for the G6 Interface | Lemma | Proof | 1. Boundedness, self-adjointness, and finite range | 2. Decoupling the two periodic tails | 3. A periodic half-line has the whole-line essential spectrum | 4. Discreteness above the bulk edge | 5. Exponential tails and the matching condition",,headings_and_status_scan_not_full_semantic_review
research/paper/proof_completion/05_g6_edge/FULL_PROOF.md,historical_paper_packages,6,Full Proof | 1. Bulk hyperbolicity and the essential spectrum | 2. Coordinate-free physical matching | 3. Realization and algebraic identification of `c6` | 4. Complete exclusion above `c6` | 5. Rank-two symmetry and the negative branch,,headings_and_status_scan_not_full_semantic_review
research/paper/proof_completion/05_g6_edge/PROOF_OVERVIEW.md,historical_paper_packages,8,Proof Overview | Lemma A: bulk hyperbolicity | Lemma B: physical matching | Lemma C: complete candidate exclusion | Lemma D: physical realization | Rank two and the negative branch | Proof architecture | Publication placement,,headings_and_status_scan_not_full_semantic_review
research/paper/proof_completion/05_g6_edge/REFEREE_CHECKLIST.md,historical_paper_packages,2,Referee Checklist | Referee focus points,,headings_and_status_scan_not_full_semantic_review
research/paper/proof_completion/05_g6_edge/THEOREM_STATEMENT.md,historical_paper_packages,4,The Elementary G6 Spectral Edge | Operator and algebraic constant | Theorem | Symmetry statement,,headings_and_status_scan_not_full_semantic_review
research/paper/proof_completion/06_single_gap/COMPUTER_ASSISTED_BOUNDARY.md,historical_paper_packages,6,Computer-Assisted Boundary | Analytic part | Inherited computer-assisted input | Exact verification of the corollary | Mathematical consequence | Nonclaims,,headings_and_status_scan_not_full_semantic_review
research/paper/proof_completion/06_single_gap/DEPENDENCIES.md,historical_paper_packages,5,Dependencies | Mathematical dependency graph | Essential inputs | Exact provenance | Downstream use,,headings_and_status_scan_not_full_semantic_review
research/paper/proof_completion/06_single_gap/FULL_PROOF.md,historical_paper_packages,11,"Full Proof | 1. Symmetry reductions | 2. Exact witnesses for the six small gaps | Gap 1 | Gap 2 | Gap 3 | Gap 5 | Gap 7 | Gap 8 | 3. One fixed witness for every `g>=9` | 4. Equality, exclusion of gap four, and completion",,headings_and_status_scan_not_full_semantic_review
research/paper/proof_completion/06_single_gap/PROOF_OVERVIEW.md,historical_paper_packages,8,Proof Overview | 1. Remove lift and orientation choices | 2. Convert a vector into an exact spectral lower bound | 3. Close the six small gaps | 4. Close every large gap with one vector | 5. Insert the equality case | Proof architecture | Publication placement,,headings_and_status_scan_not_full_semantic_review
research/paper/proof_completion/06_single_gap/REFEREE_CHECKLIST.md,historical_paper_packages,2,Referee Checklist | Referee recomputation,,headings_and_status_scan_not_full_semantic_review
research/paper/proof_completion/06_single_gap/THEOREM_STATEMENT.md,historical_paper_packages,5,Complete Abnormal Single-Gap Theorem | Canonical single-gap operator | Theorem | Exact comparison threshold | Scope,,headings_and_status_scan_not_full_semantic_review
research/paper/proof_completion/07_exact_2r/COMPUTER_ASSISTED_BOUNDARY.md,historical_paper_packages,6,Computer-Assisted Boundary | Certified inputs | Analytic part after the inputs | Independent checker | Why the verification implies exact counting | Boundary and nonclaims,,headings_and_status_scan_not_full_semantic_review
research/paper/proof_completion/07_exact_2r/DEPENDENCIES.md,historical_paper_packages,5,Dependencies | Mathematical dependency graph | Exact provenance | Historical correction ledger | Downstream use,,headings_and_status_scan_not_full_semantic_review
research/paper/proof_completion/07_exact_2r/FULL_PROOF.md,historical_paper_packages,7,Full Proof | 1. Certified one-interface inputs | 2. Cutoffs and tail bounds | 3. Residual and lower count | 4. Codimension-`2r` complement and upper count | 5. The `2r`-dimensional Feshbach equation | 6. Exact scope and historical correction,,headings_and_status_scan_not_full_semantic_review
research/paper/proof_completion/07_exact_2r/PATCH_IDENTIFICATION_LEMMA.md,historical_paper_packages,6,Patch Identification Lemma | 1. Finite-ring data and canonical line models | 2. The cutoff partition and its patches | 3. Quantitative separation and the holonomy seam | 4. Patch Identification Lemma | 5. Transported modes and the complement identity,,headings_and_status_scan_not_full_semantic_review
research/paper/proof_completion/07_exact_2r/PROOF_OVERVIEW.md,historical_paper_packages,8,Proof Overview | 1. Two local modes per interface | 2. Truncate and control the Gram matrix | 3. Obtain at least `2r` eigenvalues | 4. Obtain at most `2r` eigenvalues | 5. Refine with the `2r` Feshbach operator | Proof architecture | Publication placement,,headings_and_status_scan_not_full_semantic_review
research/paper/proof_completion/07_exact_2r/REFEREE_CHECKLIST.md,historical_paper_packages,2,Referee Checklist | Referee recomputation,,headings_and_status_scan_not_full_semantic_review
research/paper/proof_completion/07_exact_2r/THEOREM_STATEMENT.md,historical_paper_packages,5,Exact `2r` Cluster for Separated G6 Interfaces | Hypotheses | Exact-count theorem | Feshbach theorem | Historical correction,,headings_and_status_scan_not_full_semantic_review
research/paper/proof_completion/08_residue_ims/COMPUTER_ASSISTED_BOUNDARY.md,historical_paper_packages,4,Computer-Assisted Boundary: Residue and IMS Package | Logical boundary | Upstream machine-assisted inputs | Arithmetic audits,,headings_and_status_scan_not_full_semantic_review
research/paper/proof_completion/08_residue_ims/DEPENDENCIES.md,historical_paper_packages,4,Dependencies: Residue-Class Upper Theorem | Mathematical DAG | Required upstream theorems | Provenance map,,headings_and_status_scan_not_full_semantic_review
research/paper/proof_completion/08_residue_ims/FULL_PROOF.md,historical_paper_packages,10,"Full Proof: IMS, Patch Classification, and Residue Upper Bounds | 1. Exact discrete IMS identity | 2. Cyclic tent partition and exact error | 3. Local patch classification | 4. Fixed-interface spectral cap | 5. Legality of the residue constructions | Residue two | Residue four | Residue six | 6. Limsup conclusion",,headings_and_status_scan_not_full_semantic_review
research/paper/proof_completion/08_residue_ims/PROOF_OVERVIEW.md,historical_paper_packages,5,Proof Overview: IMS and Residue Classes | Mathematical reduction | Finite exact object | Machine verification | Mathematical consequence,,headings_and_status_scan_not_full_semantic_review
research/paper/proof_completion/08_residue_ims/REFEREE_CHECKLIST.md,historical_paper_packages,6,Referee Checklist: Residue and IMS Package | Statement and scope | IMS proof | Patch completeness | Residue legality | Computer boundary,,headings_and_status_scan_not_full_semantic_review
research/paper/proof_completion/08_residue_ims/THEOREM_STATEMENT.md,historical_paper_packages,6,Residue-Class Upper Theorem | Setting | Theorem A: exact IMS cap | Theorem B: explicit exponential refinement | Theorem C: residue-class constructions | Scope,,headings_and_status_scan_not_full_semantic_review
research/paper/proof_completion/09_moments_periodic/COMPUTER_ASSISTED_BOUNDARY.md,historical_paper_packages,6,Computer-Assisted Boundary: Moments and Periodic Frontier | General moment theorem | Bounded frontier theorem | Finiteness | Independence mechanism | Excluded evidence,,headings_and_status_scan_not_full_semantic_review
research/paper/proof_completion/09_moments_periodic/DEPENDENCIES.md,historical_paper_packages,4,Dependencies: Moments and Periodic Frontier | Mathematical DAG | Elementary dependencies | Provenance map,,headings_and_status_scan_not_full_semantic_review
research/paper/proof_completion/09_moments_periodic/FULL_PROOF.md,historical_paper_packages,7,Full Proof: General Moments and the Period-24 Frontier | 1. The local operator and closed walks | 2. Exact moment identities | 3. The eight-barrier implication | 4. Exact finite phase space through period 24 | 5. Why no case is lost | 6. Material retained or omitted,,headings_and_status_scan_not_full_semantic_review
research/paper/proof_completion/09_moments_periodic/PROOF_OVERVIEW.md,historical_paper_packages,5,Proof Overview: Moments and Bounded Periodic Phases | Part I: human moment reduction | Part II: finite exact frontier | Why the domain is finite | Paper placement,,headings_and_status_scan_not_full_semantic_review
research/paper/proof_completion/09_moments_periodic/REFEREE_CHECKLIST.md,historical_paper_packages,6,Referee Checklist: Moments and Periodic Frontier | Definitions | Human proof | Finite completeness | Scope and editorial role | Independence disclosure,,headings_and_status_scan_not_full_semantic_review
research/paper/proof_completion/09_moments_periodic/THEOREM_STATEMENT.md,historical_paper_packages,5,General Moments and the Bounded Periodic Frontier | Periodic setup | Theorem A: first three general moments | Theorem B: bounded periodic frontier | Exact scope,,headings_and_status_scan_not_full_semantic_review
research/paper/proof_completion/10_computer_assisted/COMPUTER_ASSISTED_BOUNDARY.md,historical_paper_packages,11,Final Computer-Assisted Proof Boundary | Governing rule | Types of machine assistance | Logical endpoint policy | Main theorem families | Complete even-order truth classification | Elementary G6 edge | Separated G6 cluster | Abnormal single gaps | Bounded periodic frontier | Evidence labels,,headings_and_status_scan_not_full_semantic_review
research/paper/proof_completion/10_computer_assisted/FINITE_OBJECTS_AND_INDEPENDENCE.md,historical_paper_packages,5,"Finite Objects, Coverage, and Checker Independence | Coverage questions | Coverage map | Independence is not binary | Hashes",,headings_and_status_scan_not_full_semantic_review
research/paper/proof_completion/10_computer_assisted/MINIMAL_REPRODUCTION.md,historical_paper_packages,7,Minimal Referee Reproduction | Runtime | Unified proof-package command | One command group per certificate family | Focused fail-closed tests | Full research regression | Period-24 independence note,,headings_and_status_scan_not_full_semantic_review
research/paper/proof_completion/10_computer_assisted/REFEREE_CHECKLIST.md,historical_paper_packages,1,Referee Checklist: Computer-Assisted Proofs,,headings_and_status_scan_not_full_semantic_review
research/paper/proof_completion/11_stale_claim_audit/OCCURRENCE_CLASSIFICATION.md,historical_paper_packages,4,Occurrence Classification and Import Policy | Canonical rule | Import policy | Current proof-package status,,headings_and_status_scan_not_full_semantic_review
research/paper/proof_completion/11_stale_claim_audit/REFEREE_CHECKLIST.md,historical_paper_packages,1,Referee Checklist: Rank-Doubling Audit,,headings_and_status_scan_not_full_semantic_review
research/paper/proof_completion/11_stale_claim_audit/SCAN_METHOD.md,historical_paper_packages,6,Stale Rank-Claim Scan Method | Frozen scan base | Concepts | Classification rule | Result | Import classification,,headings_and_status_scan_not_full_semantic_review
research/paper/proof_completion/12_referee_review/COMPUTER_ASSISTED_REVIEW.md,historical_paper_packages,7,Hostile Computer-Assisted Proof Review | Verdict | Orders 34--46 | Finite counterexample bridge | Periodic frontier | Uniform single-gap corollary | Reproducibility finding,,headings_and_status_scan_not_full_semantic_review
research/paper/proof_completion/12_referee_review/EDITORIAL_REVIEW.md,historical_paper_packages,6,Hostile Journal-Editor Review | Verdict | Recommended hierarchy | Main-text economy | Appendices | Manuscript-import requirements,,headings_and_status_scan_not_full_semantic_review
research/paper/proof_completion/12_referee_review/FORMAL_MANUSCRIPT_FREEZE.md,historical_paper_packages,4,Formal Manuscript Freeze Record | Reference checkpoint | Frozen trees | Git policy,,headings_and_status_scan_not_full_semantic_review
research/paper/proof_completion/12_referee_review/GRAPH_THEORY_REVIEW.md,historical_paper_packages,5,Hostile Graph-Theory Review | Verdict | Strengths | Required presentation discipline | Resolved adverse finding,,headings_and_status_scan_not_full_semantic_review
research/paper/proof_completion/12_referee_review/OPERATOR_REVIEW.md,historical_paper_packages,6,Hostile Operator-Theory Review | Verdict | IMS | Exact-2r | Residue theorem | Scope warning,,headings_and_status_scan_not_full_semantic_review
research/paper/proof_completion/12_referee_review/SPECTRAL_REVIEW.md,historical_paper_packages,6,Hostile Spectral-Theory Review | Verdict | G6 global edge | Rank and multiplicity | Single gaps | Resolved presentation check,,headings_and_status_scan_not_full_semantic_review
research/paper/proof_completion/12_referee_review/TASK575_HOSTILE_REVIEW.md,historical_paper_packages,7,Task 57.5 Independent Hostile Proof-Connection Review | Verdict | Theorem 1.1: Complete Even-Order Classification | Theorem 1.4: Elementary G6 Phase Slip | Theorem 1.6: Separated Phase Slips | Canonical And Import Safety | Evidence Boundary,,headings_and_status_scan_not_full_semantic_review
research/paper/proof_completion/12_referee_review/TWELVE_QUESTION_AUDIT.md,historical_paper_packages,14,"Required Twelve-Question Hostile Audit | 1. Is the complete even-order classification logically self-contained? | 2. Does the proof for orders 34--46 establish exhaustive coverage? | 3. Is any theorem using floating point at a logical endpoint? | 4. Is `c6` defined mathematically before its decimal approximation? | 5. Does the G6 proof exclude all physical candidates, not only resultant roots? | 6. Has every stale rank-r statement been removed from current proof packages? | 7. Does the single-gap theorem cover every `g>=1` except reference gap four? | 8. Is the uniform single-gap delta exact? | 9. Does the residue theorem claim only limsup? | 10. Is `p<=24` clearly bounded? | 11. Are computer-assisted claims reproducible without undocumented research state? | 12. Are exploratory results accidentally presented as paper theorems? | Overall hostile verdict",,headings_and_status_scan_not_full_semantic_review
research/paper/proof_completion/BASELINE.md,historical_paper_packages,3,Target A Task 57 Baseline | Repository | Frozen Manuscripts,,headings_and_status_scan_not_full_semantic_review
research/paper/proof_completion/README.md,historical_paper_packages,5,Target A Canonical Proof-Completion Package | Reading Order | Logical Convention | Import Rule | Evidence Rule,,headings_and_status_scan_not_full_semantic_review
research/paper/proof_completion/TARGET_A_FINAL_CLAIM_EVIDENCE_MATRIX_V2.md,historical_paper_packages,4,Target A Final Claim-Evidence Matrix V2 | Main And Supporting Mathematical Claims | Explicit Finite Lemmas | Non-Promoted Evidence And Prohibited Inferences,3:Status: `CANONICAL_CURRENT`.,headings_and_status_scan_not_full_semantic_review
research/paper/proof_completion/TARGET_A_FINAL_CLAIM_INVENTORY_V2.md,historical_paper_packages,14,"Target A Final Claim Inventory V2 | Evidence Vocabulary | T1. Signed-Graph Setup | T2. Period-Eight Reference Phase | T3. Gap, Charge, And Sectors | T4. The Elementary G6 Phase Slip | T5. Abnormal Single Gaps | T6. Localization And Separated Phase Slips | T7. Residue Constructions And The Counterexample Tail | T8. Complete Even-Order Classification | A. Supporting Appendix Claims | C. Explicit Computer-Assisted Lemmas | Results Deliberately Not Promoted | Canonical Main-Theorem Set",3:Status: `CANONICAL_CURRENT` at research checkpoint,headings_and_status_scan_not_full_semantic_review
research/paper/proof_completion/TARGET_A_FINAL_COMPUTER_ASSISTED_THEOREM_TABLE.md,historical_paper_packages,2,Final Computer-Assisted Theorem Table | Excluded from theorem status,,headings_and_status_scan_not_full_semantic_review
research/paper/proof_completion/TARGET_A_FINAL_NOTATION.md,historical_paper_packages,11,"Target A Final Notation | Finite Signed Graphs | Hamilton Gauge, Flux, And Holonomy | Infinite Operator And Squared Operator | Reference Phase | Defects, Gaps, And Charge | The G6 Edge | Separated Interfaces | Evidence And Editorial Terms | Forbidden Or Superseded Notation | Editorial Count",3:Status: `CANONICAL_CURRENT`.,headings_and_status_scan_not_full_semantic_review
research/paper/proof_completion/TARGET_A_FINAL_PROOF_DEPENDENCY_GRAPH.md,historical_paper_packages,12,Target A Final Proof Dependency Graph | Layer 0: Elementary Definitions And Identities | Layer 1: Reference Phase And Coordinates | Layer 2: Elementary G6 Interface | Layer 3: Single-Gap Optimality | Layer 4: Localization And Separated Interfaces | Layer 5: Residue Constructions And Infinite Tail | Layer 6: Finite Classification | Layer 7: Main Classification | Supporting Appendix DAG | Main-Theorem Closure Table | Forbidden Edges,3:Status: `CANONICAL_CURRENT`.,headings_and_status_scan_not_full_semantic_review
research/paper/proof_completion/TARGET_A_FINAL_PROOF_REPAIR_SYNTHESIS.md,historical_paper_packages,14,Target A Final Proof Repair Synthesis | 1. Baseline | 2. Candidate Attainment | 3. Complete Classification Logic | 4. G6 Essential Spectrum | 5. G6 Proof Cleanup | 6. Exact-2r Patch Identification | 7. Canonical Consistency | 8. Manuscript Import Safety | 9. Stale-rank Audit | 10. Evidence Boundary | 11. Verification | 12. Readiness | 13. Git,,headings_and_status_scan_not_full_semantic_review
research/paper/proof_completion/TARGET_A_JGT_PROOF_ARCHITECTURE.md,historical_paper_packages,22,"Target A JGT Proof Architecture | Governing Proof Form | Recommended Main-Text Order | 1. Introduction And Complete Classification | 2. Switching, Flux, And The Reference Phase | 3. Gap Coordinates And Translation Sectors | 4. The Elementary G6 Phase Slip | 5. Single-Gap Optimality | 6. Separated Phase Slips And Residues | 7. Finite Completion And The Main Theorem | Supporting Appendices | Appendix A. Period-Eight Floquet Algebra | Appendix B. G6 Matching Certificate | Appendix C. Single-Gap Witnesses | Appendix D. Separated-Interface Estimates | Appendix E. Finite Classification Certificates | Appendix F. Supporting Periodic And Moment Results | Appendix G. Additional Interface Obstructions | Reproducibility Supplement | Dependency Compression Rules | Editorial Exclusions | Readiness Gate For Manuscript Reframe",3:Status: `EDITORIAL_CANONICAL_CURRENT`.,headings_and_status_scan_not_full_semantic_review
research/paper/proof_completion/TARGET_A_JGT_THEOREM_HIERARCHY.md,historical_paper_packages,12,Target A JGT Theorem Hierarchy | Theorem 1.1: Complete Even-Order Classification | Theorem 1.2: Reference-Phase Edge | Theorem 1.3: Gap/Charge And Sector Shift | Theorem 1.4: Elementary G6 Phase Slip | Theorem 1.5: Single-Gap Optimality | Theorem 1.6: Separated Phase Slips | Theorem 1.7: Residue-Class Upper Constructions | Supporting Propositions | Optional Appendix Theorems | Computer-Assisted Lemma Placement | Claims Not In The Theorem Hierarchy,3:Status: `EDITORIAL_CANONICAL_CURRENT`.,headings_and_status_scan_not_full_semantic_review
research/paper/proof_completion/TARGET_A_MANUSCRIPT_IMPORT_SAFETY.md,historical_paper_packages,9,Target A Manuscript Import Safety Manifest | Precedence Rule | Directory Defaults | Current-Claim Blacklist | Superseded Exact-r Corpus | Canonical Rank Contract | Classification Logic Contract | Producer And Verification Boundary | Manual Import Checklist,3:Status: `CANONICAL_CURRENT`.,headings_and_status_scan_not_full_semantic_review
research/paper/proof_completion/TARGET_A_PROOF_COMPLETION_SYNTHESIS.md,historical_paper_packages,17,Target A Proof Completion Synthesis | 1. Baseline | 2. Canonical Main Theorems | 3. Complete Even-Order Classification | 4. Reference Phase | 5. Charge / Sector | 6. G6 Global Edge | 7. Single-Gap Hierarchy | 8. Exact-2r | 9. IMS / Residue | 10. Periodic / Moments | 11. Computer-Assisted Boundary | 12. Stale Claims | 13. Referee Audit | 14. JGT Paper Architecture | 15. Readiness | 16. Git,,headings_and_status_scan_not_full_semantic_review
research/paper/proof_completion/TARGET_A_STALE_RANK_CLAIM_AUDIT.md,historical_paper_packages,8,Target A Stale Rank-Claim Audit | Canonical correction | Audit totals | Complete file-and-line classification | Manuscript import disposition | Canonical active-word audit | Formal manuscript result | Final disposition,,headings_and_status_scan_not_full_semantic_review
research/paper/task58/TASK58_COVER_LETTER_FACTS.md,historical_paper_packages,7,Task 58 Cover-Letter Facts | Mathematical problem | Direct prior art | Complete classification | Structural contribution | Computer-assisted disclosure | Submission package,,headings_and_status_scan_not_full_semantic_review
research/paper/task58/TASK58_CURRENT_HANDOFF.md,historical_paper_packages,1,Task 58 Current Handoff,111:Next authorized task: Task 58.13,headings_and_status_scan_not_full_semantic_review
research/paper/task58/TASK58_DIRECT_LITERATURE_MATRIX.md,historical_paper_packages,7,Task 58 Direct Literature Matrix | Search Protocol | A. Direct Prior Art | B. Signed-Spectral Neighbors | C. Spectral Complete-Classification Analogues | D. Computer-Assisted Graph Classification Analogues | Matrix-Level Conclusions,"46:| M. Brunetti, Z. Stanić | *Unbalanced signed graphs with extremal spectral radius or index*, *Comput. Appl. Math.* 41(3) (2022), Article 118. DOI `10.1007/s40314-022-01814-5`. | C | 69:| J. Goedgebeur, O. Schaudt | *Exhaustive generation of `k`-critical `H`-free graphs*, *J. Graph Theory* 87(2) (2018), 188–207. DOI `10.1002/jgt.22151`; arXiv:1506.03647. | Proves ",headings_and_status_scan_not_full_semantic_review
research/paper/task58/TASK58_EXACT2R_LENGTH_DECISION.md,historical_paper_packages,7,Task 58 Exact-2r Length and Placement Decision | 1. Mathematical Facts That Must Not Change | 2. Main-Text Placement | 3. Supplement Placement | 4. Dependency Boundary | 5. Page Forecast and Length Control | 6. Editorial Acceptance Check,,headings_and_status_scan_not_full_semantic_review
research/paper/task58/TASK58_FINAL_MANUSCRIPT_AUDIT.md,historical_paper_packages,13,"Task 58 Final Manuscript Audit | Package summary | Build result | Theorem inventory | Classification consistency | Computer-assisted theorem inventory | Labels, references, and bibliography | Figure and visual inventory | Literature and novelty | Open questions | Hard scans | Archival and metadata status | Final verdict",36:All three builds completed without TeX or BibTeX warnings. The source trees,headings_and_status_scan_not_full_semantic_review
research/paper/task58/TASK58_FINITE_MAIN_APPENDIX_SPLIT.md,historical_paper_packages,21,Task 58 Finite Main-Appendix-Supplement Split | 1. Purpose and governing rule | 2. Section 7: material that stays in the main text | 2.1 Exact-computation protocol | 2.2 Even orders 8 through 30 | 2.3 The exact order-32 witness | 2.4 The six equality-recovery orders | 2.5 The exact order-40 witness | 2.6 The 96-order exact bridge | 2.7 Final disjoint synthesis | 3. Appendix B: complete mathematical detail | 3.1 Switching and quotient coverage for 8 through 30 | 3.2 Exact strict witnesses at 32 and 40 | 3.3 Local exclusion for the six recovery orders | 3.4 Parity-lifted finite-state completeness | 3.5 Terminal resolution and termination | 3.6 Complete proof of the 96-order bridge | 3.7 Appendix-level exhaustive synthesis | 4. Separate reproducibility supplement | 5. Mandatory proof boundaries | 6. Acceptance condition,,headings_and_status_scan_not_full_semantic_review
research/paper/task58/TASK58_FIRST_SUBMISSION_SCOPE.md,historical_paper_packages,9,Task 58 First-Submission Scope | Category Semantics | Introduction Contract | MAIN_MANUSCRIPT_IMPORT | STATEMENT_OVERVIEW_ONLY | SUPPLEMENT_ONLY | DO_NOT_IMPORT_FIRST_SUBMISSION | Claim Coverage Audit | Locked Editorial Consequences,,headings_and_status_scan_not_full_semantic_review
research/paper/task58/TASK58_G6_MAIN_APPENDIX_SPLIT.md,historical_paper_packages,13,Task 58 G6 Main-Appendix-Supplement Split | 1. Purpose and governing rule | 2. Section 4: material that stays in the main text | 2.1 Bilateral model and essential-spectrum gate | 2.2 Discreteness and physical matching gate | 2.3 Algebraic candidate and realization gate | 2.4 Candidate completeness and maximality gate | 2.5 Rank-two gate | 3. Appendix A: exact mathematical certification | 4. Separate reproducibility supplement | 5. Mandatory logic gates | 6. Prohibited wording and inferences | 7. Final placement checklist,,headings_and_status_scan_not_full_semantic_review
research/paper/task58/TASK58_HANDOFF.md,historical_paper_packages,8,Task 58 Final Handoff | Repository state | Artifact paths | Build | Verification | Archive status | Known limitations before identified submission | Open mathematical questions,,headings_and_status_scan_not_full_semantic_review
research/paper/task58/TASK58_HOSTILE_MANUSCRIPT_REVIEW.md,historical_paper_packages,14,"Task 58 Hostile Manuscript Review | 1. Headline and scope | 2. Mathematical logic audit | 3. Four-channel attack review and repairs | 3.1 Main-chain quantifiers | 3.2 G6 certification | 3.3 Finite classification and reproducibility | 3.4 Publication package | 4. Computer-assisted proof boundaries | 5. Stale, draft, and workflow scans | 6. Length and visual audit | 7. Literature and novelty | 8. External metadata | 9. Review verdict",,headings_and_status_scan_not_full_semantic_review
research/paper/task58/TASK58_INTRO_CLAIM_AUDIT.md,historical_paper_packages,2,Task 58 Introduction Claim Audit | Introduction-level exclusions,,headings_and_status_scan_not_full_semantic_review
research/paper/task58/TASK58_JGT_VISUAL_STYLE_CONTRACT.md,historical_paper_packages,13,Task 58 JGT Visual-Style Contract | 1. Design principle | 2. Typography and fonts | 3. Theorem hierarchy | 4. Mathematical display and prose density | 5. Figure budget and mathematical purpose | 6. Figure execution | 7. Captions | 8. Tables | 9. Prohibited visual devices | 10. Appendices and supplement | 11. Automatic page-budget response | 12. Visual acceptance checklist,,headings_and_status_scan_not_full_semantic_review
research/paper/task58/TASK58_LAYOUT_AND_LENGTH_AUDIT.md,historical_paper_packages,6,Task 58 Layout and Length Audit | Build inventory | Figure inventory | Page-by-page review | Editorial placement | Hard scans,,headings_and_status_scan_not_full_semantic_review
research/paper/task58/TASK58_MANUSCRIPT_BUILD_BASELINE.md,historical_paper_packages,4,Task 58 Manuscript Build Baseline | Current artifacts | Reuse record | Freeze and validation,,headings_and_status_scan_not_full_semantic_review
research/paper/task58/TASK58_MANUSCRIPT_MASTER_BLUEPRINT.md,historical_paper_packages,38,"Task 58 Manuscript Master Blueprint | 1. Final Title and Ambiguity Control | 2. Abstract Logic | 3. Introduction: Eleven Natural Paragraphs | Paragraph 1: the concrete graph problem | Paragraph 2: general signing-minimization context | Paragraph 3: the direct predecessor | Paragraph 4: the surprising nonmonotone answer | Paragraph 5: comparison value and equality logic | Paragraph 6: what the classification does and does not explain | Paragraph 7: reference phase, gaps, and charge | Paragraph 8: exact predefinition of the structural edge | Paragraph 9: from the line defect to finite rings | Paragraph 10: the finite exact closure | Paragraph 11: novelty boundary and organization | 4. Full Section and Subsection Tree | 1. Introduction | 2. Switching Coordinates and the Reference Phase | 3. Gaps, Charges, and Translation Sectors | 4. The Elementary Six-Gap Phase Slip | 5. Optimality Among Single-Gap Interfaces | 6. Phase Slips on Finite Rings | 7. Finite Completion of the Classification | 8. Concluding Remarks | 5. Theorem Placement and Dependency Order | 6. Appendices and Reproducibility Supplement | Appendix A. Exact spectral certification of the reference phase and G6 | Appendix B. Exact finite classification and completeness | Separate reproducibility supplement | 7. Figure Plan: Three Main Figures Maximum | Figure 1. Edge signings and switching coordinates | Figure 2. Reference phase and legal G6 residue constructions | Figure 3. Finite-ring localization and infinite patches | 8. Table Plan: One Main Table | 9. Verified Literature Placement | 10. Page Budget and Cut Rules | 11. Locked Deletion List | 12. Gate A Acceptance Conditions",,headings_and_status_scan_not_full_semantic_review
research/paper/task58/TASK58_MATHEMATICAL_CONTRACT.md,historical_paper_packages,22,"Mathematical Contract for the First-Submission Reframe | 1. Problem, Operators, and Types | 2. Complete Classification and the Two Directions of Equality | 2.1 Candidate-attainment direction | 2.2 Exhaustion direction | 3. Switching Coordinates and the Candidate/Reference Distinction | 4. Gaps, Charge, and Two Different Congruence Laws | 5. The Algebraic Constant $c_6$ | 6. The G6 Essential-Spectrum and Edge Sequence | 7. Complete Single-Gap Scope | 8. Separated G6 Interfaces: IMS and Exact-$2r$ | 8.1 IMS cap used by the large-order classification | 8.2 Correct exact-$2r$ strengthening | 9. Residue Words and the One-Sided Asymptotic Statement | 10. The Analytic Tail and the Sharp Finite Bridge | 10.1 Analytic tail: every even $n\ge240$ | 10.2 Exact finite bridge: every even $48\le n<240$ | 11. Exact Role of the Small Orders | 12. Exact Human/Machine Boundary | 13. Prohibited Overclaims | 14. Immutable Classification Partition | 15. Machine-Auditable Canonical Spellings",,headings_and_status_scan_not_full_semantic_review
research/paper/task58/TASK58_NARRATIVE_AND_DEPENDENCY_MAPS.md,historical_paper_packages,6,Task 58 Narrative and Dependency Maps | 1. Narrative Reveal Map | 2. Mathematical Dependency Map | 3. Theorem-Source Traceability | 4. Internal-Only Use | 5. Forbidden Collapses and Inferences,,headings_and_status_scan_not_full_semantic_review
research/paper/task58/TASK58_NOVELTY_POSITIONING.md,historical_paper_packages,15,Task 58 Novelty Positioning | Direct Answer | Answers To The Required Questions | 1. Is there a previous complete study of the minimum spectral radius over all signings of fixed `C_n^2`? | 2. Is there a corresponding extremal classification for signed powers of cycles? | 3. What is different about the complete even-order classification? | 4. Does the phase-slip framework have a direct graph-theoretic predecessor? | 5. Is there a direct neighbor for the single-gap hierarchy? | 6. How should the computer-assisted component be described? | 7. May the Introduction say “we are not aware of ...”? | Recommended Introduction Positioning | Safe Claims | Claims To Avoid | Novelty-Risk Summary | Watchlist,,headings_and_status_scan_not_full_semantic_review
research/paper/task58/TASK58_SOURCE_IMPORT_MAP.md,historical_paper_packages,10,Task 58 Source Import Map | Import Rules | First-Submission Claim Map | First-Submission Computer-Assisted Lemmas | Canonical Claims Omitted From The First Submission | Exact-Path Blacklist | Current-Claim Hazards | Superseded Exact-`r` Corpus (`ER`) | Global Import Prohibitions | Fail-Closed Checks,,headings_and_status_scan_not_full_semantic_review
research/paper/task58/TASK58_STALE_CLAIM_BLACKLIST.md,historical_paper_packages,8,Task 58 Stale-Claim Blacklist | 1. Context classes | 2. Falsified rank and dimension language | 3. Open statements that must not be promoted | 4. Valid results excluded from the first submission | 5. Workflow and authorship-language blacklist | 6. Quantifier and conclusion guardrails | 7. Scan disposition,,headings_and_status_scan_not_full_semantic_review
research/paper/task58/TASK58_THEOREM_TO_SECTION_MAP.md,historical_paper_packages,5,Task 58 Theorem-to-Section Map | Placement Vocabulary | Canonical Claim Placement | Introduction and Dependency Discipline | Coverage Audit,93:| `A.6` | `OMIT_FIRST_SUBMISSION` | No destination | No proof or statement imported | Remaining multi-gap reduction excluded |,headings_and_status_scan_not_full_semantic_review
research/paper/task58/TASK58_TYPOGRAPHY_BASELINE.md,historical_paper_packages,4,Task 58 Typography Baseline | Submission-template decision | Baseline specification | Render review,,headings_and_status_scan_not_full_semantic_review
research/paper/task59/TASK59_COVER_LETTER_FACTS.md,historical_paper_packages,8,Task 59 Cover-Letter Facts | Mathematical problem | Direct prior art | Main classification | Structural contribution | Proof architecture | Computer-assisted disclosure | Submission package,,headings_and_status_scan_not_full_semantic_review
research/paper/task59/TASK59_FINAL_PROSE_AUDIT.md,historical_paper_packages,9,Task 59 Final Prose Audit | Baseline and scope | Source word counts | Adverb and emphasis audit | Defensive-negative audit | Representative rewrites | Sections changed | Regression boundary | Unresolved prose issues,,headings_and_status_scan_not_full_semantic_review
research/paper/task59/TASK59_FINAL_SUBMISSION_AUDIT.md,historical_paper_packages,7,Task 59 Final Submission Audit | Package inventory | Editorial audit | Reproducibility audit | Visual audit | Frozen artifacts | External blockers,,headings_and_status_scan_not_full_semantic_review
research/paper/task59/TASK59_HANDOFF.md,historical_paper_packages,1,Task 59 Handoff,36:Next authorized task: none,headings_and_status_scan_not_full_semantic_review
research/paper/task59/TASK59_HOSTILE_REVIEW.md,historical_paper_packages,4,Task 59 Hostile Submission Review | Scope | Findings and disposition | Final verdict,,headings_and_status_scan_not_full_semantic_review
research/paper/task59/TASK59_JGT_FIGURE_AUDIT.md,historical_paper_packages,5,Task 59 JGT Figure Audit | Figure inventory | Rendered checks | Deliberate exclusions | Mathematical boundary,,headings_and_status_scan_not_full_semantic_review
research/paper/task59/TASK59_REVISION_LEDGER.md,historical_paper_packages,4,Task 59 Revision Ledger | Baseline and invariants | Decisions | Completion gate,,headings_and_status_scan_not_full_semantic_review
research/paper/task59/TASK59_SOURCE_MAP.md,historical_paper_packages,1,Task 59 Source Map,,headings_and_status_scan_not_full_semantic_review
research/paper_strengthening/CURRENT_RESEARCH_STATE.md,period8_strengthening,8,"Current research state: authoritative, superseded, and excluded material | Authority rule | Current conclusions | Superseded claims and proof routes | Material excluded from the paper | Formal-verification boundary | Construction now authorized | Current venue decision",6:`final_theorem_package.md` are the current editorial authority.,headings_and_status_scan_not_full_semantic_review
research/paper_strengthening/FINAL_ARTICLE_ARCHITECTURE.md,period8_strengthening,31,Final Article Architecture | Section 1. Introduction and Main Results | 1.1 From switching to fixed-graph spectral optimization | 1.2 Why cycle squares and periodic signings | 1.3 Main results | 1.4 Position in the literature and proof architecture | Section 2. Switching Coordinates and Periodic Fibers | 2.1 Signed cycle squares and Hamilton gauge | 2.2 Symmetries and primitive period | 2.3 Finite Bloch decomposition | Section 3. Half-Cell Chiral Symmetry | 3.1 The natural half-cell operator | 3.2 Anticommutation and flux criterion | 3.3 Algebraic consequences | Section 4. The Exact Period-Eight Phase | 4.1 The target phase and chiral block | 4.2 The period-eight polynomial | 4.3 Complete dispersion | 4.4 Finite phase quantization | 4.5 The twisted comparison | Section 5. First Occurrence and Rigidity | 5.1 Local squares and moment reduction | 5.2 Periods below eight | 5.3 Rigidity at period eight | 5.4 Unique first phase | Section 6. Periodic Defect Obstructions | 6.1 Arbitrary periodic words | 6.2 Density and clustering consequences | Section 7. Concluding Remarks | Figure and table plan | Target length allocation,,headings_and_status_scan_not_full_semantic_review
research/paper_strengthening/FINAL_ARTICLE_ARCHITECTURE_V2.md,period8_strengthening,1,Final article architecture after authorial rewrite,,headings_and_status_scan_not_full_semantic_review
research/paper_strengthening/INTRODUCTION_PROBLEM_CHAIN_AUDIT.md,period8_strengthening,1,Introduction problem-chain audit,,headings_and_status_scan_not_full_semantic_review
research/paper_strengthening/JGT_RECENT_STRUCTURE_AUDIT.md,period8_strengthening,13,"Recent JGT structure and proof-architecture audit | Purpose and evidence boundary | Full-text corpus | Corpus answers to the requested questions | Number of sections | What follows the introduction | General lemma versus application | Shape of a complete proof arc | Structural theorem versus exact computation | Finite and computational cases | Conclusion, figures, and tables | Proof-architecture extraction from the closest papers | Final architecture decision",,headings_and_status_scan_not_full_semantic_review
research/paper_strengthening/JGT_REVIEWER_SIMULATION.md,period8_strengthening,5,JGT reviewer simulation | Reviewer A: spectral graph theory | Reviewer B: proof skeptic | Reviewer C: exposition and style | Editorial synthesis,,headings_and_status_scan_not_full_semantic_review
research/paper_strengthening/NARRATIVE_DEPENDENCY_MAP.md,period8_strengthening,3,Narrative dependency map | Proof dependencies | Deletion decisions,,headings_and_status_scan_not_full_semantic_review
research/paper_strengthening/NOTATION_AUDIT.md,period8_strengthening,1,Notation audit,,headings_and_status_scan_not_full_semantic_review
research/paper_strengthening/PAPER_CONFIGURATION_RECORD.md,period8_strengthening,3,Paper Configuration Record | Author metadata recovered from the repository | Writing-quality contract,,headings_and_status_scan_not_full_semantic_review
research/paper_strengthening/POST_THEOREM_DISCUSSION_MAP.md,period8_strengthening,1,Post-theorem discussion map,,headings_and_status_scan_not_full_semantic_review
research/paper_strengthening/POST_THEOREM_TRANSITION_AUDIT.md,period8_strengthening,19,Post-theorem transition audit | Scope | Corpus observations | Li--Feng--Peng | Albrechtsen--Jacobs--Knappe--Pitz | Li--Zhao--Zou | Guo--Spiro | Fang--Lin--Shi | Horn--Purcilly--Stevens | Steinerberger--Thomas | Goedgebeur--Renders--Wiener--Zamfirescu | Frozen transition patterns for this manuscript | Exact finite radius | General half-cell theorem | Complete period-eight dispersion | Minimal primitive period | Period-eight rigidity | General moment obstruction | Style consequences,,headings_and_status_scan_not_full_semantic_review
research/paper_strengthening/PROOF_TRANSPARENCY_AUDIT.md,period8_strengthening,1,Proof transparency audit,,headings_and_status_scan_not_full_semantic_review
research/paper_strengthening/WRITING_PROGRESS.md,period8_strengthening,5,Writing progress | Current stage | Completed | Build status | Remaining author boundary,3:## Current stage,headings_and_status_scan_not_full_semantic_review
research/paper_strengthening/current_verified_kernel.md,period8_strengthening,7,Current verified kernel | Status vocabulary | Frozen mathematical results | Frozen formal-verification scope | Computational background only | Excluded projects | Open strengthening questions,,headings_and_status_scan_not_full_semantic_review
research/paper_strengthening/final_theorem_package.md,period8_strengthening,11,Final theorem package | Theorem I — General half-period chiral mechanism | Theorem II — Exact period-eight solvability | Theorem III — First occurrence | Theorem IV — Rigidity at first occurrence | Corollary — Infinite finite-ring comparison | Structural support — General moment obstruction | Dependency chain | What materially raises the paper | Frozen formal boundary | Excluded claims,,headings_and_status_scan_not_full_semantic_review
research/paper_strengthening/full_period8_dispersion.md,period8_strengthening,8,"Complete period-eight dispersion | 1. Four squared branches | 2. Reality, positivity, and ordering | 3. Recovery of the chiral spectrum | 4. Exact endpoint values | 5. Exact bands and visible gaps | 6. Finite sectors revisited | 7. Independent audit",,headings_and_status_scan_not_full_semantic_review
research/paper_strengthening/general_chiral_criterion.md,period8_strengthening,14,Half-period chiral criterion | 1. Operator setting | 2. Direct anticommutator calculation | Theorem 2.1 — operator criterion | Proof | 3. Correct Bloch normalization | Corollary 3.1 — fiberwise chiral involution | 4. Gauge-invariant local-flux formulation | Theorem 4.1 — flux criterion | Proof | 5. General algebraic consequences | 6. Period eight as the first sub-eight realization | 7. Scope and article value | 8. Independent audit,,headings_and_status_scan_not_full_semantic_review
research/paper_strengthening/literature_landscape.md,period8_strengthening,24,"Literature landscape for the period-eight paper | Audit policy | A. Signed graphs, switching, and cycle invariants | Long-term line | Connection to this paper | Core sources | B. Spectral optimization over signings | Long-term line | Connection to this paper | Core sources | C. Circulants, periodic graphs, and finite Floquet decomposition | Long-term line | Connection to this paper | Core sources | D. Magnetic graph operators and flux coordinates | Long-term line | Connection to this paper | What is new here | E. Chiral symmetry and moment methods | Chiral line | Moment line | Methodological relation | Position of the Suvagiya preprint | Literature-derived research story",,headings_and_status_scan_not_full_semantic_review
research/paper_strengthening/manuscript_period8_jgt/AUTHOR_AND_SUBMISSION_QUESTIONS.md,frozen_period8_manuscript,1,Author and submission questions,,headings_and_status_scan_not_full_semantic_review
research/paper_strengthening/manuscript_period8_jgt/BIBLIOGRAPHY_VERIFICATION.md,frozen_period8_manuscript,1,Bibliography verification ledger,,headings_and_status_scan_not_full_semantic_review
research/paper_strengthening/manuscript_period8_jgt/INTEGRITY_REPORT_AUTHORIAL_REWRITE.md,frozen_period8_manuscript,6,Integrity report: JGT authorial rewrite | Verdict | Mathematical scope | Proof transparency repairs | Narrative and style | Verification population,,headings_and_status_scan_not_full_semantic_review
research/paper_strengthening/manuscript_period8_jgt/INTEGRITY_REPORT_STAGE_2_5.md,frozen_period8_manuscript,9,"Stage 2.5 Integrity Report | Verdict | Registered populations | A. Reference existence and metadata audit | B. Citation-context audit | C. Registered mathematical claim audit | D. Figures, table, and computation | E. Bilingual and build integrity | Advisory items outside the PASS denominator",,headings_and_status_scan_not_full_semantic_review
research/paper_strengthening/manuscript_period8_jgt/README.md,frozen_period8_manuscript,1,Period-eight JGT-first manuscript,,headings_and_status_scan_not_full_semantic_review
research/paper_strengthening/manuscript_period8_jgt/STRUCTURE_RATIONALE.md,frozen_period8_manuscript,1,Why the manuscript has this structure,,headings_and_status_scan_not_full_semantic_review
research/paper_strengthening/new_article_narratives.md,period8_strengthening,25,Candidate article narratives | Shared mathematical core | Core theorem ladder | Narrative 1: JGT | One-sentence story | Headline theorem | Second main theorem | Introduction logic | Section movement | Risk and response | Candidate titles | Narrative 2: LAA | One-sentence story | Headline theorem | Second theorem | Introduction logic | Section movement | Risk and response | Candidate titles | Narrative 3: SIGMA long-shot | Gate result | What the story would require | Missing theorem ladder | Recommended narrative | Treatment of the recent preprint in all viable narratives,,headings_and_status_scan_not_full_semantic_review
research/paper_strengthening/recommended_final_architecture.md,period8_strengthening,67,"Recommended final architecture | Editorial configuration | Provisional title and abstract content | Title | Abstract, five-sentence design | 1. Introduction and main results | 1.1 Spectral optimization on a fixed signed graph | 1.2 Why cycle squares are a nontrivial testing ground | 1.3 The explicit period-eight phase | 1.4 Main theorem: exact radius and infinite comparison | 1.5 General theorem: negative half-cell flux and chiral symmetry | 1.6 Structural theorem: why period eight | 1.7 Proof ideas and organization | 1.8 Relation to earlier work | 2. Switching coordinates and finite periodic decomposition | 2.1 Signed cycle squares and switching | 2.2 Triangle fluxes and Hamilton holonomy | 2.3 Hamilton gauge on the cut-open lift | 2.4 Periodic cells and the finite Bloch transform | 2.5 Consequences for spectral radius and multiplicity | 3. Half-cell chiral symmetry and the period-eight fiber | 3.1 The natural monomial half-cell operator | 3.2 Necessary and sufficient anticommutation criterion | 3.3 Bloch normalization and the parity of the half-cell | 3.4 Gauge-invariant flux criterion | 3.5 General algebraic consequence | 3.6 The target word and its (8\times8) Hermitian fiber | 3.7 Specialization of the half-period involution | 3.8 The (8\times8\to4\times4) reduction | 3.9 The (4\times4\to2\times2) determinant identity | 3.10 The squared-fiber polynomial | 4. Exact dispersion and finite spectral radii | 4.1 Centering the quartic | 4.2 All four squared branches | 4.3 Strict monotonicity and the unique band edge | 4.4 Positive holonomy: exact finite attainment | 4.5 Negative holonomy: exact phase-grid formula | 4.6 Optional visual interpretation | 5. The twisted benchmark and the infinite family | 5.1 Definition and Fourier spectrum of the twisted signing | 5.2 Exact comparison for (n=8L) | 5.3 Consequence for fixed-graph minimization | 5.4 Verification scope | 6. Why period eight is distinguished | 6.1 Local square identity and defect word | 6.2 Phase-averaged moments through order six | 6.3 Necessary inequalities below the edge eight | 6.4 Reduction of all periods below eight | 6.5 Nine exact certificates | 6.6 Minimal-period theorem | 7. Rigidity at period eight | 7.1 Symmetry classes of legal period-eight words | 7.2 Balanced and antipodal two-defect phases | 7.3 Non-antipodal two-defect phases | 7.4 Remaining legal classes and trichotomy | 7.5 Unique first-period phase | 8. General periodic defect obstruction | 8.1 Arbitrary periodic words | 8.2 Density and clustering constraints | 8.3 Interpretation and limit of the method | 9. Conclusion | 9.1 What has been proved | 9.2 Remaining mathematical question | Theorem dependency DAG | Result-to-section ledger | Bilingual drafting protocol | Drafting order",,headings_and_status_scan_not_full_semantic_review
research/paper_strengthening/reference_library/ACCESS_AND_FULLTEXT.md,literature,5,Access and full-text map | Manuscript core | JGT structure corpus | Reserve full text | Access labels,,headings_and_status_scan_not_full_semantic_review
research/paper_strengthening/reference_library/CLAIM_REFERENCE_MAP.md,literature,2,Claim--reference map | Coverage by research line,,headings_and_status_scan_not_full_semantic_review
research/paper_strengthening/reference_library/JGT_STRUCTURE_CORPUS.md,literature,2,JGT structure corpus | Aggregate result,,headings_and_status_scan_not_full_semantic_review
research/paper_strengthening/reference_library/README.md,literature,5,Canonical reference library for the period-eight paper | Collections | Decision rule | Files | Maintenance workflow,,headings_and_status_scan_not_full_semantic_review
research/paper_strengthening/reference_library/RESERVE_AND_EXCLUDED.md,literature,4,Reserve and excluded references | Verified reserve | Excluded from the current bibliography by scope | Promotion rule,,headings_and_status_scan_not_full_semantic_review
research/paper_strengthening/reference_library/VERIFICATION_LEDGER.md,literature,4,Verification ledger | Current snapshot | Bibliographic verification authority | Version boundary,,headings_and_status_scan_not_full_semantic_review
research/paper_strengthening/strengthening_results.md,period8_strengthening,10,Period-eight strengthening results | Current decision table | Procedural-stop correction and final closure decision | Strongest theorem package after final strengthening | Theorem I: general half-cell chiral mechanism | Theorem II: exact period-eight solvability | Theorem III: first occurrence | Theorem IV: rigidity at first occurrence | Structural support | Formal-verification boundary,"11:| full period-eight dispersion | PASS | all four squared branches, exact endpoints, simple fibers, and exact gaps | analytic + independent symbolic audit | completes rather than en",headings_and_status_scan_not_full_semantic_review
research/paper_strengthening/symmetry_invariance_lemmas.md,period8_strengthening,11,"Symmetry invariance and primitive-period hygiene | 1. Periodic operator and Bloch edge | 2. The two lifts of a defect word | Proposition 2.1 — lift invariance | Proof | 3. Cyclic and reflection invariance | Corollary 3.1 — dihedral reduction for `Q` | 4. Displayed period, primitive period, and cell repetition | Proposition 4.1 — zone folding does not change the Bloch edge | Corollary 4.2 — primitive form of the minimal-period theorem | 5. Independent audit",,headings_and_status_scan_not_full_semantic_review
research/paper_strengthening/task1A_exact_finite_edge.md,period8_strengthening,6,Task 1A: exact finite positive-holonomy edge | Theorem | Proof | Square-root and Hermitian checks | Rational separator | Independent audit,,headings_and_status_scan_not_full_semantic_review
research/paper_strengthening/task1B_alpha_negative_sector.md,period8_strengthening,7,Task 1B: exact negative-holonomy sector | Closed squared-edge dispersion | Monotonicity | Positive holonomy | Negative holonomy | Article value | Independent audit,,headings_and_status_scan_not_full_semantic_review
research/paper_strengthening/task2A_minimal_period.md,period8_strengthening,5,Task 2A: minimal period below the eight barrier | Theorem (primitive-period form) | Proof architecture | Why this is not a brute-force signing classification | Independent audit,,headings_and_status_scan_not_full_semantic_review
research/paper_strengthening/venue_audit/JGT.md,period8_strengthening,16,"Journal of Graph Theory audit | Scope and audit method | Twenty-paper corpus, 2021–2026 | Structural findings from the full-text subset | Introduction | Theorem package | Preliminaries and proof flow | Computation and visuals | Six venue questions | 1. What level does the current package reach? | 2. Which strengthening most improves fit? | 3. Which graph objects must remain foregrounded? | 4. Which operator details should be compressed? | 5. Is the period-eight trichotomy a sufficient second theorem? | 6. Should the moment obstruction remain? | JGT-specific decision",,headings_and_status_scan_not_full_semantic_review
research/paper_strengthening/venue_audit/LAA.md,period8_strengthening,14,"Linear Algebra and its Applications audit | Scope and audit method | Twenty-paper corpus, 2021–2026 | Corpus-derived structural rules | What LAA accepts as a complete unit | Placement and density | Handling matrix algebra | Evaluation of the present theorem package | Is the current (H(z))/chiral/quartic package enough? | Value of the exact finite spectral radius | Value of the now-proved general chiral criterion | How much graph background? | Recommended LAA theorem ladder | LAA-specific decision",,headings_and_status_scan_not_full_semantic_review
research/paper_strengthening/venue_audit/SIGMA.md,period8_strengthening,6,SIGMA audit | Decision first | Twenty-paper scope screen | What the style screen shows | What would be required for a competitive SIGMA version | Editorial consequence,,headings_and_status_scan_not_full_semantic_review
research/paper_strengthening/venue_audit/venue_comparison.md,period8_strengthening,8,Venue comparison after mathematical strengthening | Current theorem package being evaluated | Side-by-side evaluation | Ranking | Mathematical fit | Strategic recommendation | What changes between the two viable versions | Recommendation for the current branch,,headings_and_status_scan_not_full_semantic_review
research/paper_strengthening/writing_style_audit.md,period8_strengthening,23,Writing-style audit and mathematical drafting rules | Evidence boundary | Three-venue comparison | Corpus-derived JGT rules | Corpus-derived LAA rules | Pure-mathematics adaptation of the ARS workflow | 1. The evidence table is a theorem ledger | 2. The outline is a dependency order | 3. Citation checks do not certify mathematics | 4. Review is adversarial theorem checking | Section-level argument map template | Integrity gate for the master draft | Quantifiers and scope | Finite versus infinite | Spectral quantities | Proof provenance | Literature | Anti-defensive and anti-AI prose rules | Delete these habits | Replace them with mathematical statements | Preferred proof verbs | Human-readable proof standard | Visual policy,,headings_and_status_scan_not_full_semantic_review
research/proof_closure/ANALYTIC_GAP_AUDIT_CURRENT.md,historical_analytic_program,13,"Current Analytic Proof Gap Audit | Executive verdict | Module audit | Arrow-level dependency graph | Analytic routes already ruled out or bounded | Minimal analytic closure task set | P0-1: residue-two boundary response closure | P0-2: common finite-interface theorem for residues four and six | P0-3: analytic local obstruction for equality at 34 and 36 | P0-4: recurrent-core rigidity for equality at 38,42,44,46 | P1 and P2 | Claims that must remain qualified | Non-mainline open questions",,headings_and_status_scan_not_full_semantic_review
research/proof_closure/ANALYTIC_PROOF_PROGRAM.md,historical_analytic_program,2,Analytic Proof First Program | Priority rules,,headings_and_status_scan_not_full_semantic_review
research/proof_closure/ANALYTIC_PROOF_RED_TEAM.md,historical_analytic_program,3,Analytic Proof Red Team | Scope | Verdict,,headings_and_status_scan_not_full_semantic_review
research/proof_closure/ANALYTIC_THRESHOLD_LEDGER.md,historical_analytic_program,1,Analytic Threshold Ledger,,headings_and_status_scan_not_full_semantic_review
research/proof_closure/BASELINE_FREEZE.md,historical_analytic_program,5,Complete Mathematical Closure: Baseline Freeze | Frozen baseline | Frozen manuscript inputs (read only) | Proof and certificate inputs | Baseline rule,,headings_and_status_scan_not_full_semantic_review
research/proof_closure/CITATION_PLACEMENT_PLAN.md,historical_analytic_program,1,Citation Placement Plan,,headings_and_status_scan_not_full_semantic_review
research/proof_closure/EQUALITY_ANALYTIC_SEARCH.md,historical_analytic_program,6,Equality Analytic Search | E1: trace and moment route | E2/E3: local obstruction and forbidden-pattern rigidity | E4: transfer lower bound | E5/E6/E7/E8 status | Reusable partial result,,headings_and_status_scan_not_full_semantic_review
research/proof_closure/FINAL_MATHEMATICAL_PROOF_STATUS.md,historical_analytic_program,3,Final Mathematical Proof Status | Classification decision | Independent verification run,,headings_and_status_scan_not_full_semantic_review
research/proof_closure/FINAL_THEOREM_PROOF_MAP.md,historical_analytic_program,1,Final Theorem Proof Map,,headings_and_status_scan_not_full_semantic_review
research/proof_closure/FINITE_CERTIFICATE_SEMANTICS.md,historical_analytic_program,3,Exact Certificate Semantics | Failure witnesses | Equality certificates,33:all signings -> switching representatives -> canonical states -> complete,headings_and_status_scan_not_full_semantic_review
research/proof_closure/FINITE_TAIL_ANALYTIC_SEARCH.md,historical_analytic_program,6,Finite-Tail Analytic Search | Confirmed compression: the residue-zero family | Existing IMS information used at its sharper residue scope | Quantified effect | Attempted F1--F4 routes and current obstruction | Next analytic target,,headings_and_status_scan_not_full_semantic_review
research/proof_closure/G6_ANALYTIC_REDUCTION.md,historical_analytic_program,4,G6 Analytic Reduction | What has already been reduced analytically | Why the scalar polynomial is not yet a complete G6 proof | Research target,,headings_and_status_scan_not_full_semantic_review
research/proof_closure/LEAN_BUILD_STATUS.md,historical_analytic_program,3,Lean Build Status | Current status | Hard gate when the toolchain is available,,headings_and_status_scan_not_full_semantic_review
research/proof_closure/LEAN_THEOREM_MAP.md,historical_analytic_program,1,Lean Theorem Map,,headings_and_status_scan_not_full_semantic_review
research/proof_closure/MANUSCRIPT_ARCHITECTURE_PLAN.md,historical_analytic_program,12,"Manuscript Architecture Plan | Proposed sections | 1. Introduction | 2. Signed cycle squares, switching, and the twisted benchmark | 3. The period-eight reference phase and sector charge | 4. The six-gap spectral mechanism | 5. Localized defects on large even cycles | 6. Exact finite failures and universal optimality at the remaining orders | 7. Completion of the classification | 8. Discussion and open problems | Future introduction function map | Compression decision",,headings_and_status_scan_not_full_semantic_review
research/proof_closure/ORDER_COVERAGE_LEDGER.md,historical_analytic_program,1,Complete Order Coverage Ledger,,headings_and_status_scan_not_full_semantic_review
research/proof_closure/PERIODIC_COUNTEREXAMPLE_COVERAGE.md,historical_analytic_program,3,Auxiliary Periodic Counterexample Families | Consequence for the old finite bridge | Role boundary and stop rule,,headings_and_status_scan_not_full_semantic_review
research/proof_closure/PHASE_SLIP_AND_G6_CLOSURE.md,historical_analytic_program,4,Phase-Slip and G6 Closure | Charge formalization | Exact G6 spectral theorem | Single-gap scope,,headings_and_status_scan_not_full_semantic_review
research/proof_closure/PROOF_OBLIGATION_MATRIX.md,historical_analytic_program,3,Proof Obligation Matrix | Explicitly excluded research claims | Main-classification audit decision,,headings_and_status_scan_not_full_semantic_review
research/proof_closure/PROOF_PROVENANCE_MAP.md,historical_analytic_program,2,Proof Provenance Map | Replacement rule,,headings_and_status_scan_not_full_semantic_review
research/proof_closure/R2_BLOCK_SCHUR_THEOREM.md,historical_analytic_program,4,Residue-Two Block Schur Theorem | Propagated dimension | Exact reduction | Remaining analytic obligation,,headings_and_status_scan_not_full_semantic_review
research/proof_closure/R2_BOUNDARY_RESPONSE_REDUCTION.md,historical_analytic_program,1,Residue-Two Boundary Response Reduction,,headings_and_status_scan_not_full_semantic_review
research/proof_closure/R2_BULK_HYPERBOLICITY.md,historical_analytic_program,1,Residue-Two Fixed-Energy Bulk Gap,,headings_and_status_scan_not_full_semantic_review
research/proof_closure/R2_BULK_INVARIANT_BOX.md,historical_analytic_program,1,Residue-Two Bulk Invariant Domain,,headings_and_status_scan_not_full_semantic_review
research/proof_closure/R2_K_REDUCTION_COMPARISON.md,historical_analytic_program,1,Residue-Two K-Reduction Comparison,,headings_and_status_scan_not_full_semantic_review
research/proof_closure/R2_SCHUR_RICCATI_REDUCTION.md,historical_analytic_program,1,Residue-Two Fixed-Width Schur Reduction,,headings_and_status_scan_not_full_semantic_review
research/proof_closure/STRUCTURE_REFERENCE_AUDIT.md,historical_analytic_program,2,Structure Reference Audit | Constraints extracted from the five papers,,headings_and_status_scan_not_full_semantic_review
research/proof_closure/SUPPLEMENT_BOUNDARY_PLAN.md,historical_analytic_program,4,Supplement Boundary Plan | Keep in the main paper | Move to the supplement | Exclude from a submission proof package,,headings_and_status_scan_not_full_semantic_review
research/proof_closure/SUVAGIYA_CLAIM_SOURCE_MAP.md,historical_analytic_program,2,Suvagiya Claim Source Map | Consequences for this project,,headings_and_status_scan_not_full_semantic_review
research/proof_closure/THEOREM_DEPENDENCY_DAG.md,historical_analytic_program,2,Theorem Dependency DAG | Dependency assertions,,headings_and_status_scan_not_full_semantic_review
research/proof_closure/TWISTED_SIGNING_SPECTRUM.md,historical_analytic_program,1,Twisted Signing Spectrum,,headings_and_status_scan_not_full_semantic_review
research/proof_closure/UNIFORM_RESIDUE_CAP_PROGRAM.md,historical_analytic_program,4,Uniform Residue-Cap Program | Three fixed-energy targets | One-G6 symmetry reduction | Proposed analytic closure,,headings_and_status_scan_not_full_semantic_review
research/proofs/TARGET_A_GENERAL_PERIOD_MOMENT_OBSTRUCTIONS.md,historical_theorems_and_exploration,7,General-Period Closed-Walk Obstructions | Theorem | 1. Period-Independent Square Formula | 2. Symbolic Closed-Walk Expansion | 3. Moment Barrier | 4. Exact Machine Checks | 5. Scope,,headings_and_status_scan_not_full_semantic_review
research/proofs/TARGET_A_LOW_PERIOD_SPECTRAL_FRONTIER.md,historical_theorems_and_exploration,9,Target A Low-Period Spectral Frontier | Theorem | 1. Phase Space | 2. General Bloch Constructor | 3. Discovery Scan | 4. Exact Competitor Certificates | 5. Target Repetition | 6. Low-Period Frontier Table | 7. Independent Verification and Scope,,headings_and_status_scan_not_full_semantic_review
research/proofs/TARGET_A_LOW_PERIOD_STRUCTURAL_FRONTIER.md,historical_theorems_and_exploration,9,Target A Low-Period Structural Frontier | Theorem Package | 1. Uniform Moment Hierarchy | 2. Cancellation Baseline | 3. Target Representations | 4. Five Exceptional Competitors | 5. Compression Accounting | 6. Independent Verification | 7. Scope,,headings_and_status_scan_not_full_semantic_review
research/proofs/TARGET_A_PERIOD10_FAMILY.md,historical_theorems_and_exploration,6,Target A: Period-10 Counterexample Family | Theorem | Floquet reduction | Uniform spectral bound | Threshold bound | Independent finite certificate,,headings_and_status_scan_not_full_semantic_review
research/proofs/TARGET_A_PERIOD8_FAMILY.md,historical_theorems_and_exploration,6,Target A: Period-8 Counterexample Family | Theorem | Floquet polynomial | Uniform spectral bound | Threshold bound | Concrete witness,,headings_and_status_scan_not_full_semantic_review
research/proofs/TARGET_A_PERIOD8_PATTERN_CLASSIFICATION.md,historical_theorems_and_exploration,13,Target A: Classification of Period-8 Flux Phases | Theorem | Definitions and Equivalences | Completeness | Fresh Bloch Construction | Orbit and Certificate Table | Target Phase | Exact Competitor Lower Bounds | Exact Runner-Up Constant | The d=2 Shell | Spectral Coincidences | Scope | Machine Verification,,headings_and_status_scan_not_full_semantic_review
research/proofs/TARGET_A_PERIOD8_SHARP_CONSTANT.md,historical_theorems_and_exploration,16,Target A: Sharp Period-8 Spectral Constant | Theorem | Audited dependencies | Endpoint derivation | Exact polynomial data | Sharp positivity certificate | Band-edge upper bound and attainment | Monotonicity of the top band | Finite alpha=+1 consequence | Finite alpha=-1 consequence | Infinite-volume limit | Comparison with the rational certificate | Scope boundary | Independent checker | Evidence | Conclusion,,headings_and_status_scan_not_full_semantic_review
research/proofs/TARGET_A_PERIOD8_STRUCTURAL_MECHANISM.md,historical_theorems_and_exploration,16,Structural Mechanism for the Period-8 Optimum | Theorem | 1. Squaring the Signed Operator | 2. The Cancellation Baseline | 3. Closed-Walk Moment Barrier | 4. Low Moments as Local Flux Statistics | 5. High-Defect Phases Cross the Barrier | 6. Two-Defect Phases | Separation 1 | Separation 2 | Separation 3 | Separation 4 | 7. Anti-Periodicity and Chiral Symmetry | 8. The Eight-Barrier Trichotomy | 9. Independent Relation to Task 40B | 10. Scope and Verification,,headings_and_status_scan_not_full_semantic_review
research/proofs/TARGET_A_PERIODIC_OPERATOR_EQUIVALENCES.md,historical_theorems_and_exploration,4,Periodic Operator Equivalences and Zone Folding | Theorem | Proof | Exact Audit,,headings_and_status_scan_not_full_semantic_review
research/proofs/TARGET_A_SMALLEST_COUNTEREXAMPLE.md,historical_theorems_and_exploration,8,Target A: Smallest Counterexample | Theorem | Domain | No smaller counterexample | Explicit n=32 counterexample | Minimality conclusion | Reproducibility | Evidence hashes,,headings_and_status_scan_not_full_semantic_review
research/proofs/task49/TARGET_A_INTERFACE_PROOF_BLUEPRINT.md,historical_theorems_and_exploration,7,Target A Interface Proof Blueprint | 1. Exact Bulk Transfer | 2. Local Defect Matching | 3. Ranked Exact-Root Routes | 4. Uniform Finite-Ring Targets | 5. Eventual Threshold Comparison | 6. Proof Completion Checklist,,headings_and_status_scan_not_full_semantic_review
research/proofs/task50/BASELINE.md,historical_theorems_and_exploration,1,Target A Task 50 Baseline,,headings_and_status_scan_not_full_semantic_review
research/proofs/task50/BULK_PALINDROMIC_REDUCTION.md,historical_theorems_and_exploration,1,Bulk Palindromic Reduction,,headings_and_status_scan_not_full_semantic_review
research/proofs/task50/G10_DEFECT_TRANSFER.md,historical_theorems_and_exploration,1,Exact Gap-Ten Defect Transfer,,headings_and_status_scan_not_full_semantic_review
research/proofs/task50/G6_DEFECT_TRANSFER.md,historical_theorems_and_exploration,3,Exact Gap-Six Defect Transfer | Convention | Exactness,,headings_and_status_scan_not_full_semantic_review
research/proofs/task50/TARGET_A_BULK_HYPERBOLICITY_PROOF.md,historical_theorems_and_exploration,4,Target A Bulk Hyperbolicity Proof | Theorem | Proof | Certificate,,headings_and_status_scan_not_full_semantic_review
research/proofs/task50/TARGET_A_EVENTUAL_THRESHOLD_STATUS.md,historical_theorems_and_exploration,1,Target A Eventual Threshold Status,,headings_and_status_scan_not_full_semantic_review
research/proofs/task50/TARGET_A_EXACT_INTERFACE_THEOREM.md,historical_theorems_and_exploration,6,Target A Exact Interface Theorem | Statement | Evans Definition | Proof | Computer-Assisted Components | Evidence Status,,headings_and_status_scan_not_full_semantic_review
research/proofs/task50/TARGET_A_FINITE_DEFECT_INTERFACE_LEMMA.md,historical_theorems_and_exploration,4,Localized Finite-Defect Matching Lemma | Statement | Proof | Scope,,headings_and_status_scan_not_full_semantic_review
research/proofs/task50/TARGET_A_FINITE_RING_BOUND_STATUS.md,historical_theorems_and_exploration,5,Target A Finite-Ring Bound Status | Exact Closure | Exterior-Power Recurrence | What Is Still Missing | Gate Decision,,headings_and_status_scan_not_full_semantic_review
research/proofs/task50/TARGET_A_POST_PROOF_FACT_INVENTORY.md,historical_theorems_and_exploration,2,Target A Post-Proof Fact Inventory | Status Changes,,headings_and_status_scan_not_full_semantic_review
research/proofs/task50/TARGET_A_TASK50_SYNTHESIS.md,historical_theorems_and_exploration,16,Target A Task 50 Synthesis | 1. Baseline | 2. Bulk Hyperbolicity | 3. G6 Interface | 4. G10 Interface | 5. Finite-Ring Bounds | 6. Two-Interface Bound | 7. Eventual Threshold | 8. Computer-Assisted Components | 9. Independent Review | 10. Remaining Open Statements | 11. JCTB Consequence | 12. Recommended Next Task | 13. Verification | 14. Git | Final Status,,headings_and_status_scan_not_full_semantic_review
research/proofs/task50/TARGET_A_TWO_INTERFACE_BOUND_STATUS.md,historical_theorems_and_exploration,4,Target A Two-Interface Bound Status | Exact Families | Missing Uniform Estimate | Gate Decision,,headings_and_status_scan_not_full_semantic_review
research/proofs/task51/TARGET_A_C6_ALGEBRAIC_THEOREM.md,historical_theorems_and_exploration,2,Exact Algebraic Theorem for the G6 Interface Level | Exact elimination,,headings_and_status_scan_not_full_semantic_review
research/proofs/task51/TARGET_A_EXACT_CHARGE_AND_MOMENT_RESULTS.md,historical_theorems_and_exploration,3,Exact Charge and Higher-Moment Results | Charge conservation | Exact M4-M6 expansions,,headings_and_status_scan_not_full_semantic_review
research/proofs/task52/BASELINE.md,historical_theorems_and_exploration,1,Target A Task 52 Baseline,,headings_and_status_scan_not_full_semantic_review
research/proofs/task52/TARGET_A_BULK_PROPAGATION_AND_RESOLVENT_BOUNDS.md,historical_theorems_and_exploration,3,Bulk Propagation and Resolvent Bounds | Exponential-dichotomy lemma | Boundary maps,,headings_and_status_scan_not_full_semantic_review
research/proofs/task52/TARGET_A_C6_POLYNOMIAL_ROOT_GEOMETRY.md,historical_theorems_and_exploration,1,c6 Polynomial Root Geometry,,headings_and_status_scan_not_full_semantic_review
research/proofs/task52/TARGET_A_COMMON_RESIDUE_UPPER_THEOREM.md,historical_theorems_and_exploration,1,Common Residue Upper-Theorem Status,,headings_and_status_scan_not_full_semantic_review
research/proofs/task52/TARGET_A_DENSE_SPARSE_RIGIDITY_BLUEPRINT.md,historical_theorems_and_exploration,5,Dense-Sparse Rigidity Blueprint at c6 | Exact weighted moments | Exact finite low-energy grammar | Truncated-interface lower bound | Future dichotomy,,headings_and_status_scan_not_full_semantic_review
research/proofs/task52/TARGET_A_DOMINANT_MODE_FINITE_RING_THEOREM.md,historical_theorems_and_exploration,1,Dominant-Mode Finite-Ring Insurance Status,,headings_and_status_scan_not_full_semantic_review
research/proofs/task52/TARGET_A_ELEMENTARY_CHARGE_CLASSIFICATION.md,historical_theorems_and_exploration,4,Elementary Charged-Interface Classification | Certified single-gap comparisons | Gap-plus-eight recurrence | Primitive multi-gap threat search,,headings_and_status_scan_not_full_semantic_review
research/proofs/task52/TARGET_A_EVENTUAL_ALL_EVEN_COROLLARY.md,historical_theorems_and_exploration,1,Eventual All-Even Corollary Status,,headings_and_status_scan_not_full_semantic_review
research/proofs/task52/TARGET_A_FIXED_R_ELEMENTARY_SLIP_THEOREM.md,historical_theorems_and_exploration,4,Fixed-r Elementary-Slip Theorem | Theorem: fixed-r cluster existence | Proof | What is not proved,,headings_and_status_scan_not_full_semantic_review
research/proofs/task52/TARGET_A_FIXED_R_METHOD_SELECTION.md,historical_theorems_and_exploration,1,Fixed-r Method Selection,,headings_and_status_scan_not_full_semantic_review
research/proofs/task52/TARGET_A_MULTI_SLIP_INTERACTION_ASYMPTOTICS.md,historical_theorems_and_exploration,1,Multi-Slip Interaction Asymptotics,,headings_and_status_scan_not_full_semantic_review
research/proofs/task52/TARGET_A_P24_C6_GAP_AUDIT.md,historical_theorems_and_exploration,1,p<=24 Audit Relative to c6,,headings_and_status_scan_not_full_semantic_review
research/proofs/task52/TARGET_A_PLUS_MINUS_TWO_ALGEBRAIC_THEOREM.md,historical_theorems_and_exploration,4,Plus/Minus-Two Algebraic Theorem | Theorem | Exact elimination proof | Physical root selection,,headings_and_status_scan_not_full_semantic_review
research/proofs/task52/TARGET_A_TASK52_CROSS_FALSIFICATION.md,historical_theorems_and_exploration,1,Task 52 Cross-Falsification,,headings_and_status_scan_not_full_semantic_review
research/proofs/task52/TARGET_A_TASK52_REVIEWS.md,historical_theorems_and_exploration,7,Task 52 Independent Reviews | Reviewer A: Spectral Theory | Reviewer B: Floquet / Evans | Reviewer C: Algebra / Real Algebraic Geometry | Reviewer D: Signed Graph / Combinatorics | Reviewer E: Computer-Assisted Proof | Reviewer F: Hostile JCTB Theory Editor,,headings_and_status_scan_not_full_semantic_review
research/proofs/task52/TARGET_A_TASK52_SYNTHESIS.md,historical_theorems_and_exploration,32,Target A Task 52 Synthesis | 1. Baseline | 2. Translation-Sector Charge | 3. Plus/Minus-Two Algebra | 4. Single-Gap Charge Spectrum | 5. Primitive Charged Interfaces | 6. Fixed-r Method Selection | 7. Bulk Propagation | 8. r=2 Theorem | 9. r=3 Theorem | 10. r=4 Stress Test | 11. Effective Interaction | 12. Residue-2 Upper Theorem | 13. Residue-4 Upper Theorem | 14. Residue-6 Upper Theorem | 15. Unified Nonzero-Residue Result | 16. Eventual All-Even | 17. c6-Weighted Moment Theory | 18. c6 Low-Energy Symbolic Grammar | 19. Dense-Sparse Rigidity | 20. p<=24 Audit Relative to c6 | 21. Order-Nine Insurance | 22. c6 Polynomial Root Geometry | 23. Adversarial Falsification | 24. Completeness Audit | 25. Evidence Inventory | 26. Strongest New Theorems | 27. Current Candidate Phase Diagram | 28. Reviewer Verdicts | 29. Recommended Next Task | 30. Verification | 31. Git,,headings_and_status_scan_not_full_semantic_review
research/proofs/task52/TARGET_A_TASK52_THEOREM_DEPENDENCY_GRAPH.md,historical_theorems_and_exploration,3,Task 52 Theorem Dependency Graph | Nodes | Edges,,headings_and_status_scan_not_full_semantic_review
research/proofs/task52/TARGET_A_TRANSLATION_CHARGE_THEOREM.md,historical_theorems_and_exploration,4,Translation-Sector Charge Theorem | Canonical sectors | Theorem | Proof,,headings_and_status_scan_not_full_semantic_review
research/proofs/task53/BASELINE.md,historical_theorems_and_exploration,1,Target A Task 53 Baseline,,headings_and_status_scan_not_full_semantic_review
research/proofs/task53/TARGET_A_C6_WEIGHTED_AUTOMATON_CERTIFICATE.md,historical_theorems_and_exploration,1,c6 Weighted-automaton Pilot,,headings_and_status_scan_not_full_semantic_review
research/proofs/task53/TARGET_A_CHARGE_FRACTIONALIZATION_COROLLARY.md,historical_theorems_and_exploration,1,Charge Fractionalization Corollary,,headings_and_status_scan_not_full_semantic_review
research/proofs/task53/TARGET_A_DISCRETE_IMS_LEMMA.md,historical_theorems_and_exploration,1,Exact Discrete IMS Lemma,,headings_and_status_scan_not_full_semantic_review
research/proofs/task53/TARGET_A_EVENTUAL_ALL_EVEN_THEOREM.md,historical_theorems_and_exploration,1,Eventual Failure for Every Even Order,,headings_and_status_scan_not_full_semantic_review
research/proofs/task53/TARGET_A_EXACT_R_INTERFACE_COUNT.md,historical_theorems_and_exploration,1,Exactly-r Localized Excitations: Status,,headings_and_status_scan_not_full_semantic_review
research/proofs/task53/TARGET_A_FESHBACH_EFFECTIVE_MATRIX.md,historical_theorems_and_exploration,1,Feshbach Effective Matrix: Task 53 Boundary,,headings_and_status_scan_not_full_semantic_review
research/proofs/task53/TARGET_A_FIXED_R_GLOBAL_CAP.md,historical_theorems_and_exploration,1,Fixed-r Global Spectral Cap,,headings_and_status_scan_not_full_semantic_review
research/proofs/task53/TARGET_A_FIXED_R_PATCH_CLASSIFICATION.md,historical_theorems_and_exploration,1,Fixed-r Patch Classification,,headings_and_status_scan_not_full_semantic_review
research/proofs/task53/TARGET_A_G6_BULK_ROOT_GEOMETRY.md,historical_theorems_and_exploration,1,G6 Bulk Root Geometry,,headings_and_status_scan_not_full_semantic_review
research/proofs/task53/TARGET_A_G6_GLOBAL_EDGE_THEOREM.md,historical_theorems_and_exploration,3,The Global Spectral Edge of a Single G6 Interface | Theorem | Proof,,headings_and_status_scan_not_full_semantic_review
research/proofs/task53/TARGET_A_G6_GLOBAL_HYPERBOLICITY.md,historical_theorems_and_exploration,1,G6 Bulk Global Hyperbolicity,,headings_and_status_scan_not_full_semantic_review
research/proofs/task53/TARGET_A_G6_GRASSMANN_ATLAS.md,historical_theorems_and_exploration,2,Global Grassmann Atlas for the G6 Interface | Certified cover,,headings_and_status_scan_not_full_semantic_review
research/proofs/task53/TARGET_A_G6_PHYSICAL_BRANCH_DEFINITION.md,historical_theorems_and_exploration,1,Physical G6 Matching Condition,,headings_and_status_scan_not_full_semantic_review
research/proofs/task53/TARGET_A_LOW_ENERGY_RIGIDITY_PILOT.md,historical_theorems_and_exploration,1,Low-energy Rigidity Pilot,,headings_and_status_scan_not_full_semantic_review
research/proofs/task53/TARGET_A_MULTI_SLIP_INTERACTION_ASYMPTOTICS.md,historical_theorems_and_exploration,1,Multi-slip Interaction Asymptotics: Stop Record,,headings_and_status_scan_not_full_semantic_review
research/proofs/task53/TARGET_A_P24_C6_COMPLETENESS_AUDIT.md,historical_theorems_and_exploration,1,p<=24 Completeness Audit,,headings_and_status_scan_not_full_semantic_review
research/proofs/task53/TARGET_A_P24_C6_FRONTIER_THEOREM.md,historical_theorems_and_exploration,3,Exact p<=24 Frontier Relative to c6 | Theorem | Certificate mechanism,,headings_and_status_scan_not_full_semantic_review
research/proofs/task53/TARGET_A_PLUS_MINUS_TWO_STRUCTURAL_DUALITY.md,historical_theorems_and_exploration,1,Plus/Minus-two Structural Relation,,headings_and_status_scan_not_full_semantic_review
research/proofs/task53/TARGET_A_POST_TASK53_MANUSCRIPT_BLUEPRINT.md,historical_theorems_and_exploration,6,Post-Task 53 Manuscript Blueprint | MAIN TEXT | APPENDIX | DISCUSSION | SUPPLEMENT | OUTSIDE CURRENT PAPER,,headings_and_status_scan_not_full_semantic_review
research/proofs/task53/TARGET_A_RESIDUE_CLASS_THEOREM.md,historical_theorems_and_exploration,1,Even Residue-class Upper Theorem,,headings_and_status_scan_not_full_semantic_review
research/proofs/task53/TARGET_A_SINGLE_GAP_HIERARCHY.md,historical_theorems_and_exploration,1,Single-gap Hierarchy Pilot,,headings_and_status_scan_not_full_semantic_review
research/proofs/task53/TARGET_A_TASK53_REVIEWS.md,historical_theorems_and_exploration,1,Task 53 Review Panel,,headings_and_status_scan_not_full_semantic_review
research/proofs/task53/TARGET_A_TASK53_SYNTHESIS.md,historical_theorems_and_exploration,29,Target A Task 53 Synthesis | 1. Baseline | 2. Bulk Global Hyperbolicity | 3. G6 Global Grassmannian Atlas | 4. G6 Physical Root Selection | 5. Single-G6 Global Edge | 6. Discrete IMS | 7. Fixed-r Patch Classification | 8. Fixed-r Global Cap | 9. Residue 2 | 10. Residue 4 | 11. Residue 6 | 12. Eventual All-Even | 13. Charge Fractionalization | 14. Exact-r Localized Excitations | 15. Interaction Theory | 16. Plus/Minus-Two Structural Duality | 17. p<=24 c6 Frontier | 18. Single-Gap Hierarchy | 19. c6 Low-Energy Pilot | 20. Strongest New Theorems | 21. Updated Candidate Phase Diagram | 22. What Is Still Open | 23. Evidence Inventory | 24. Reviewer Verdicts | 25. Manuscript Readiness | 26. Recommended Next Stage | 27. Verification | 28. Git,,headings_and_status_scan_not_full_semantic_review
research/proofs/task53/TARGET_A_TASK53_THEOREM_DEPENDENCY_GRAPH.md,historical_theorems_and_exploration,1,Task 53 Theorem Dependency Graph,,headings_and_status_scan_not_full_semantic_review
research/proofs/task54/BASELINE.md,historical_theorems_and_exploration,1,Task 54 Baseline,,headings_and_status_scan_not_full_semantic_review
research/proofs/task54/TARGET_A_APERIODIC_LIMIT_AUDIT.md,historical_theorems_and_exploration,1,Aperiodic Limit Audit,,headings_and_status_scan_not_full_semantic_review
research/proofs/task54/TARGET_A_BULK_AND_INTERFACE_GREEN_DECAY.md,historical_theorems_and_exploration,1,Bulk and Interface Green Decay,,headings_and_status_scan_not_full_semantic_review
research/proofs/task54/TARGET_A_CHARGE_CONCENTRATION_COMPACTNESS.md,historical_theorems_and_exploration,1,Charge Concentration-Compactness,,headings_and_status_scan_not_full_semantic_review
research/proofs/task54/TARGET_A_COMMON_RESIDUE_LIMINF.md,historical_theorems_and_exploration,1,Common-Residue Liminf Status,,headings_and_status_scan_not_full_semantic_review
research/proofs/task54/TARGET_A_COMMON_RESIDUE_LIMIT_SCOPE.md,historical_theorems_and_exploration,1,Common-Residue Limit Scope,,headings_and_status_scan_not_full_semantic_review
research/proofs/task54/TARGET_A_COMPLEMENT_GAP_THEOREM.md,historical_theorems_and_exploration,3,Complement Gap for Separated G6 Modes | Exact cyclic partition | IMS error and geometry,,headings_and_status_scan_not_full_semantic_review
research/proofs/task54/TARGET_A_EFFECTIVE_COUPLING_FORMULAS.md,historical_theorems_and_exploration,1,Effective Coupling Formulas,,headings_and_status_scan_not_full_semantic_review
research/proofs/task54/TARGET_A_EXACT_R_PHASE_SLIP_EXCITATION_THEOREM.md,historical_theorems_and_exploration,1,Exact-r Phase-Slip Excitation Theorem,,headings_and_status_scan_not_full_semantic_review
research/proofs/task54/TARGET_A_EXACT_R_RIESZ_THEOREM.md,historical_theorems_and_exploration,1,Exact-r Min-Max and Riesz Count,,headings_and_status_scan_not_full_semantic_review
research/proofs/task54/TARGET_A_EXPLICIT_EXPONENTIAL_CONSTANTS.md,historical_theorems_and_exploration,1,Explicit Exponential Constants: Open Status,,headings_and_status_scan_not_full_semantic_review
research/proofs/task54/TARGET_A_EXPONENTIAL_EVENTUAL_THRESHOLD.md,historical_theorems_and_exploration,1,Exponential Eventual Threshold: Open Numerical Value,,headings_and_status_scan_not_full_semantic_review
research/proofs/task54/TARGET_A_EXPONENTIAL_FIXED_R_GLOBAL_CAP.md,historical_theorems_and_exploration,1,Qualitative Exponential Fixed-r Global Cap,,headings_and_status_scan_not_full_semantic_review
research/proofs/task54/TARGET_A_EXPONENTIAL_RESIDUE_BOUNDS.md,historical_theorems_and_exploration,1,Qualitative Exponential Residue Bounds,,headings_and_status_scan_not_full_semantic_review
research/proofs/task54/TARGET_A_FESHBACH_EFFECTIVE_HAMILTONIAN.md,historical_theorems_and_exploration,1,Feshbach-Schur Effective Hamiltonian,,headings_and_status_scan_not_full_semantic_review
research/proofs/task54/TARGET_A_FINITE_STRUCTURED_COUNTEREXAMPLE_TAIL.md,historical_theorems_and_exploration,1,Finite Structured Counterexample Tail,,headings_and_status_scan_not_full_semantic_review
research/proofs/task54/TARGET_A_G6_GAP_CANDIDATE_CLASSIFICATION.md,historical_theorems_and_exploration,1,G6 Upper-Gap Candidate Classification,,headings_and_status_scan_not_full_semantic_review
research/proofs/task54/TARGET_A_G6_REDUCED_RESOLVENT.md,historical_theorems_and_exploration,1,Single-G6 Reduced Resolvent,,headings_and_status_scan_not_full_semantic_review
research/proofs/task54/TARGET_A_G6_SPECTRAL_ISOLATION.md,historical_theorems_and_exploration,1,Single-G6 Spectral Isolation,,headings_and_status_scan_not_full_semantic_review
research/proofs/task54/TARGET_A_GEOMETRIC_RESOLVENT_GLUE.md,historical_theorems_and_exploration,1,Geometric Resolvent Route: Open Status,,headings_and_status_scan_not_full_semantic_review
research/proofs/task54/TARGET_A_IMS_CONSTANT_AUDIT.md,historical_theorems_and_exploration,1,IMS Constant Audit,,headings_and_status_scan_not_full_semantic_review
research/proofs/task54/TARGET_A_IMS_EVENTUAL_THRESHOLD.md,historical_theorems_and_exploration,1,IMS Eventual Threshold,,headings_and_status_scan_not_full_semantic_review
research/proofs/task54/TARGET_A_LIMIT_OPERATOR_FRAMEWORK.md,historical_theorems_and_exploration,3,Pointed Limit-Operator Framework | Pointed compactness | Conditional liminf criterion,,headings_and_status_scan_not_full_semantic_review
research/proofs/task54/TARGET_A_OPTIMIZED_GLOBAL_IMS_CAP.md,historical_theorems_and_exploration,1,Optimized Global IMS Cap,,headings_and_status_scan_not_full_semantic_review
research/proofs/task54/TARGET_A_TASK54_CONTINUATION_BASELINE.md,historical_theorems_and_exploration,1,Target A Task 54 Continuation Baseline,,headings_and_status_scan_not_full_semantic_review
research/proofs/task54/TARGET_A_TASK54_CONTINUATION_DEPENDENCY_GRAPH.md,historical_theorems_and_exploration,5,Target A Task 54 Continuation Dependency Graph | Superseded Cluster Chain | Interaction chain | Lower-bound chain | Bounded evidence,,headings_and_status_scan_not_full_semantic_review
research/proofs/task54/TARGET_A_TASK54_CONTINUATION_MASTER_LEDGER.md,historical_theorems_and_exploration,2,Target A Task 54 Continuation Master Ledger | Evidence inventory,,headings_and_status_scan_not_full_semantic_review
research/proofs/task54/TARGET_A_TASK54_CONTINUATION_SYNTHESIS.md,historical_theorems_and_exploration,29,"Target A Task 54 Continuation Synthesis | 1. Baseline Reconciliation | 2. Multi-Agent Execution | 3. Exact-r Audit, Superseded By Task 55 | 4. Exponential Global Cap | 5. Exponential Residue Threshold | 6. IMS Optimization | 7. Finite Structured Tail | 8. Integrated Eventual Threshold | 9. Multi-Gap Interface Program | 10. Reference Renormalization | 11. Excursion Rigidity | 12. Single-Gap Structure | 13. Periodic Frontier | 14. Interaction Theory | 15. Limit-Theory Framework | 16. Common Liminf | 17. Common Residue Limit | 18. Updated Phase Diagram | 19. Falsification Results | 20. Unexpected Findings | 21. Strongest New Theorems | 22. Evidence Inventory | 23. Disputed / Rejected Claims | 24. Hostile Review | 25. Manuscript Value | 26. Recommended Next Stage | 27. Verification | 28. Git",,headings_and_status_scan_not_full_semantic_review
research/proofs/task54/TARGET_A_TASK54_EVENTUAL_THRESHOLD_SHARPENING.md,historical_theorems_and_exploration,3,Task 54 Eventual-Threshold Sharpening | Analytic tail | Certified finite tail,,headings_and_status_scan_not_full_semantic_review
research/proofs/task54/lanes/analytic_threshold/HANDOFF.md,historical_theorems_and_exploration,14,Lane Handoff | Lane | Research Question | Strongest Result | Proof Boundary | Dependencies | Method | Constants | Certificates | Tests | Falsification Findings | Risks / Blockers | Suggested Verifier Attacks | Integration Recommendation,,headings_and_status_scan_not_full_semantic_review
research/proofs/task54/lanes/exponential_cap/HANDOFF.md,historical_theorems_and_exploration,14,Lane Handoff | Lane | Research Question | Strongest Result | Proof Boundary | Dependencies | Method | Constants | Certificates | Tests | Falsification Findings | Risks / Blockers | Suggested Verifier Attacks | Integration Recommendation,,headings_and_status_scan_not_full_semantic_review
research/proofs/task54/lanes/finite_threshold/HANDOFF.md,historical_theorems_and_exploration,14,Lane Handoff | Lane | Research Question | Strongest Result | Proof Boundary | Dependencies | Method | Constants | Certificates | Tests | Falsification Findings | Risks / Blockers | Suggested Verifier Attacks | Integration Recommendation,,headings_and_status_scan_not_full_semantic_review
research/proofs/task54/lanes/limit_theory/HANDOFF.md,historical_theorems_and_exploration,14,Lane Handoff | Lane | Research Question | Strongest Result | Proof Boundary | Dependencies | Method | Constants | Certificates | Tests | Falsification Findings | Risks / Blockers | Suggested Verifier Attacks | Integration Recommendation,,headings_and_status_scan_not_full_semantic_review
research/proofs/task55/BASELINE.md,historical_theorems_and_exploration,6,Target A Task 55 Baseline | Repository State | Frozen Manuscripts | Inherited Theorems | Mandatory Rank Correction | Evidence Policy,,headings_and_status_scan_not_full_semantic_review
research/proofs/task55/TARGET_A_2R_FESHBACH_THEOREM.md,historical_theorems_and_exploration,3,The 2r-Dimensional G6 Feshbach Theorem | Exact Schur complement | Explicit bounds,,headings_and_status_scan_not_full_semantic_review
research/proofs/task55/TARGET_A_ALL_EVEN_ORDER_CLASSIFICATION.md,historical_theorems_and_exploration,5,Complete Classification at Every Even Order | Theorem | Proof | Evidence Chain | Scope,,headings_and_status_scan_not_full_semantic_review
research/proofs/task55/TARGET_A_COMMON_LIMINF_TASK55.md,historical_theorems_and_exploration,6,Common-Residue Liminf: Surviving Theorem and Open Cases | 1. Statement | 2. Proof of the restricted statement | 3. Exact limitation | 4. Dependencies | 5. Next lemma,,headings_and_status_scan_not_full_semantic_review
research/proofs/task55/TARGET_A_COMMON_LIMIT_TASK55.md,historical_theorems_and_exploration,6,Common Nonzero-Residue Limit: Current Scope | 1. Statement | 2. Evidence | 3. Exact limitation | 4. Dependencies | 5. Next lemma,,headings_and_status_scan_not_full_semantic_review
research/proofs/task55/TARGET_A_EXACT_2R_CLUSTER_THEOREM.md,historical_theorems_and_exploration,7,Exact-2r Cluster Theorem for Separated G6 Interfaces | Theorem | Computer-assisted inputs | Rank two at one interface | Tail and Gram estimates | Codimension-2r complement | Exact count,,headings_and_status_scan_not_full_semantic_review
research/proofs/task55/TARGET_A_EXCURSION_RIGIDITY_TASK55.md,historical_theorems_and_exploration,7,Reference Excursion Rigidity: Exact Finite Scope | 1. Statement | 2. Proof of the finite graph implication | 3. What rigidity does and does not mean | 4. Dependencies | 5. Exact limitation | 6. Next lemma,,headings_and_status_scan_not_full_semantic_review
research/proofs/task55/TARGET_A_EXPLICIT_EXPONENTIAL_CONSTANTS_TASK55.md,historical_theorems_and_exploration,4,Explicit Exponential Constants for the Exact-2r Cluster | Floquet input | Normalized tails | Gram and Feshbach constants,,headings_and_status_scan_not_full_semantic_review
research/proofs/task55/TARGET_A_EXPONENTIAL_FINITE_SIZE_THEOREM.md,historical_theorems_and_exploration,6,Exponential Finite-Size Counterexample Theorem | Theorem | Threshold lower bound | First distance-eligible endpoints | Residue zero | Continuous onset,,headings_and_status_scan_not_full_semantic_review
research/proofs/task55/TARGET_A_G6_RANK_DOUBLING_CORRECTION.md,historical_theorems_and_exploration,6,G6 Rank-Doubling Correction | Corrected Theorem | Exact Anticommuting Symmetry | Multiplicity | Corrected Separated-Interface Space | Surviving Main Theorem,,headings_and_status_scan_not_full_semantic_review
research/proofs/task55/TARGET_A_GENERAL_B0_B2_INTERFACE_THEOREM.md,historical_theorems_and_exploration,5,General B0-to-B2 Interface Program | Current Theorem Boundary | Classification And Equivalences | Remaining Scope | Artifacts,,headings_and_status_scan_not_full_semantic_review
research/proofs/task55/TARGET_A_MULTIGAP_SUPPORT18_THEOREM.md,historical_theorems_and_exploration,7,Primitive Multi-Gap Cores Through Support Sum 18 | Theorem | Open-Interface Convention | Complete Enumeration | Exact Rayleigh Certificates | Extremal Audit Data | Boundary,,headings_and_status_scan_not_full_semantic_review
research/proofs/task55/TARGET_A_ORDERS_34_46_DISCOVERY.md,historical_theorems_and_exploration,6,Target A orders 34--46: discovery record | 1. Question and logical boundary | 2. Discovery outcome | 3. Bounded-search provenance | 4. Historical and current classification | 5. Reproducibility artifacts,,headings_and_status_scan_not_full_semantic_review
research/proofs/task55/TARGET_A_ORDERS_34_46_EXACT_CLASSIFICATION.md,historical_theorems_and_exploration,6,Target A orders 34--46: exact partial classification | 1. Certified statement | 2. Exact input | 3. Exact positive-definiteness proof | 4. Independent reconstruction and binding | 5. Historical lane table and current classification,,headings_and_status_scan_not_full_semantic_review
research/proofs/task55/TARGET_A_PERIODIC_FRONTIER_TASK55.md,historical_theorems_and_exploration,6,Periodic Frontier Beyond Period 24 | 1. Statement | 2. Evidence | 3. Exact limitation | 4. Dependencies | 5. Next lemma,,headings_and_status_scan_not_full_semantic_review
research/proofs/task55/TARGET_A_PHASE_SLIP_INTERACTION_THEOREM.md,historical_theorems_and_exploration,7,Phase-Slip Interaction: Valid Reduction and Open Coefficients | 1. Statement | 2. Evidence | 3. Exact algebra that is already safe | 4. Exact limitation | 5. Dependencies | 6. Next lemma,,headings_and_status_scan_not_full_semantic_review
research/proofs/task55/TARGET_A_PLUS_MINUS_TWO_STRUCTURE_TASK55.md,historical_theorems_and_exploration,7,Gap-2/Gap-6 Quotient Involution | Statement | Transfer And Bulk Relations | Evans Reduction | Common Norm | Logical Boundary | Verification,,headings_and_status_scan_not_full_semantic_review
research/proofs/task55/TARGET_A_REFERENCE_RELATIVE_COST.md,historical_theorems_and_exploration,6,Reference-Relative Cost: Finite Graph Evidence | 1. Statement | 2. Evidence | 3. Exact limitation | 4. Dependencies | 5. Next lemma,,headings_and_status_scan_not_full_semantic_review
research/proofs/task55/TARGET_A_SIMPLICITY_CONDITIONS.md,historical_theorems_and_exploration,7,Simplicity Conditions for the Near-c6 Cluster | 1. Statement | 2. Static two-level criterion | 3. Exact Feshbach root criterion | 4. Evidence and current limitation | 5. Dependencies | 6. Next lemma,,headings_and_status_scan_not_full_semantic_review
research/proofs/task55/TARGET_A_SINGLE_GAP_HIERARCHY_TASK55.md,historical_theorems_and_exploration,5,Single-Gap Hierarchy: Exact Recurrence And Open Physical Tail | Exact Gap-Plus-Eight Transfer | Characteristic Polynomial | Why This Does Not Close The Hierarchy | Classification,,headings_and_status_scan_not_full_semantic_review
research/proofs/task55/TARGET_A_SMALL_ORDER_EXACT_THEOREM.md,historical_theorems_and_exploration,5,Target A Small-Order Exact Classification | Theorem | Local interlacing lemma | Finite closure | Certificate boundary,,headings_and_status_scan_not_full_semantic_review
research/proofs/task55/TARGET_A_TASK55_DEPENDENCY_GRAPH.md,historical_theorems_and_exploration,10,"Target A Task 55 Dependency Graph | Scope And Evidence Convention | Node Ledger | G6 And Exact-2r Proof Graph | Finite-Order Classification Graph | Interface Classification And Lower-Bound Graph | Periodic, Reference-Cost, And Limit Graph | Exact-2r Interaction Boundary | Bound Artifact Map | Verification Snapshot","52:| `MG-18` | All 31,008 reflection-canonical primitive multi-gap cores with support sum in `{2,6,10,14,18}` have `sup sigma(A_g^2)>c6`. | `COMPUTER_ASSISTED_PROVED` | Complete only  | 61:| `PER-26` | At `p=25,26`, 58 and 95 post-filter survivors respectively all have exact Rayleigh witnesses above `c6`. | `EXACT_FINITE_READ_ONLY` | Reported complete counts are 337,",headings_and_status_scan_not_full_semantic_review
research/proofs/task55/TARGET_A_TASK55_MASTER_LEDGER.md,historical_theorems_and_exploration,7,Target A Task 55 Master Ledger | Integrated Results | Exact Finite Read-Only Evidence | High-Precision Evidence | Falsified Or Retracted | Open Problems | Strongest Status,,headings_and_status_scan_not_full_semantic_review
research/proofs/task55/TARGET_A_TASK55_SYNTHESIS.md,historical_theorems_and_exploration,12,Target A Task 55 Synthesis | 1. Baseline And Safety | 2. Mandatory Rank Correction | 3. Corrected Exact-2r Theory | 4. Complete Even-Order Classification | 5. Multi-Gap Interfaces | 6. Single-Gap Structure | 7. Finite Structural Evidence | 8. Interaction And Limits | 9. Evidence Inventory | 10. Publication Boundary | 11. Final Status,,headings_and_status_scan_not_full_semantic_review
research/proofs/task55/TARGET_A_THREE_THREE_LOCAL_LEMMA.md,historical_theorems_and_exploration,5,"Arbitrary-Length Local Lemma For A Consecutive `(3,3)` Motif | Statement | Reduction To One `tau` Lift | Explicit Vectors | Scope",,headings_and_status_scan_not_full_semantic_review
research/proofs/task55/lanes/exact_2r/PRODUCER_HANDOFF.md,historical_theorems_and_exploration,5,Exact-2r Producer Handoff | Producer | Stored proof chain | Evidence boundary | Independent checker requirements,,headings_and_status_scan_not_full_semantic_review
research/proofs/task55/lanes/exact_2r/VERIFIER_HANDOFF.md,historical_theorems_and_exploration,9,Task 55 Exact-2r Independent Verifier Handoff | Scope | Independence Boundary | Certificate Contract | Status Upgrade | Rebuilt Constants | Tamper Coverage | Execution | Verification Result,,headings_and_status_scan_not_full_semantic_review
research/proofs/task55/lanes/multigap/ALT_VERIFIER_HANDOFF.md,historical_theorems_and_exploration,7,"Task 55 Multi-Gap Second-Organization Verification | Verdict | Independent Finite Enumeration | Independent Operator Reconstruction | Strict Format Audit | `(3,3)` Local Lemma | Boundary",,headings_and_status_scan_not_full_semantic_review
research/proofs/task55/lanes/multigap/HANDOFF.md,historical_theorems_and_exploration,4,Lane D Handoff | Accepted Results | Artifacts | Open Boundary,,headings_and_status_scan_not_full_semantic_review
research/proofs/task55/lanes/orders_34_46/HANDOFF.md,historical_theorems_and_exploration,4,Task 55 Lane A handoff: orders 34--46 | Final status | Artifacts | Verification,,headings_and_status_scan_not_full_semantic_review
research/proofs/task55/lanes/single_gap/HANDOFF.md,historical_theorems_and_exploration,1,Lane F Handoff,,headings_and_status_scan_not_full_semantic_review
research/proofs/task55/lanes/small_order_exact/PRODUCER_HANDOFF.md,historical_theorems_and_exploration,6,Task 55 Small-Order Exact Producer Handoff | Scope | Run | Acceptance boundary | Independent checker requirements | Evidence status,,headings_and_status_scan_not_full_semantic_review
research/proofs/task55/lanes/small_order_exact/VERIFIER_HANDOFF.md,historical_theorems_and_exploration,6,Task 55 Small-Order Exact Verifier Handoff | Scope | Independent Reconstruction | Independent Counts | Fail-Closed Boundary | Final Verification,,headings_and_status_scan_not_full_semantic_review
research/proofs/task56/BASELINE.md,historical_theorems_and_exploration,5,Target A Task 56 Night Baseline | Checkpoint | Corrected Mathematical Baseline | Open Lanes | Evidence Gate,,headings_and_status_scan_not_full_semantic_review
research/proofs/task56/TARGET_A_B0_B2_NIGHT_REPORT.md,historical_theorems_and_exploration,10,Task 56 Lane C: Finite Obstructions For `B0 -> B2` Cores | Status And Baseline | Lemma 1: A Unit Gap Is A Uniform Local Obstruction | Proof | Lemma 2: Five Small-Gap Pair Obstructions | Proof | Lemma 3: A Gap Of Length At Least 45 Is A Uniform Obstruction | Proof | Corollary: A Finite-Alphabet Obstruction For The Open Class | Blocker And Honest Boundary,,headings_and_status_scan_not_full_semantic_review
research/proofs/task56/TARGET_A_INTERACTION_SYMMETRY_NIGHT_REPORT.md,historical_theorems_and_exploration,7,Interaction Symmetry Night Report | 1. Audit scope and verdict | 2. Independent all-`k` coefficient check | 3. Independent anticommutation check | 4. Multiplicity and top-level deductions | 5. Interaction consequence and boundary | 6. Independent controls,64:for all `i`. The closure is consistent because the complete Q word has,headings_and_status_scan_not_full_semantic_review
research/proofs/task56/TARGET_A_LIMINF_NIGHT_REPORT.md,historical_theorems_and_exploration,16,Certified-Local Subclasses of the Common-Liminf Problem | 1. Purpose and corrected baseline | 2. Certified local classes | 3. Certified-local liminf theorem | Theorem | Proof | 4. Consequences for the concentration-compactness branches | Tight certified cores | Dichotomy with one certified component | Motif-bearing normalized vanishing | 5. Exclusion from eventual minimizing sequences | 6. Blocker proposition: why the unrestricted liminf does not follow | Proposition | Proof | 7. Exact remaining target | 8. Dependencies and evidence level,,headings_and_status_scan_not_full_semantic_review
research/proofs/task56/TARGET_A_ONE_G6_FINITE_RING_DEGENERACY.md,historical_theorems_and_exploration,6,Symmetry-Protected Double Level On The One-G6 Ring | Theorem | Cyclic Coefficient Identity | Anticommutation Proof | Multiplicity Consequences | Boundary,,headings_and_status_scan_not_full_semantic_review
research/proofs/task56/TARGET_A_PERIODIC_SURVIVOR_NIGHT_REPORT.md,historical_theorems_and_exploration,6,Target A Periodic Survivor Night Report | 1. Scope and baseline | 2. Bounded exact recovery | 3. Common local motif | 4. What this does not prove | 5. Blocker and next structural target,,headings_and_status_scan_not_full_semantic_review
research/proofs/task56/TARGET_A_SINGLE_GAP_NIGHT_REPORT.md,historical_theorems_and_exploration,15,Task 56 Lane G: The Complete Abnormal Single-Gap Theorem | 1. Convention And Necessary Scope | 2. Theorem | 3. Two Elementary Reductions | 4. Exact Small-Gap Certificates | Gap 1 | Gap 2 | Gap 3 | Gap 5 | Gap 7 | Gap 8 | 5. One Fixed Witness For Every `g>=9` | 6. The G6 Equality And Completion Of The Proof | 7. What The Quotient Involution And Recurrence Actually Give | 8. Consequences And Boundary,,headings_and_status_scan_not_full_semantic_review
research/proofs/task56/TARGET_A_TASK56_NIGHT_LEDGER.md,historical_theorems_and_exploration,3,Target A Task 56 Night Ledger | Open After Task 56 | Rejected Promotions,,headings_and_status_scan_not_full_semantic_review
research/proofs/task56/TARGET_A_TASK56_NIGHT_SYNTHESIS.md,historical_theorems_and_exploration,8,Target A Task 56 Night Synthesis | Corrected Start | Complete Abnormal Single-Gap Theorem | Protected Finite-Ring Degeneracy | Universal Interface Progress | Restricted Liminf Progress | Periodic And Reference Lanes | Final Status,,headings_and_status_scan_not_full_semantic_review
research/proofs/task57/TARGET_A_UNIFORM_SINGLE_GAP_SEPARATION.md,historical_theorems_and_exploration,3,Uniform Separation For Abnormal Single Gaps | Corollary | Exact Proof,,headings_and_status_scan_not_full_semantic_review
research/related_work/README.md,literature,4,Spectral Related-Work Library | Final Core Set | Direct Intellectual Chain | Library Layout,,headings_and_status_scan_not_full_semantic_review
research/related_work/bibliography/access_status.md,literature,1,Access Status,,headings_and_status_scan_not_full_semantic_review
research/related_work/bibliography/sources.md,literature,1,Full-Text and Metadata Sources,,headings_and_status_scan_not_full_semantic_review
research/related_work/citation_graph/candidate_chain.md,literature,1,Controlled Citation Chain,,headings_and_status_scan_not_full_semantic_review
research/related_work/notes/A1_Ghorbani_Majidi_2024.md,literature,9,"Complete Signed Graphs with Largest Maximum or Smallest Minimum Eigenvalue | Bibliographic Information | Problem | Main Theorem Architecture | Proof Architecture | Reusable Writing | Relation to the Present Paper | Quotable Concepts, Not Text | Recommendation",,headings_and_status_scan_not_full_semantic_review
research/related_work/notes/A2_Hu_Liu_2025.md,literature,9,"Vertex Isoperimetry on Signed Graphs and Spectra of Non-Bipartite Cayley Graphs | Bibliographic Information | Problem | Main Theorem Architecture | Proof Architecture | Reusable Writing | Relation to the Present Paper | Quotable Concepts, Not Text | Recommendation",,headings_and_status_scan_not_full_semantic_review
research/related_work/notes/A3_Belardo_Brunetti_2024.md,literature,9,"Limit Points for the Spectral Radii of Signed Graphs | Bibliographic Information | Problem | Main Theorem Architecture | Proof Architecture | Reusable Writing | Relation to the Present Paper | Quotable Concepts, Not Text | Recommendation",,headings_and_status_scan_not_full_semantic_review
research/related_work/notes/A4_Brunetti_Trevisan_2026.md,literature,9,"Limit Points for the Spectral Radii of Unbalanced Signed Graphs | Bibliographic Information | Problem | Main Theorem Architecture | Proof Architecture | Reusable Writing | Relation to the Present Paper | Quotable Concepts, Not Text | Recommendation",,headings_and_status_scan_not_full_semantic_review
research/related_work/notes/A5_Kuchment_Vainberg_2006.md,literature,9,"Locally Perturbed Periodic Graph Operators | Bibliographic Information | Problem | Main Theorem Architecture | Proof Architecture | Reusable Writing | Relation to the Present Paper | Quotable Concepts, Not Text | Recommendation",,headings_and_status_scan_not_full_semantic_review
research/related_work/notes/A6_Lin_Ning_2021.md,literature,9,"A Complete Solution to the Cvetkovic-Rowlinson Conjecture | Bibliographic Information | Problem | Main Theorem Architecture | Proof Architecture | Reusable Writing | Relation to the Present Paper | Quotable Concepts, Not Text | Recommendation",,headings_and_status_scan_not_full_semantic_review
research/related_work/notes/A7_Goedgebeur_Schaudt_2018.md,literature,9,"Exhaustive Generation of k-Critical H-Free Graphs | Bibliographic Information | Problem | Main Theorem Architecture | Proof Architecture | Reusable Writing | Relation to the Present Paper | Quotable Concepts, Not Text | Recommendation",,headings_and_status_scan_not_full_semantic_review
research/related_work/notes/H1_Bilu_Linial_2006.md,literature,5,"Lifts, Discrepancy and Nearly Optimal Spectral Gap | Bibliographic Information | Problem and Architecture | Reusable Writing | Relation and Recommendation",,headings_and_status_scan_not_full_semantic_review
research/related_work/notes/H2_Marcus_Spielman_Srivastava_2015.md,literature,5,Interlacing Families I: Bipartite Ramanujan Graphs of All Degrees | Bibliographic Information | Problem and Architecture | Reusable Writing | Relation and Recommendation,,headings_and_status_scan_not_full_semantic_review
research/related_work/notes/S1_Belardo_Cioaba_Koolen_Wang_2018.md,literature,9,"Open Problems in the Spectral Theory of Signed Graphs | Bibliographic Information | Problem | Main Theorem Architecture | Proof Architecture | Reusable Writing | Relation to the Present Paper | Quotable Concepts, Not Text | Recommendation",,headings_and_status_scan_not_full_semantic_review
research/related_work/notes/S2_Brunetti_Stanic_2022.md,literature,9,"Unbalanced Signed Graphs with Extremal Spectral Radius or Index | Bibliographic Information | Problem | Main Theorem Architecture | Proof Architecture | Reusable Writing | Relation to the Present Paper | Quotable Concepts, Not Text | Recommendation",,headings_and_status_scan_not_full_semantic_review
research/related_work/notes/S3_Korotyaev_Saburova_2023.md,literature,9,"Trace Formulas for Magnetic Schrodinger Operators on Periodic Graphs | Bibliographic Information | Problem | Main Theorem Architecture | Proof Architecture | Reusable Writing | Relation to the Present Paper | Quotable Concepts, Not Text | Recommendation",,headings_and_status_scan_not_full_semantic_review
research/related_work/notes/S4_Suvagiya_2026_PREPRINT.md,literature,9,"Signed Circulants at the Ramanujan Bound | Bibliographic Information | Problem | Main Theorem Architecture | Proof Architecture | Reusable Writing | Relation to the Present Paper | Quotable Concepts, Not Text | Recommendation",,headings_and_status_scan_not_full_semantic_review
research/related_work/papers/README.md,literature,1,Archived Papers,,headings_and_status_scan_not_full_semantic_review
research/related_work/papers/core/2018_Belardo_OpenProblemsSignedGraphs.md,literature,9,"Open Problems in the Spectral Theory of Signed Graphs | Bibliographic Information | Problem | Main Theorem Architecture | Proof Architecture | Reusable Writing | Relation to the Present Paper | Quotable Concepts, Not Text | Recommendation",,headings_and_status_scan_not_full_semantic_review
research/related_work/papers/core/2022_Brunetti_UnbalancedSignedGraphsExtremal.md,literature,9,"Unbalanced Signed Graphs with Extremal Spectral Radius or Index | Bibliographic Information | Problem | Main Theorem Architecture | Proof Architecture | Reusable Writing | Relation to the Present Paper | Quotable Concepts, Not Text | Recommendation",,headings_and_status_scan_not_full_semantic_review
research/related_work/papers/core/2024_Belardo_LimitPointsSignedSpectralRadii.md,literature,9,"Limit Points for the Spectral Radii of Signed Graphs | Bibliographic Information | Problem | Main Theorem Architecture | Proof Architecture | Reusable Writing | Relation to the Present Paper | Quotable Concepts, Not Text | Recommendation",,headings_and_status_scan_not_full_semantic_review
research/related_work/papers/core/2024_Ghorbani_CompleteSignedGraphs.md,literature,9,"Complete Signed Graphs with Largest Maximum or Smallest Minimum Eigenvalue | Bibliographic Information | Problem | Main Theorem Architecture | Proof Architecture | Reusable Writing | Relation to the Present Paper | Quotable Concepts, Not Text | Recommendation",,headings_and_status_scan_not_full_semantic_review
research/related_work/papers/core/2025_Hu_VertexIsoperimetrySignedCayley.md,literature,9,"Vertex Isoperimetry on Signed Graphs and Spectra of Non-Bipartite Cayley Graphs | Bibliographic Information | Problem | Main Theorem Architecture | Proof Architecture | Reusable Writing | Relation to the Present Paper | Quotable Concepts, Not Text | Recommendation",,headings_and_status_scan_not_full_semantic_review
research/related_work/papers/core/2026_Brunetti_LimitPointsUnbalancedSigned.md,literature,9,"Limit Points for the Spectral Radii of Unbalanced Signed Graphs | Bibliographic Information | Problem | Main Theorem Architecture | Proof Architecture | Reusable Writing | Relation to the Present Paper | Quotable Concepts, Not Text | Recommendation",,headings_and_status_scan_not_full_semantic_review
research/related_work/papers/core/2026_Suvagiya_SignedCirculants_PREPRINT.md,literature,9,"Signed Circulants at the Ramanujan Bound | Bibliographic Information | Problem | Main Theorem Architecture | Proof Architecture | Reusable Writing | Relation to the Present Paper | Quotable Concepts, Not Text | Recommendation",,headings_and_status_scan_not_full_semantic_review
research/related_work/papers/historical/2006_BiluLinial_LiftsDiscrepancy.md,literature,5,"Lifts, Discrepancy and Nearly Optimal Spectral Gap | Bibliographic Information | Problem and Architecture | Reusable Writing | Relation and Recommendation",,headings_and_status_scan_not_full_semantic_review
research/related_work/papers/historical/2015_Marcus_InterlacingFamiliesI.md,literature,5,Interlacing Families I: Bipartite Ramanujan Graphs of All Degrees | Bibliographic Information | Problem and Architecture | Reusable Writing | Relation and Recommendation,,headings_and_status_scan_not_full_semantic_review
research/related_work/papers/methods/2006_Kuchment_LocalPerturbedPeriodicGraphOperators.md,literature,9,"Locally Perturbed Periodic Graph Operators | Bibliographic Information | Problem | Main Theorem Architecture | Proof Architecture | Reusable Writing | Relation to the Present Paper | Quotable Concepts, Not Text | Recommendation",,headings_and_status_scan_not_full_semantic_review
research/related_work/papers/methods/2018_Goedgebeur_ExhaustiveGenerationCriticalGraphs.md,literature,9,"Exhaustive Generation of k-Critical H-Free Graphs | Bibliographic Information | Problem | Main Theorem Architecture | Proof Architecture | Reusable Writing | Relation to the Present Paper | Quotable Concepts, Not Text | Recommendation",,headings_and_status_scan_not_full_semantic_review
research/related_work/papers/methods/2021_Lin_CompleteCvetkovicRowlinsonClassification.md,literature,9,"A Complete Solution to the Cvetkovic-Rowlinson Conjecture | Bibliographic Information | Problem | Main Theorem Architecture | Proof Architecture | Reusable Writing | Relation to the Present Paper | Quotable Concepts, Not Text | Recommendation",,headings_and_status_scan_not_full_semantic_review
research/related_work/papers/methods/2023_Korotyaev_TraceFormulasPeriodicMagneticGraphs.md,literature,9,"Trace Formulas for Magnetic Schrodinger Operators on Periodic Graphs | Bibliographic Information | Problem | Main Theorem Architecture | Proof Architecture | Reusable Writing | Relation to the Present Paper | Quotable Concepts, Not Text | Recommendation",,headings_and_status_scan_not_full_semantic_review
research/related_work/reports/current_reference_audit.md,literature,2,Audit of the Current 22-Item Bibliography | Additions Before a Manuscript Rewrite,,headings_and_status_scan_not_full_semantic_review
research/related_work/reports/final_literature_report.md,literature,11,Final Literature Report | Core Answer | Most Important Sources | Direct Predecessors | Architecture Sources | Venue Signals | References to Demote | Recommended Literature Chains | Novelty Verdict | Recommended First Venue Framing | Next Reading Order,,headings_and_status_scan_not_full_semantic_review
research/related_work/reports/literature_review.md,literature,31,文献综述：固定图上的 Signed Spectral-Radius Minimization | 摘要 | 1. 问题位置 | 1.1 signing 与 two-lift 背景 | 1.2 published signed spectral extremal line | 1.3 signed spectral-radius program | 2. 具体 cycle-square 问题 | 3. 周期、flux 与局部 interface | 4. 全阶分类与计算机辅助闭合 | 5. 逐篇论证结构：主定理（问题）→ 证明 → 可引用描述 | S1. Belardo--Cioabă--Koolen--Wang (2018): 问题源头 | S2. Brunetti--Stanić (2022): signed extremal classification 的已发表范式 | S3. Korotyaev--Saburova (2023): 周期磁算子的 Floquet--trace 链 | S4. Suvagiya (2026 preprint): 本文直接的 conjectural predecessor | A1. Ghorbani--Majidi (2024): complete signed graphs 上的单侧极值 | A2. Hu--Liu (2025): signed Cheeger 常数到非二分 Cayley 谱 | A3. Belardo--Brunetti (2024): Hoffman limit-point program | A4. Brunetti--Trevisan (2026): unbalanced limit-point completion | A5. Kuchment--Vainberg (2006): local perturbation 的可局域化定理 | A6. Lin--Ning (2021): analytic tail + finite exceptions 的分类模板 | A7. Goedgebeur--Schaudt (2018): 先证明枚举完备，再报告计算结论 | H1. Bilu--Linial (2006): signing 的 two-lift 出发点 | H2. Marcus--Spielman--Srivastava (2015): interlacing family 的存在性闭合 | 6. 核心文章的写作结构比较 | 7. 当前稿的引用方案 | 主文必须出现 | 建议主文或技术节保留 | 可降权、移动或删除 | 8. 推荐的 Introduction 引用次序 | 9. Novelty 与引用风险 | 10. 结论,,headings_and_status_scan_not_full_semantic_review
research/related_work/reports/new_related_work_structure.md,literature,4,Two Related-Work Framings | Framing A: JGT / EJC Priority | Framing B: LAA Priority | Recommendation,,headings_and_status_scan_not_full_semantic_review
research/related_work/reports/seed_audit.md,literature,3,Seed Literature Audit | Screening Decision | Novelty Check,,headings_and_status_scan_not_full_semantic_review
research/related_work/reports/venue_architecture.md,literature,10,Venue Architecture Audit | Journal of Graph Theory | Lin--Ning (2021) | Goedgebeur--Schaudt (2018) | European Journal of Combinatorics | Hu--Liu (2025) | Linear Algebra and its Applications | Korotyaev--Saburova (2023) | SIAM Journal on Discrete Mathematics | Editorial consequence,,headings_and_status_scan_not_full_semantic_review
research/reproducibility/TARGET_A_FULL_SLOW_REPRODUCTION.md,code_and_evidence,7,Target A Full Slow Reproduction | 1. What Was Regenerated | 2. Chain Comparison | 3. Read-Only Replay | 4. Default-Skipped Tests | 5. Environment and Commands | 6. Scope,,headings_and_status_scan_not_full_semantic_review
research/reproducibility/target_a_independent_spectral_audit/README.md,code_and_evidence,1,Independent Large-Order Spectral Audit,,headings_and_status_scan_not_full_semantic_review
research/reproducibility/target_a_large_order_completeness/README.md,code_and_evidence,1,Large-Order Record-Set Audit,,headings_and_status_scan_not_full_semantic_review
research/reproducibility/task53/README.md,code_and_evidence,1,Task 53 Reproducibility,,headings_and_status_scan_not_full_semantic_review
research/review/TARGET_A_COMPUTATIONAL_REVIEW.md,other_research_records,7,Target A Computational Final Re-review | Scope | MODERATE 1: Final immutable snapshot and submission manifest | MODERATE 2: Strengthened verifier absent from the trusted evidence graph | Lightweight Verification | Residual Correlated Risk | Final Verdict,,headings_and_status_scan_not_full_semantic_review
research/review/TARGET_A_FINITE_MINIMALITY_TRUST_MAP.md,other_research_records,7,Target A Finite-Minimality Trust Map | Coordinate and Decision Model | Order-by-Order Map | Independence of the Large-Order Route | Independent Large-Order Spectral Decisions | Machine-Readable Evidence | Remaining Trust Boundary,,headings_and_status_scan_not_full_semantic_review
research/review/TARGET_A_FINITE_MINIMALITY_TRUST_MAP_TASK47_ADDENDUM.md,other_research_records,1,Target A Finite-Minimality Trust Map: Task 47 Addendum,,headings_and_status_scan_not_full_semantic_review
research/review/TARGET_A_N22_INDEPENDENT_AUDIT.md,other_research_records,4,Target A Order-22 Independent Audit | Representative Audit | Independent Spectral Decisions | Scope,,headings_and_status_scan_not_full_semantic_review
research/review/TARGET_A_REVIEWER_CN.md,other_research_records,5,Target A 中文版最终独立语言复核报告 | 最终结论 | 逐项关闭 | 核验记录 | 最终判定,,headings_and_status_scan_not_full_semantic_review
research/review/TARGET_A_REVIEWER_LANGUAGE.md,other_research_records,7,Target A Final English-Language Re-review | Re-review Scope | Disposition of Moderate Findings | Disposition of Minor Findings | Build and Source Verification | Theorem and Proof Integrity | Final Verdict,,headings_and_status_scan_not_full_semantic_review
research/review/TARGET_A_REVIEWER_THREE_MAJOR_REVISION.md,other_research_records,6,Target A Reviewer Three Final Short Re-review | Remote Snapshot Verification | Previous MAJOR 1: RESOLVED | Disposition of Previous Findings | Referee Checks | Verdict,"83:hash-valid, and publicly viewable. I found no remaining mathematical,",headings_and_status_scan_not_full_semantic_review
research/review/TARGET_A_TECHNICAL_INTERFACE_AUDIT.md,other_research_records,8,Target A Technical Interface Audit | Zone Folding and Primitive Cells | Finite and Infinite Floquet Domains | Moment Logic | Period-Eight Trichotomy | Short-Cell Collisions | Expressions and Cross-References | Scope,,headings_and_status_scan_not_full_semantic_review
research/review/task48a/THEORY_TRIAGE_REVIEW.md,other_research_records,6,Reviewer Theory-Triage: Task 48A | Verdict | Major findings | Moderate findings | Minor findings | Active attempts to falsify the signals,,headings_and_status_scan_not_full_semantic_review
research/review/task49/COMPUTER_ASSISTED_PROOF_REVIEW.md,other_research_records,7,Task 49 Independent Computer-Assisted-Proof Review | Findings | MODERATE 1: floating point still proposes exact certificate vectors | MODERATE 2: high-precision Evans evidence is not interval arithmetic | MINOR 1: software and resource bounds should accompany the final package | Positive Checks | Verdict,,headings_and_status_scan_not_full_semantic_review
research/review/task49/GRAPH_COMBINATORIAL_REVIEW.md,other_research_records,7,"Task 49 Independent Graph/Combinatorial Review | Findings | MODERATE 1: all-even coverage is a proof program, not a theorem | MODERATE 2: finite Evans closure needs a formal switching lemma | MINOR 1: displayed and primitive periods require consistent terminology | Positive Checks | Verdict",,headings_and_status_scan_not_full_semantic_review
research/review/task49/SPECTRAL_FLOQUET_REVIEW.md,other_research_records,8,Task 49 Independent Spectral/Floquet Review | Findings | MAJOR 1: the exact interface theorem is not yet closed | MODERATE 1: positive Floquet phase does not explain mod16 selection | MODERATE 2: empirical envelope constants are not certified constants | MINOR 1: fit-window variation should remain visible | Positive Checks | Verdict,,headings_and_status_scan_not_full_semantic_review
research/review/task49/TARGET_A_HANKEL_INDEPENDENT_AUDIT.md,other_research_records,4,Target A Hankel Independent Audit | Method | Result | Verdict,,headings_and_status_scan_not_full_semantic_review
research/review/task49/TARGET_A_P24_INDEPENDENT_AUDIT.md,other_research_records,5,Target A p<=24 Independent Audit | Scope and Independence | Destructive Accounting | Certificate Check | Verdict,,headings_and_status_scan_not_full_semantic_review
research/review/task50/COMPUTER_ASSISTED_PROOF_REVIEW.md,other_research_records,6,Task 50 Computer-Assisted-Proof Review | Findings | MODERATE 1: the independent checker shares the interval kernel | MINOR 1: retain the outward-enclosure format explanation | Accepted Components | Verdict,,headings_and_status_scan_not_full_semantic_review
research/review/task50/FLOQUET_TRANSFER_REVIEW.md,other_research_records,6,Task 50 Floquet/Transfer Review | Findings | BLOCKER 1: no invariant cone for the finite-closure recurrence | MINOR 1: cut conventions must accompany every transfer product | Accepted Components | Verdict,,headings_and_status_scan_not_full_semantic_review
research/review/task50/SIGNED_GRAPH_REVIEW.md,other_research_records,6,Task 50 Signed-Graph/Combinatorial Review | Findings | MAJOR 1: explicit residue coverage is not yet eventual coverage | MODERATE 1: the second G6 defect orientation remains part of Gate 5 | Accepted Components | Verdict,,headings_and_status_scan_not_full_semantic_review
research/review/task50/SPECTRAL_THEORY_REVIEW.md,other_research_records,6,Task 50 Spectral-Theory Review | Findings | BLOCKER 1: finite localization does not identify the finite spectral radius | MODERATE 1: the simple-zero intersection argument should stay explicit | Accepted Components | Verdict,,headings_and_status_scan_not_full_semantic_review
research/review/task51/COMBINATORICS_SIGNED_GRAPH_REVIEW.md,other_research_records,1,Combinatorics and Signed-Graph Review,,headings_and_status_scan_not_full_semantic_review
research/review/task51/COMPUTER_ASSISTED_PROOF_REVIEW.md,other_research_records,1,Computer-Assisted Proof Review,,headings_and_status_scan_not_full_semantic_review
research/review/task51/FLOQUET_RECURRENCE_REVIEW.md,other_research_records,1,Floquet and Recurrence Review,,headings_and_status_scan_not_full_semantic_review
research/review/task51/HOSTILE_THEORY_EDITOR_REVIEW.md,other_research_records,1,Hostile Theory Editor Review,,headings_and_status_scan_not_full_semantic_review
research/review/task51/SPECTRAL_THEORY_REVIEW.md,other_research_records,1,Spectral Theory Review,,headings_and_status_scan_not_full_semantic_review
research/review/task53/REVIEW_A_SPECTRAL.md,other_research_records,1,Reviewer A: Spectral Theory,,headings_and_status_scan_not_full_semantic_review
research/review/task53/REVIEW_B_FLOQUET_EVANS.md,other_research_records,1,Reviewer B: Floquet and Evans Theory,,headings_and_status_scan_not_full_semantic_review
research/review/task53/REVIEW_C_ALGEBRA.md,other_research_records,1,Reviewer C: Algebra,,headings_and_status_scan_not_full_semantic_review
research/review/task53/REVIEW_D_COMBINATORICS.md,other_research_records,1,Reviewer D: Signed Graphs and Combinatorics,,headings_and_status_scan_not_full_semantic_review
research/review/task53/REVIEW_E_COMPUTER_ASSISTED.md,other_research_records,1,Reviewer E: Computer-assisted Proof,,headings_and_status_scan_not_full_semantic_review
research/review/task53/REVIEW_F_JCTB_EDITOR.md,other_research_records,1,Reviewer F: Hostile JCTB Theory Editor,,headings_and_status_scan_not_full_semantic_review
research/review/task53/REVIEW_G_SCOPE.md,other_research_records,1,Reviewer G: Narrative and Scope,,headings_and_status_scan_not_full_semantic_review
research/review/task54/MASTER_CONTINUATION_REVIEW.md,other_research_records,4,Task 54 Master Continuation Review | Verdict | Verification | Open Boundaries,,headings_and_status_scan_not_full_semantic_review
research/review/task55/MASTER_REVIEW.md,other_research_records,22,"Target A Task 55 Hostile Independent Review | 1. Review standard and verdict | 2. Adverse findings | Finding A: stale status prose after the exact-2r upgrade, resolved | Finding B: exact-2r remains conditional on upstream computer-assisted inputs | Finding C: one administrative field was not fully fail-closed, resolved | Finding D: the global even-order classification is a composite theorem | 3. Evidence ledger | A. Theorem-valid analytic deductions | B. Computer-assisted proved | C. Exact finite read-only | D. Falsified, withdrawn, or rejected | E. Open | 4. Explicit audits requested | Rank-two G6 | Exact-2r | N_exp=3120 | Small-order classification | Multi-gap support through 18 | Frozen manuscripts | 5. Verification actually run | 6. Publication disposition",,headings_and_status_scan_not_full_semantic_review
research/review/task56/NIGHT_MASTER_REVIEW.md,other_research_records,3,Task 56 Night Hostile Review | Verdict | Remaining Risks,,headings_and_status_scan_not_full_semantic_review
