path,family,bytes,sha256,format,syntax,review_level
.gitignore,other_research_records,45,4cb18d750ab3d36453c88d0f1b380636848f501dadf444d3e442f2b7254ffe5f,none,not_applicable,mechanical_inventory_only
formal/.gitignore,formal_kernel,14,637cfc01adb46fef4d5b55a34389eb58f203d51b72ca75df320107bb95fc86a3,none,not_applicable,mechanical_inventory_only
formal/TargetA.lean,formal_kernel,27,fa655f28cf0f974a4fc6638ea97b49f14181ca8a6cb6786e79830a8b00843f2c,.lean,not_applicable,mechanical_inventory_only
formal/TargetA/AllTheorems.lean,formal_kernel,297,563305f8569a9a72a934c3bd725f42ca45fc7184ec497654e59ac78b071f89ba,.lean,not_applicable,mechanical_inventory_only
formal/TargetA/Definitions.lean,formal_kernel,557,57e1474341337231cf8aeedb7cfddbf137c6005da4432162e9fdccf2f1c127c0,.lean,not_applicable,mechanical_inventory_only
formal/TargetA/FiniteBloch.lean,formal_kernel,8895,7ef127215488d195c936f341ff752a7026857685783ba2d9e69cf56910237e61,.lean,not_applicable,mechanical_inventory_only
formal/TargetA/HamiltonGauge.lean,formal_kernel,12031,ad9c2ce1b2fac081e803fe5cd227de85ceba0ef75e4426817c9dd1d49c30b57f,.lean,not_applicable,mechanical_inventory_only
formal/TargetA/Period8BlochAction.lean,formal_kernel,22790,5d9e5d545591920c38a13312e41add49d59e66e0b7c5193c9c5f411a4f8b6e9c,.lean,not_applicable,mechanical_inventory_only
formal/TargetA/Period8ChiralBlock.lean,formal_kernel,9131,28a13da079382b773f9f95313db69d331abcc3e8c014e0e678db7fe4c908cf3c,.lean,not_applicable,mechanical_inventory_only
formal/TargetA/Period8Fiber.lean,formal_kernel,21328,6fd6d51b87f98a65487f7175d20ac92547fda9d62508adf65e81578ab283824f,.lean,not_applicable,mechanical_inventory_only
formal/TargetA/Period8Polynomial.lean,formal_kernel,3995,e4fdd7a952a88962d0f71558cd4cd18dc3ebab4022d57950b0166c101ee44bc8,.lean,not_applicable,mechanical_inventory_only
formal/TargetA/PhaseSlip.lean,formal_kernel,341,307c2f65dc2dad57fef04df13963325f8dcfeb175037e4673a8831ce33294022,.lean,not_applicable,mechanical_inventory_only
formal/TargetA/TwistedBlock.lean,formal_kernel,804,d9518c5d2e8b1b6df66fee7275669a77477a928b7068f1dff329803faf694f47,.lean,not_applicable,mechanical_inventory_only
formal/TargetA/TwistedThreshold.lean,formal_kernel,2874,6bd420efd661bc2b67a66826ca47ea1c6ca41c656b1d20b194d4c54d155addac,.lean,not_applicable,mechanical_inventory_only
formal/lake-manifest.json,formal_kernel,3127,ad9bcbf6d40c632e5659cb631ebb8837026d7756515e95b5124d6e5880a707ad,.json,json_valid,mechanical_inventory_only
formal/lakefile.lean,formal_kernel,199,983fc678331e17965b5d90455a0c8cc29296641afcc4110617271aadc007a6ec,.lean,not_applicable,mechanical_inventory_only
formal/lean-toolchain,formal_kernel,25,3aac669c7a910ec2389f4e4f921b605adf6ebf2d1e0c9b9cd0be4d33f3f5db71,none,not_applicable,mechanical_inventory_only
research/CONJECTURE_REGISTRY.md,other_research_records,12375,80cf66b94527cd9fab3cdba85d5a6e3ab6b33560e71b97b416b5d7d71b2b3a0a,.md,not_applicable,mechanical_inventory_only
research/README.md,other_research_records,7663,ae34fd0aa644d4e51a3d784a2b37c3025b11e52025738bc9cb3ff679bb18a341,.md,not_applicable,mechanical_inventory_only
research/RESEARCH_LOG.md,other_research_records,63728,e0cf482d594acb5e9a907190b9cfbc938b657d194962ad73b50d9bbe38b0f920,.md,not_applicable,mechanical_inventory_only
research/analytic_inventory/README.md,historical_analytic_program,4328,d2944794af5b86486a55f90ab087ca4d34b695adcdd412134a313051dfb69b33,.md,not_applicable,mechanical_inventory_only
research/analytic_inventory/analytic_claim_registry.md,historical_analytic_program,3206,202282adead3a54dc8154eac73ca778999aa2fe198e31c46d237239982c9c04b,.md,not_applicable,mechanical_inventory_only
research/analytic_inventory/analytic_completion_plan.md,historical_analytic_program,1746,f267e27918f23cc6f1c031f7202517fc0d084715ed70e5d0ba26bd2c833b4e9c,.md,not_applicable,mechanical_inventory_only
research/analytic_inventory/g6_scalar_problem.md,historical_analytic_program,3482,5b91b3133720ec0831de54c9ed472081691070b3e363b9af1fe9ed1b19dfd9dc,.md,not_applicable,mechanical_inventory_only
research/analytic_inventory/general_period_defect_obstruction.md,historical_analytic_program,2508,f907ce63d1e0c0d9ade3d4dec3a9c307691e3c294d060c5e7c08bc5e39d1d563,.md,not_applicable,mechanical_inventory_only
research/analytic_inventory/general_period_moment_line_audit.md,historical_analytic_program,1502,adb006b39c4efe4604a482786ba2b141b4147ba6893cd5df1f26dca45a5aaa6e,.md,not_applicable,mechanical_inventory_only
research/analytic_inventory/hamilton_gauge_realization.md,historical_analytic_program,2513,4fef6f3a78ab16d41e4c3eb60676f410faf00a270c505b4ec600ec985b74f410,.md,not_applicable,mechanical_inventory_only
research/analytic_inventory/lean_formalization_plan.md,historical_analytic_program,2620,1a620f52f5d278fbf6a28016e4e180df647db04a463075a6a2fd77fb0cbaecd0,.md,not_applicable,mechanical_inventory_only
research/analytic_inventory/period8_article_dependency_audit.md,historical_analytic_program,1915,525279f314c1202497262a9e779278b9f31e7d2820dc8da5b9e6e419dcea23c4,.md,not_applicable,mechanical_inventory_only
research/analytic_inventory/period8_article_route.md,historical_analytic_program,3302,74b9fbb86cf94c06b99459a9a249d3655153dd6afe045fe4c2a859ae420387a9,.md,not_applicable,mechanical_inventory_only
research/analytic_inventory/period8_complete_analytic_proof.md,historical_analytic_program,4155,a51e8e94d4be86e41751b7435f13a332e55beb77df7ae559c87411d5b3665a51,.md,not_applicable,mechanical_inventory_only
research/analytic_inventory/period8_derivation.md,historical_analytic_program,4821,1b3dd3078ab3370539d986c942ef2d655594f505e39f03b6f2242c2ac5f078d5,.md,not_applicable,mechanical_inventory_only
research/analytic_inventory/period8_independent_audit.md,historical_analytic_program,1104,7505448dc8326d5a98f34f66a5182df338dcbc734e60369924b6df83a6ec4bc6,.md,not_applicable,mechanical_inventory_only
research/analytic_inventory/period8_line_audit.md,historical_analytic_program,2748,1f4f10a9156544d43a98197d276d43c5ec204897d74bc9d2f220545fd1771681,.md,not_applicable,mechanical_inventory_only
research/analytic_inventory/period8_literature_led_architecture.md,historical_analytic_program,4919,4c12ad91e8df276133bfa9bc5c621edd5c410fa958a2c38c3c0d39d96741ccc2,.md,not_applicable,mechanical_inventory_only
research/analytic_inventory/period8_manuscript_integration.md,historical_analytic_program,4337,ad2e0b6c8724f3fc2a6e78e49cd2e10895b518b42547a20c6ff6a9a6da77c7a2,.md,not_applicable,mechanical_inventory_only
research/analytic_inventory/period8_trichotomy_analytic_proof.md,historical_analytic_program,2873,04d60f7bf17c390f0697e080992ac45f66b987a4ba3f7eb93425f2bff6fb1006,.md,not_applicable,mechanical_inventory_only
research/analytic_inventory/period8_two_defect_closed_walk_lemma.md,historical_analytic_program,3236,5a21c6e74c2c932c5d7258d64abd86eb9d6ab7226891b452dc4c4aee1082ae81,.md,not_applicable,mechanical_inventory_only
research/analytic_inventory/periodic_moment_lemma.md,historical_analytic_program,4057,1d1dce6a3b700d60bdc8079d708ea5af6bdc09fdf125f9527cf031cc3ca99b5c,.md,not_applicable,mechanical_inventory_only
research/analytic_inventory/proof_map.md,historical_analytic_program,4707,53c67fc61171cb82398c4842ad7eb1a831bf2a2d734ea681064edd675b26d21f,.md,not_applicable,mechanical_inventory_only
research/analytic_inventory/r2_boundary_diagnostic.md,historical_analytic_program,1909,47a9e0d690de925fdf567857ca9d1f913a73a1b2c2de015f5c89d12f9b4a3bd3,.md,not_applicable,mechanical_inventory_only
research/analytic_inventory/r2_boundary_program.md,historical_analytic_program,3947,be831d5e6f27b72d46d796899f02e7b3b540baabf78559b936e3b27163782f53,.md,not_applicable,mechanical_inventory_only
research/analytic_inventory/r2_boundary_seed.md,historical_analytic_program,967,e4b225f2dcdb823a12f6d5cbb899bf918230ae9a174409169abf753d6b84232b,.md,not_applicable,mechanical_inventory_only
research/analytic_inventory/r2_boundary_tail_closure.md,historical_analytic_program,4404,8cde1b9c1c324e483485d405d00e01ea1fe0f4b890f3dea3f8b97ebe9df55773,.md,not_applicable,mechanical_inventory_only
research/analytic_inventory/r2_finite_base.md,historical_analytic_program,900,8dbeeab9173c070d4bb1a04d61b94e179157145cb20b2fe40bbf8efa890e0512,.md,not_applicable,mechanical_inventory_only
research/analytic_inventory/r2_local_contraction.md,historical_analytic_program,3997,6d0ed4849c0d39de0744f27a32d84f24fe72e88e36e554db1fc36428d950ae36,.md,not_applicable,mechanical_inventory_only
research/analytic_inventory/r2_lyapunov_certificate.md,historical_analytic_program,1828,abf2df297e9263cf508afbac6269ee6ae842f6494b714a4211df0d3ba8563bc7,.md,not_applicable,mechanical_inventory_only
research/analytic_inventory/r2_lyapunov_route.md,historical_analytic_program,2557,7b578387b59a0217b8ffb9e640af36854ee8e4f978740f02566df4230fb90fce,.md,not_applicable,mechanical_inventory_only
research/analytic_inventory/r2_response_recurrence.md,historical_analytic_program,1675,919a2488cee4847a1ba34ee125e0167b3a56fc6cfc7b13cbb3016594647959a7,.md,not_applicable,mechanical_inventory_only
research/analytic_inventory/r2_response_transfer.md,historical_analytic_program,3444,53c3d049ef90d635759e70a22061b2f0a799a7a3103066709a14b4a8b6e008b0,.md,not_applicable,mechanical_inventory_only
research/analytic_inventory/r2_tail_line_audit.md,historical_analytic_program,2206,b510b0c836c579a497e9c5d23dda323fcfdfeae75194d3b84a7564db2f446f41,.md,not_applicable,mechanical_inventory_only
research/analytic_inventory/r2_tail_majorant_lemma.md,historical_analytic_program,3455,fae70d6ed39db451ba36e6abade6fd89a22b7d293d850c913d3014dfecfc817f,.md,not_applicable,mechanical_inventory_only
research/analytic_inventory/r46_block_template_audit.md,historical_analytic_program,4006,526d454aca6e604ffa442a114fc60a7f2493851c0d22530af8665ae79e31be1f,.md,not_applicable,mechanical_inventory_only
research/analytic_inventory/r4_bulk_arc_screen.md,historical_analytic_program,1992,73aa25a77bee4fecb23093a43e4efe9fe8d644f556890b209209341ccb42896e,.md,not_applicable,mechanical_inventory_only
research/analytic_inventory/twisted_benchmark_derivation.md,historical_analytic_program,2150,444d185d3b72143adb983f1cf8072c5cd8d3a031af7564f9b20267634629774d,.md,not_applicable,mechanical_inventory_only
research/audit/.gitkeep,code_and_evidence,1,01ba4719c80b6fe911b091a7c05124b64eeece964e09c058ef8f9805daca546b,none,not_applicable,mechanical_inventory_only
research/audit/DIRECT_BRACELET_GENERATOR_AUDIT.md,code_and_evidence,4495,6dd77977f0dca4d6bf17d7e188fc8f7b2fb5b3af61b2d8017c5a5b68a3a06a21,.md,not_applicable,mechanical_inventory_only
research/audit/N32_WITNESS_RECONSTRUCTION.md,code_and_evidence,4059,5836edf9b59c4fa926c53b69e8cfa9af18bf640f5e88d42590ded5afd32b7d1c,.md,not_applicable,mechanical_inventory_only
research/audit/PERIOD8_FLOQUET_INDEPENDENT_AUDIT.md,code_and_evidence,7828,e2b6d588dcef4b49813b939bbb902a74aab290bb1403578999af0bf50fb56309,.md,not_applicable,mechanical_inventory_only
research/audit/PERIOD8_INFINITE_FAMILY_INDEPENDENT_AUDIT.md,code_and_evidence,6928,8e9e497375d1df759727d517e2ec26e3b08cf3d023a0cfe9215baa4ec0377bc3,.md,not_applicable,mechanical_inventory_only
research/audit/QUOTIENT_COMPLETENESS_AUDIT.md,code_and_evidence,6694,dfef80ff016df18fd913504a16d6fe033eadd2557d0f8e3fb2d628fcbede6808,.md,not_applicable,mechanical_inventory_only
research/audit/TARGET_A_CURRENT_STATUS_CHECK.md,code_and_evidence,3593,4ae9f06f060b86cd62f14d0d4321cfcddf4b476ea384f0a615ff42ee15473a8c,.md,not_applicable,mechanical_inventory_only
research/audit/TARGET_A_MINIMALITY_DEPENDENCIES.json,code_and_evidence,4013,1de2a8e0e4f4e3094afcd1b3e557712b30771e694245070810f31b58d4fc2c49,.json,json_valid,mechanical_inventory_only
research/audit/TARGET_A_N24_DUAL_GENERATOR_AUDIT.md,code_and_evidence,2012,fca19a1a9ed280fdb485bc467bb638dcaaad33ce3aeb76f7e77ad0a1bb02b01c,.md,not_applicable,mechanical_inventory_only
research/audit/TARGET_A_REVIEWER_ONE.md,code_and_evidence,11405,f4f5ced53967e8cddd7eb8ab8605c13d55c445c676e8ebe661d7b74b0dc67d66,.md,not_applicable,mechanical_inventory_only
research/audit/TARGET_A_REVIEWER_ONE_RESPONSE.md,code_and_evidence,3513,3962ae1c919556fa7e86c01b0586bdc7738007c9ba8c11e20eca311303f3181d,.md,not_applicable,mechanical_inventory_only
research/audit/TARGET_A_REVIEWER_ONE_ROUND2.md,code_and_evidence,7636,d2badc38e7fd71cf0029b173aa011863e128cb6f11464b56198034e9df5d3a49,.md,not_applicable,mechanical_inventory_only
research/audit/TARGET_A_REVIEWER_ONE_ROUND3.md,code_and_evidence,3128,626d319debef84c1ddf283123c97af02b866d524e4119db1efa7c382767ca6b1,.md,not_applicable,mechanical_inventory_only
research/audit/TARGET_A_REVIEWER_ZERO_RESPONSE.md,code_and_evidence,3541,c3a17501b11bf94cd839518c55029339ae56c6e27739eae09d8d7fab2cf18193,.md,not_applicable,mechanical_inventory_only
research/audit/TARGET_A_REVIEWER_ZERO_ROUND1.md,code_and_evidence,9897,d1990367568a9d38998f2508510979b450ef6b8cdf48a3586f01e4494f5db22e,.md,not_applicable,mechanical_inventory_only
research/audit/TARGET_A_REVIEWER_ZERO_ROUND2.md,code_and_evidence,14127,89f660135b864a3ed67896b469e9dc4a0282cd15e02c3432bbb81dade8e2b9e6,.md,not_applicable,mechanical_inventory_only
research/audit/TARGET_A_TASK44_COMPLETION.md,code_and_evidence,1480,d53c42a9a461f6d31febbfa5c9174a9242d7dfc90c270e44a6e313976d77a2eb,.md,not_applicable,mechanical_inventory_only
research/audit/direct_bracelet_generator_audit.json,code_and_evidence,13559,623c3aad226eed98e7bdb215f9429cfd585629abcaa8fbeb0f5ccb25430640d2,.json,json_valid,mechanical_inventory_only
research/audit/n32_witness_reconstruction_audit.json,code_and_evidence,3620,35a28ffb95cb1ab1e15838997b7fc9a696d7f69caa70a4aeafd50f653bc5c543,.json,json_valid,mechanical_inventory_only
research/audit/period8_floquet_independent_audit.json,code_and_evidence,8432,2a5657d0791b1e1a3c742ae8e0a738f083115b4e4516e5e8d8fd4d1999d6c3ee,.json,json_valid,mechanical_inventory_only
research/audit/period8_infinite_family_independent_audit.json,code_and_evidence,7450,b36bce66ec367e418e1499a1400773147d29537da92a49695b8d7dc9c1c08fa8,.json,json_valid,mechanical_inventory_only
research/audit/period8_pattern_classification_audit.json,code_and_evidence,131031,274e80a6b43183d4a6137ac3d9a676e6942f1d84a46691cb2b63018b66c69e80,.json,json_valid,mechanical_inventory_only
research/audit/quotient_completeness_audit.json,code_and_evidence,15532,db89bc53edf0c5de6298b030dc304bf6499f151613800b674af5bbef134a6681,.json,json_valid,mechanical_inventory_only
research/audit/target_a_minimality_checkpoint_replay.json,code_and_evidence,2603,bcfcb67f6b1e67f7d7ec36552c99aeebfcd8811a46ef697de7314b4ad2311d57,.json,json_valid,mechanical_inventory_only
research/audit/target_a_n24_dual_generator_audit.json,code_and_evidence,832,8f31d7c148f1ab5cff9a06b2f9de19d006a77dd6250f352dabaeb78410e8a3fe,.json,json_valid,mechanical_inventory_only
research/audit/target_a_n32_independent_reconstruction.json,code_and_evidence,1554,53b9b117b074427134e7e8f71838d5b2af85930492e988a8c1d17d9542fd7b7a,.json,json_valid,mechanical_inventory_only
research/audit/target_a_period8_cell_transitions.json,code_and_evidence,4526,e40f49a274904c73765c5703c099bbb3307d67b3905cb8cecd9d9016f26e6f17,.json,json_valid,mechanical_inventory_only
research/audit/target_a_period8_independent_polynomial.json,code_and_evidence,5019,cc26dedfee3fe3e6c0674f1b217fde592a043a5d8b4913752dc37ad2a62193b2,.json,json_valid,mechanical_inventory_only
research/audit/target_a_period8_uniform_positivity_snapshot.json,code_and_evidence,7922,86d2e7d09534162187699a693d1432a976f2183d9ce06a96cbb40148bb939124,.json,json_valid,mechanical_inventory_only
research/audit/target_a_reviewer_one_findings.json,code_and_evidence,8509,a4c8dff94a87b1128e9e70e8face05fe0c5b9e3b26795222b8858dd9deb340ab,.json,json_valid,mechanical_inventory_only
research/audit/target_a_reviewer_one_round2_findings.json,code_and_evidence,5038,a63094349a5dfa794c727250bf034630c952c5b1546d9c7fd650bb9f1e22b4b7,.json,json_valid,mechanical_inventory_only
research/audit/target_a_reviewer_one_round3_findings.json,code_and_evidence,2925,5ee0e2a63e6b5c3a3f8d8a700cc0020ba6bb36a77e39e19981b58c4d00452f96,.json,json_valid,mechanical_inventory_only
research/audit/target_a_reviewer_zero_round1_findings.json,code_and_evidence,7700,01d26e532cc13d2e152d19dd5133c1072e8bb98e22ddf99bf4e6c8081032cab3,.json,json_valid,mechanical_inventory_only
research/audit/target_a_reviewer_zero_round2_findings.json,code_and_evidence,10382,1e25be13336429d315065fdbd651e907e8cb2242fbcc6cef673c7584b88852dd,.json,json_valid,mechanical_inventory_only
research/candidates/.gitkeep,other_research_records,1,01ba4719c80b6fe911b091a7c05124b64eeece964e09c058ef8f9805daca546b,none,not_applicable,mechanical_inventory_only
research/candidates/CANDIDATE_RANKING.md,other_research_records,9472,182048ead79c8ea9bc1243710aa65daac106dae4635878f6126fcffbe7d5f733,.md,not_applicable,mechanical_inventory_only
research/candidates/FINAL_TARGETS.md,other_research_records,12082,79db0f4a0a491e8f52e21ccf64df111dac72fc02fbb246219c85968d79f01f53,.md,not_applicable,mechanical_inventory_only
research/checkpoints/TARGET_A_DISCOVERY_SNAPSHOT.md,other_research_records,7540,d1c00c98a126aa8df59854c2c024ae132271c949b4c92c5e9e5b72fb7b42c828,.md,not_applicable,mechanical_inventory_only
research/conjectures/.gitkeep,other_research_records,1,01ba4719c80b6fe911b091a7c05124b64eeece964e09c058ef8f9805daca546b,none,not_applicable,mechanical_inventory_only
research/conjectures/TARGET_A_SPEC.md,other_research_records,9607,b484e44ba3975f61229c83702843e370a51d78767053d871480c3f4e3da37e97,.md,not_applicable,mechanical_inventory_only
research/counterexamples/.gitkeep,other_research_records,1,01ba4719c80b6fe911b091a7c05124b64eeece964e09c058ef8f9805daca546b,none,not_applicable,mechanical_inventory_only
research/counterexamples/target_a_minimality_certificate.json,other_research_records,16283,a4b5248fee46b56ac763773c90b8087d454b6928a6bcd66622b4fdecac3e8ded,.json,json_valid,mechanical_inventory_only
research/counterexamples/target_a_n32_period8.json,other_research_records,288,c5ecd532da469092ef98fe2385dfb69b8da542595f942cd88b881d985b72bc10,.json,json_valid,mechanical_inventory_only
research/counterexamples/target_a_n32_period8_certificate.json,other_research_records,5628,db1378c6a7e5ab8526890be41c929a60ee17675d920a5ca0c501f49d888e46b4,.json,json_valid,mechanical_inventory_only
research/counterexamples/target_a_n50_period10.json,other_research_records,413,5220622e6863c6a8cee4c0762d994b99ecde358cf862b5aee3919f008804107f,.json,json_valid,mechanical_inventory_only
research/counterexamples/target_a_n50_period10_certificate.json,other_research_records,10181,947205eed4a43033a554a5b3b244e3c48a5cd7d71f102ac4ef09e6a668f02432,.json,json_valid,mechanical_inventory_only
research/counterexamples/target_a_period10_family_certificate.json,other_research_records,1581,2f81432d28f61ee9196990e4f8663d6eab3f6b7195c005437ca262d3a1742b0d,.json,json_valid,mechanical_inventory_only
research/counterexamples/target_a_period8_family_certificate.json,other_research_records,1262,6421bb0400cbfda7063b86b3dfb9310543cc1c0800a9d49890f25d047624c023,.json,json_valid,mechanical_inventory_only
research/discovery/task48a/TARGET_A_P24_OPTIMALITY_THEOREM_CANDIDATE.md,historical_theorems_and_exploration,1128,c8d54683da5858108ac4d03c1902fd2753e538b0a231eec2a573b475f32935ba,.md,not_applicable,mechanical_inventory_only
research/discovery/task51/BASELINE.md,historical_theorems_and_exploration,1320,a9d342e80088076d335846ae0d33c502ead597ba537deb80ebf4d0110a16f0ff,.md,not_applicable,mechanical_inventory_only
research/discovery/task51/TARGET_A_ALGEBRAIC_INTERFACE_STRUCTURE.md,historical_theorems_and_exploration,1202,de93f3c9a00a4386b298b15b5571d529451ba668c9351b5a8775cbbdc5f715e6,.md,not_applicable,mechanical_inventory_only
research/discovery/task51/TARGET_A_ASYMPTOTIC_PHASE_DIAGRAM.md,historical_theorems_and_exploration,827,09b4805abd9b2b3237d8461b43038277c45808b8afe8d61a06397dc3c9f6ca8f,.md,not_applicable,mechanical_inventory_only
research/discovery/task51/TARGET_A_BIRMAN_SCHWINGER_RECONNAISSANCE.md,historical_theorems_and_exploration,1087,7911101e054e14f540b362cc6bc8a3790dd9f21bcb528b14728ca59a414e135e,.md,not_applicable,mechanical_inventory_only
research/discovery/task51/TARGET_A_CHARGE_CONSERVATION.md,historical_theorems_and_exploration,801,bc25cdbb8899e7715e0926d19e8386b9318da519bb27bfca599e6fb54c3d8095,.md,not_applicable,mechanical_inventory_only
research/discovery/task51/TARGET_A_COMMENSURATE_PHASE_DIAGRAM.md,historical_theorems_and_exploration,756,620e9ef52aaf439155500df344e784828975df5a47ab20eba49b5a26f7847734,.md,not_applicable,mechanical_inventory_only
research/discovery/task51/TARGET_A_CROSS_FALSIFICATION.md,historical_theorems_and_exploration,1937,e476edf22656b45d9e1448df7bb01726b9a094d2180328f04a6ce2f679c642e7,.md,not_applicable,mechanical_inventory_only
research/discovery/task51/TARGET_A_CRYSTALLIZATION_PROGRAM.md,historical_theorems_and_exploration,1931,b905275156060ebcd68a6611a2630022235c0dbe3614cd836f8dbad16a46f6fc,.md,not_applicable,mechanical_inventory_only
research/discovery/task51/TARGET_A_EXTENSION_RECONNAISSANCE.md,historical_theorems_and_exploration,1134,c0fa301e343a30a37cf5933ab6ac8f0416b189361daa4cbeee0010cf3d28fed3,.md,not_applicable,mechanical_inventory_only
research/discovery/task51/TARGET_A_FINITE_EVANS_ROOT_EXCLUSION.md,historical_theorems_and_exploration,1068,6124ae8f9e6d3413e287529e99c4978da061c9a300d6148b610fbb89c93d1e32,.md,not_applicable,mechanical_inventory_only
research/discovery/task51/TARGET_A_MATRIX_SOS_RECONNAISSANCE.md,historical_theorems_and_exploration,614,580d043389b766f05f28a8462e2ea7366861419c427535265a5e295737dbdb49,.md,not_applicable,mechanical_inventory_only
research/discovery/task51/TARGET_A_MN_FINITE_SIZE_ASYMPTOTICS.md,historical_theorems_and_exploration,795,57ca6fa840f32811af40078b444d162a97dd4deda55a124304383759e0ae5919,.md,not_applicable,mechanical_inventory_only
research/discovery/task51/TARGET_A_MULTI_SLIP_EFFECTIVE_THEORY.md,historical_theorems_and_exploration,1231,a52e4a91e0c23705bfde6483e6c855f657a542916d9bd544cdee64ed475f8c1f,.md,not_applicable,mechanical_inventory_only
research/discovery/task51/TARGET_A_ORDER9_HIDDEN_STRUCTURE.md,historical_theorems_and_exploration,2718,bf1063a712f2442298ad776cc855648572c4f99bf98adb6301ca2fa6f8d5a23d,.md,not_applicable,mechanical_inventory_only
research/discovery/task51/TARGET_A_POST_EXPLORATION_STORY_OPTIONS.md,historical_theorems_and_exploration,1965,53976bb89c972ee1fdcde405efc6ab1736867dad3e5d4c0a21f57c3759f42a92,.md,not_applicable,mechanical_inventory_only
research/discovery/task51/TARGET_A_RICCATI_RECONNAISSANCE.md,historical_theorems_and_exploration,705,ffaedc9df62fdc212b20710f5ec6229379e56450db32d52d99878c826db81b4f,.md,not_applicable,mechanical_inventory_only
research/discovery/task51/TARGET_A_SINGLE_CHARGE_SPECTRUM.md,historical_theorems_and_exploration,1434,35805472059cc3bf17839d239de5aac6bcc5f84cc7f441cb0278f0b20d59f150,.md,not_applicable,mechanical_inventory_only
research/discovery/task51/TARGET_A_STRUCTURAL_DISCOVERY_MATRIX.md,historical_theorems_and_exploration,8429,a8385a7dddf41c43adb0c891c11fd48c6079c60339e62771797b16124d59749b,.md,not_applicable,mechanical_inventory_only
research/discovery/task51/TARGET_A_STRUCTURAL_UNCERTAINTY_LEDGER.md,historical_theorems_and_exploration,6152,45d9bda261e50224b7c67bc2ba2e6df62bafe97c65e56e49f44cad4589e9a24e,.md,not_applicable,mechanical_inventory_only
research/discovery/task51/TARGET_A_SUBEIGHT_PERIODIC_ATLAS.md,historical_theorems_and_exploration,1191,6673f80f002eb2d6b20a67a1a1ff09fb3bdd5a6c1143966c337f4d94c512fbaa,.md,not_applicable,mechanical_inventory_only
research/discovery/task51/TARGET_A_TASK51_SYNTHESIS.md,historical_theorems_and_exploration,12618,19f1c2c267f126a4238a64943ec787892b73b90e80972e7d21bcbffa2d510565,.md,not_applicable,mechanical_inventory_only
research/discovery/task51/TARGET_A_TOPOLOGICAL_AUDIT.md,historical_theorems_and_exploration,1059,30965c94cd5b965feac89b7f3ac9590771df09e81b07fb9a67648b02194e5f01,.md,not_applicable,mechanical_inventory_only
research/discovery/task51/defect_crystal_families.md,historical_theorems_and_exploration,680,2cc34a87ca131dbb91a2b9bf5c64349252166600a637eb98de32068ac85a6e4d,.md,not_applicable,mechanical_inventory_only
research/discovery/task53/RESEARCH_LOG.md,historical_theorems_and_exploration,693,d87e49f7b16d17c06f4eb83695cdc893ee855914e63d59c895f027c3b6e1b798,.md,not_applicable,mechanical_inventory_only
research/experiments/.gitkeep,historical_logs_and_experiments,1,01ba4719c80b6fe911b091a7c05124b64eeece964e09c058ef8f9805daca546b,none,not_applicable,mechanical_inventory_only
research/experiments/TARGET_A_FINITE_PHASE_SLIP_REPORT.md,historical_logs_and_experiments,2877,adb3175f1c3902299934de75f2fe3a6afc71f2103bd11a4a6125e082eaaffc09,.md,not_applicable,mechanical_inventory_only
research/experiments/TARGET_A_HIGH_PERIOD_EXPLORATION.md,historical_logs_and_experiments,4502,c7961996b054c1bf2cea70bd1955ff1289b49092a64d9638a0a9ec1f62e64479,.md,not_applicable,mechanical_inventory_only
research/experiments/TARGET_A_HIGH_PERIOD_MOMENT_REPORT.md,historical_logs_and_experiments,2954,73a4d963c72ea96281a2e8d46e14236fc455352b64bd4c0a427ebf2cf786e164,.md,not_applicable,mechanical_inventory_only
research/experiments/TARGET_A_MINIMALITY_SEARCH_PLAN.md,historical_logs_and_experiments,9948,f06db7f091c35b2370db8ac02e49e4413f86bfdacf7e83b6096c43f4dfde73e5,.md,not_applicable,mechanical_inventory_only
research/experiments/TARGET_A_N24_RESULT.md,historical_logs_and_experiments,4331,a3006022c6d97c2e4edaebd3058b1950de439fc8711917d25bfae33f47e43aaa,.md,not_applicable,mechanical_inventory_only
research/experiments/TARGET_A_N26_RESULT.md,historical_logs_and_experiments,5077,c365eb59d675be7b2ce3f6868f9b62892a45bc7d4ce8b2597423bae62c0f621a,.md,not_applicable,mechanical_inventory_only
research/experiments/TARGET_A_N28_RESULT.md,historical_logs_and_experiments,5970,3bde1e44b6f7b4981eea82082a030e53237c9c9ee301dc6e8d2927651b801d0e,.md,not_applicable,mechanical_inventory_only
research/experiments/TARGET_A_N30_RESULT.md,historical_logs_and_experiments,5729,ae6e1d95dd4f579de82df372296c7f8bcbfa9dada9425a6424549ea9789e4a83,.md,not_applicable,mechanical_inventory_only
research/experiments/TARGET_A_REPRODUCTION.md,historical_logs_and_experiments,4673,bcfa939b6db8b29b410c6280f2892233637674699f53982c8f4b895565e5f221,.md,not_applicable,mechanical_inventory_only
research/experiments/TARGET_A_TASK47_BASELINE.md,historical_logs_and_experiments,2037,a95060ab19d8352b8b8283e8b67d8dde8f1e84384ae4ec90da16e16ba8f73dc1,.md,not_applicable,mechanical_inventory_only
research/experiments/TARGET_A_TASK47_SYNTHESIS.md,historical_logs_and_experiments,5946,afe3ba1a0aca303882287ecbd1d8855b158412dd232e327c59806a1de8fe0974,.md,not_applicable,mechanical_inventory_only
research/experiments/TARGET_A_TASK48_BASELINE.md,historical_logs_and_experiments,1359,989005207adf62c7a1e2cb98ae854ebf012e94014d6c2297447621329402c6e6,.md,not_applicable,mechanical_inventory_only
research/experiments/TARGET_A_TASK48_CHECKPOINT.md,historical_logs_and_experiments,1543,85a76347ce6fecaa14587a504dac11305a8c83640a8c1437cfa45f8c0756b778,.md,not_applicable,mechanical_inventory_only
research/experiments/TARGET_A_TWO_DEFECT_GEOMETRY_REPORT.md,historical_logs_and_experiments,2492,0bce0d008b908fd3040931ce60211dd9bc8988d39356019206761b434b0c95e8,.md,not_applicable,mechanical_inventory_only
research/experiments/exact_frontier/certificates/p17_q1.json,historical_logs_and_experiments,595,61c6c52ccaf929f549952224dd912f94bc05302ed6e85052d2b92db3641b0501,.json,json_valid,mechanical_inventory_only
research/experiments/exact_frontier/certificates/p17_q137.json,historical_logs_and_experiments,597,3f0afc76c7fb2ede84e0ec702a2c780fcaab777a221bdaa49b84e7512e9b74c4,.json,json_valid,mechanical_inventory_only
research/experiments/exact_frontier/certificates/p17_q273.json,historical_logs_and_experiments,597,1f6e03d6ec090ccb48fcd13d3eed81d557e69f30db8ecde7990477d15ff98f63,.json,json_valid,mechanical_inventory_only
research/experiments/exact_frontier/certificates/p17_q73.json,historical_logs_and_experiments,596,5f7b3e93f58bb778aa3fd3b26ccca6e72e362b112de3068356bb008975ac806e,.json,json_valid,mechanical_inventory_only
research/experiments/exact_frontier/certificates/p17_q8773.json,historical_logs_and_experiments,599,85e55de2e64e22585fbcf44a4f37704ef659f68a943a6897e854813eb6b8cacd,.json,json_valid,mechanical_inventory_only
research/experiments/exact_frontier/certificates/p17_q8777.json,historical_logs_and_experiments,598,b098a967c9b47a97df866bbdce2e21ee50af37cad92ccfd9a1a35a25d4942eb2,.json,json_valid,mechanical_inventory_only
research/experiments/exact_frontier/certificates/p17_q9289.json,historical_logs_and_experiments,598,b4783d2752ba21a5b4bfafb0d8c057f4809c1e052167ab74aa098f2bcd1f46ad,.json,json_valid,mechanical_inventory_only
research/experiments/exact_frontier/certificates/p18_q0.json,historical_logs_and_experiments,557,47f2860afbb4794ce8fae5cd5268336acc7895c24ea729b8834ca83b80ce5bc3,.json,json_valid,mechanical_inventory_only
research/experiments/exact_frontier/certificates/p18_q1097.json,historical_logs_and_experiments,600,f85c52b55d7177c16afdc1fad236f2426d92d4a7d22c574e6345677e06ed329e,.json,json_valid,mechanical_inventory_only
research/experiments/exact_frontier/certificates/p18_q1105.json,historical_logs_and_experiments,600,5dd22c77e6af395b97754062a9127930bf2949b89b61a41544ad4e59d622a78a,.json,json_valid,mechanical_inventory_only
research/experiments/exact_frontier/certificates/p18_q1161.json,historical_logs_and_experiments,600,2fd462b9763b53a75ecb05ddc96d534bf5e503e72e6a6475e4b8f1abfcbf18a3,.json,json_valid,mechanical_inventory_only
research/experiments/exact_frontier/certificates/p18_q17.json,historical_logs_and_experiments,597,cef9c629e18d6d6665a1cf6fe178049739062148e7be8b39403b79914ed93350,.json,json_valid,mechanical_inventory_only
research/experiments/exact_frontier/certificates/p18_q2185.json,historical_logs_and_experiments,598,f58c558a92927d47eec398dce8735525850b95191c3e4cba56d494564798655c,.json,json_valid,mechanical_inventory_only
research/experiments/exact_frontier/certificates/p18_q2193.json,historical_logs_and_experiments,599,42312103b67c32a7b78931fb7e34da73f69c0bd8eec1732c3ccd4b94689df7d0,.json,json_valid,mechanical_inventory_only
research/experiments/exact_frontier/certificates/p18_q37449.json,historical_logs_and_experiments,599,9b1d0bffed556532d7716e16886a3986476caf51a7074d1f7897bf56dac237ac,.json,json_valid,mechanical_inventory_only
research/experiments/exact_frontier/certificates/p18_q4369.json,historical_logs_and_experiments,601,4939e2a63f5bd6ddcd69f956c541fe081a32f0a4c7c4b1650cf7cd8384aa8387,.json,json_valid,mechanical_inventory_only
research/experiments/exact_frontier/certificates/p18_q9.json,historical_logs_and_experiments,596,393518b17d14adf838a69c5e59c189ce568b89ccf57dfb13b12631f557c0b55d,.json,json_valid,mechanical_inventory_only
research/experiments/exact_frontier/certificates/p19_q1.json,historical_logs_and_experiments,597,9db807583611b71b9bd6275ef7c5a38cb02b0d74193470f8d4512a7f6ff4db9d,.json,json_valid,mechanical_inventory_only
research/experiments/exact_frontier/certificates/p19_q1041.json,historical_logs_and_experiments,601,301e93b7d22bfed1b11247c4ce703ce1056d2f9ced69df3f384cf115c5e8d459,.json,json_valid,mechanical_inventory_only
research/experiments/exact_frontier/certificates/p19_q137.json,historical_logs_and_experiments,600,a2d16b19728c9bed5b5cb86495c026c83c2f6b751bc8245747366ca1e1987e10,.json,json_valid,mechanical_inventory_only
research/experiments/exact_frontier/certificates/p19_q2065.json,historical_logs_and_experiments,602,e67e8a481462905591d4eb25891b6c68d876edfe4a4a1620220b0ccf86a0e6ab,.json,json_valid,mechanical_inventory_only
research/experiments/exact_frontier/certificates/p19_q273.json,historical_logs_and_experiments,599,f67845360b0f70ecdede4f38ce4d6851159676ff727999aaa50fb1b20bd5bc73,.json,json_valid,mechanical_inventory_only
research/experiments/exact_frontier/certificates/p19_q34953.json,historical_logs_and_experiments,601,156362618620776cf6c168c5a182ad40f6f31f5582d84ecab6591bc4ad4d10f8,.json,json_valid,mechanical_inventory_only
research/experiments/exact_frontier/certificates/p19_q4681.json,historical_logs_and_experiments,601,a3317d054ce32f101312f33e719808dc929fb51fabab17da293de9f8dcd7914d,.json,json_valid,mechanical_inventory_only
research/experiments/exact_frontier/certificates/p19_q73.json,historical_logs_and_experiments,598,10320560c21d3c9616fdeb18600478f55f1374cc6a05d9f629a6e171cbc4c0a0,.json,json_valid,mechanical_inventory_only
research/experiments/exact_frontier/certificates/p19_q8777.json,historical_logs_and_experiments,600,aeb357f3ff101f8f99724928c64555a9df217692651a5632e75c59abcb4812e7,.json,json_valid,mechanical_inventory_only
research/experiments/exact_frontier/certificates/p19_q9289.json,historical_logs_and_experiments,601,f1c1dde3c7a552b75e4d3efefdfab8caace2ad750944c32321eb1a829b2c166b,.json,json_valid,mechanical_inventory_only
research/experiments/exact_frontier/certificates/p20_q0.json,historical_logs_and_experiments,559,f9ae518ec5a633cfd86e934efdd2b05011ddf018d54a0a8963eac3305c8db492,.json,json_valid,mechanical_inventory_only
research/experiments/exact_frontier/certificates/p20_q1097.json,historical_logs_and_experiments,601,7d5e6f5cdf9c994e7f20478d003f00dd69f0352e6b3dd667764382b8600ac5c0,.json,json_valid,mechanical_inventory_only
research/experiments/exact_frontier/certificates/p20_q1105.json,historical_logs_and_experiments,601,f0d4d8785398745b8b591e158715f6905f472badab3561ead118b964a7072536,.json,json_valid,mechanical_inventory_only
research/experiments/exact_frontier/certificates/p20_q1161.json,historical_logs_and_experiments,599,f334d49e081fac068a82101b2e916f321052f602b17e646d08522300327af08f,.json,json_valid,mechanical_inventory_only
research/experiments/exact_frontier/certificates/p20_q16657.json,historical_logs_and_experiments,603,0c34420a9a71dab1cb2cf7a71982e7fcc7e994e764616fc5e2cd2acde3ca58aa,.json,json_valid,mechanical_inventory_only
research/experiments/exact_frontier/certificates/p20_q17.json,historical_logs_and_experiments,599,47606899353525d9ffea17afbbdbf4bae57bbd65975e4901879f8d9772f63243,.json,json_valid,mechanical_inventory_only
research/experiments/exact_frontier/certificates/p20_q17425.json,historical_logs_and_experiments,600,d55d43a41411286ca28207185e6155900307eaf02085239f248ff4fcc76185d3,.json,json_valid,mechanical_inventory_only
research/experiments/exact_frontier/certificates/p20_q2185.json,historical_logs_and_experiments,601,86c2d5d642adcb3b474aebb54ae8be6ee468aeb1191de7fdf41a8c5cb64fe2fe,.json,json_valid,mechanical_inventory_only
research/experiments/exact_frontier/certificates/p20_q2193.json,historical_logs_and_experiments,601,8e2226998d44d55369e32de34d76309796ae8caf479e07fcf4ecad5ab662461e,.json,json_valid,mechanical_inventory_only
research/experiments/exact_frontier/certificates/p20_q4369.json,historical_logs_and_experiments,601,45740ce8a5a5a6b1ee2fa65a34e7c15fcc6092200269c0115e7fa0e8a6f0eab7,.json,json_valid,mechanical_inventory_only
research/experiments/exact_frontier/certificates/p20_q585.json,historical_logs_and_experiments,601,5300239feca75eb65d533fa325576ee092010244dd3889f99c0b5dc9c8842e70,.json,json_valid,mechanical_inventory_only
research/experiments/exact_frontier/certificates/p20_q70213.json,historical_logs_and_experiments,603,2cb1314223e0822d3b55fcaec8e8b0ba6a6195bd67bcb3cd1ee0c67aa4a3bef5,.json,json_valid,mechanical_inventory_only
research/experiments/exact_frontier/certificates/p20_q70217.json,historical_logs_and_experiments,603,82e4929082ada0470726401aa886c2eea9d1d41adec2f7730681950c2a92f31b,.json,json_valid,mechanical_inventory_only
research/experiments/exact_frontier/certificates/p20_q70725.json,historical_logs_and_experiments,602,e015aac25153677e9ec9ed65e2e70aabef104d021fd78eed6bacad3d3847f84c,.json,json_valid,mechanical_inventory_only
research/experiments/exact_frontier/certificates/p20_q74309.json,historical_logs_and_experiments,603,81e2a5ba5ab437d150fe553ab046d12c1bbb8c9baf65eb94bdb1bb184b8c6753,.json,json_valid,mechanical_inventory_only
research/experiments/exact_frontier/certificates/p20_q74313.json,historical_logs_and_experiments,603,e1b4488adfdcdeb1395ab3918c56c49a072772746a14f8c35659be7e8c877562,.json,json_valid,mechanical_inventory_only
research/experiments/exact_frontier/certificates/p20_q74825.json,historical_logs_and_experiments,602,0f552bb46eb7e4220d06adbd0552d2c4dd129aebaa208ec2b952e89a2086b41c,.json,json_valid,mechanical_inventory_only
research/experiments/exact_frontier/certificates/p20_q8713.json,historical_logs_and_experiments,602,300d9061e1dd234d3547f6373de9a969063a7633018504b6fc2f5e093361e55c,.json,json_valid,mechanical_inventory_only
research/experiments/exact_frontier/certificates/p20_q9.json,historical_logs_and_experiments,598,a4231ebcf63d4221a3a7bf57c0aac15ccfef40b95ddb9af9efdead6d4662d8cd,.json,json_valid,mechanical_inventory_only
research/experiments/exact_frontier/certificates/p21_q1.json,historical_logs_and_experiments,600,7b008f96e1fa65bc222d9fa58ede72196f0b6a5da70813c7f690ca87d7e932b6,.json,json_valid,mechanical_inventory_only
research/experiments/exact_frontier/certificates/p21_q1041.json,historical_logs_and_experiments,604,fad12a917143e3c0d34b0c32f5cfac8d4c8ddc35ba2176b76ffee622f0335b4f,.json,json_valid,mechanical_inventory_only
research/experiments/exact_frontier/certificates/p21_q137.json,historical_logs_and_experiments,602,53b3082e2e3d4d1ac05701c853423f2eb58031c15c5be22a4a0a409352ce7849,.json,json_valid,mechanical_inventory_only
research/experiments/exact_frontier/certificates/p21_q17481.json,historical_logs_and_experiments,604,b0ad2557f81b34f1352d98627680ac3d35e55859d02f3ddfc2770e93bc4a209e,.json,json_valid,mechanical_inventory_only
research/experiments/exact_frontier/certificates/p21_q17489.json,historical_logs_and_experiments,605,c2036c749cce99884639d097ef2876b206e9e63644768924ff0518a84a91ebb9,.json,json_valid,mechanical_inventory_only
research/experiments/exact_frontier/certificates/p21_q17545.json,historical_logs_and_experiments,603,5ef39dfd1d1c297e7d1f454432f89e7d26efb77fcb44c03e4f306fc60ea2ddf5,.json,json_valid,mechanical_inventory_only
research/experiments/exact_frontier/certificates/p21_q17553.json,historical_logs_and_experiments,604,38753fecff3d6378ab1f92a20b6711eedf25e027203aad1a759e477e779ec036,.json,json_valid,mechanical_inventory_only
research/experiments/exact_frontier/certificates/p21_q18569.json,historical_logs_and_experiments,603,d73dbb521d027424770523722cbeef7cfe7293226c351bd072fcde8b1bb4265a,.json,json_valid,mechanical_inventory_only
research/experiments/exact_frontier/certificates/p21_q273.json,historical_logs_and_experiments,602,99b6f913bd2b8116058deafe3e610fe34d621d5e65c6b683e610a4c798346f0c,.json,json_valid,mechanical_inventory_only
research/experiments/exact_frontier/certificates/p21_q299593.json,historical_logs_and_experiments,600,34247a09e0e998394d884ed7fc03f6f14ca25b7a89c799fad89f9d22a9c2f3e2,.json,json_valid,mechanical_inventory_only
research/experiments/exact_frontier/certificates/p21_q34953.json,historical_logs_and_experiments,604,a63497077d4308ca96c267fa528985ae422a175b17bfe9d99131838d7afa05ce,.json,json_valid,mechanical_inventory_only
research/experiments/exact_frontier/certificates/p21_q34961.json,historical_logs_and_experiments,604,71e530ff7cd6a92373a39c2134aac02b2ea96264f8f5ab117f60bb30405f074e,.json,json_valid,mechanical_inventory_only
research/experiments/exact_frontier/certificates/p21_q4113.json,historical_logs_and_experiments,602,60c1bd08dff92a793b201c5a3a78cf86fc62b05d12f75653003fae09c069c00e,.json,json_valid,mechanical_inventory_only
research/experiments/exact_frontier/certificates/p21_q4681.json,historical_logs_and_experiments,601,f35de458770721eb2468478e86131ef5f936975cda6afb9cfee8e8c0cdb6e52b,.json,json_valid,mechanical_inventory_only
research/experiments/exact_frontier/certificates/p21_q69905.json,historical_logs_and_experiments,603,40d20877d9f22c5342fbfcd15e120ee66d6e5deaf7370356a56e192bba22d10f,.json,json_valid,mechanical_inventory_only
research/experiments/exact_frontier/certificates/p21_q73.json,historical_logs_and_experiments,600,bcf44dbc08855476508e78487cc3c4d409b8efaca5bb95abe11c2f1f6fcddac6,.json,json_valid,mechanical_inventory_only
research/experiments/exact_frontier/certificates/p21_q8777.json,historical_logs_and_experiments,600,f75f620b99ad9d9cfbd85a03340da492b1c0a344521d417664ccb0d582c3f0bb,.json,json_valid,mechanical_inventory_only
research/experiments/exact_frontier/certificates/p21_q8841.json,historical_logs_and_experiments,602,9a457a3b979dbb7cde5bb9c504fc03e45f873bb82bc9047acb5bcac071d6a2f8,.json,json_valid,mechanical_inventory_only
research/experiments/exact_frontier/certificates/p21_q9289.json,historical_logs_and_experiments,602,476dcebfd635a1f1f9edbef8295dd6d610cdb87c4b635b48343653c0ca87c2d8,.json,json_valid,mechanical_inventory_only
research/experiments/exact_frontier/certificates/p22_q0.json,historical_logs_and_experiments,561,b628805a675737179639ef4f1733aadcaf3fb133253b46272ca87f79de86ba01,.json,json_valid,mechanical_inventory_only
research/experiments/exact_frontier/certificates/p22_q1097.json,historical_logs_and_experiments,603,65c20aba41f8adc830217eb6f5a3e17273640e1c922d15c8e5964266a659bf1f,.json,json_valid,mechanical_inventory_only
research/experiments/exact_frontier/certificates/p22_q1105.json,historical_logs_and_experiments,603,eba4ccf7465a1e5c8a5f95666b182b6ebf1ec0c459aebf1d79c354e52247653b,.json,json_valid,mechanical_inventory_only
research/experiments/exact_frontier/certificates/p22_q1161.json,historical_logs_and_experiments,601,e5e765b34607633dca59f92dea97c7e0b382399b8d000c4166dc2cd9ef1ebdde,.json,json_valid,mechanical_inventory_only
research/experiments/exact_frontier/certificates/p22_q16457.json,historical_logs_and_experiments,605,15dc0bc80c05fffbc28f6b4a34a7daad84efa5f20c5dab5d8aea1b8ea9bab76f,.json,json_valid,mechanical_inventory_only
research/experiments/exact_frontier/certificates/p22_q16521.json,historical_logs_and_experiments,605,e56686248e255899c6b86a292747d44edd8edd04979c72b4baa44bec42ad0541,.json,json_valid,mechanical_inventory_only
research/experiments/exact_frontier/certificates/p22_q16529.json,historical_logs_and_experiments,605,362d1d144d60ba5e8cf8444e9875367c83f367287b584242e7ddd1d39d6b56f0,.json,json_valid,mechanical_inventory_only
research/experiments/exact_frontier/certificates/p22_q16657.json,historical_logs_and_experiments,603,4a0a544d4942e21f69423b484b726fbe5a4e8ad5cdb411557616ce83ee5a0135,.json,json_valid,mechanical_inventory_only
research/experiments/exact_frontier/certificates/p22_q17.json,historical_logs_and_experiments,601,bc8f07b266c7b7262a98d18e63bc6b6c7d97dd5d52f74584e837dca20cd32ff6,.json,json_valid,mechanical_inventory_only
research/experiments/exact_frontier/certificates/p22_q17417.json,historical_logs_and_experiments,606,021f04b5bbf2cc0e9f67e4616661bc2925b75ee15e80dea0ab9ab08c9554d966,.json,json_valid,mechanical_inventory_only
research/experiments/exact_frontier/certificates/p22_q17425.json,historical_logs_and_experiments,605,159b305fa17b025981c514a41cc5f6c38c001c403f932a1b611bc7077ab44409,.json,json_valid,mechanical_inventory_only
research/experiments/exact_frontier/certificates/p22_q18441.json,historical_logs_and_experiments,605,43b56a37088c3790f4643a66678abdcc0c7158da7c59dca6176bb4da4d3f1673,.json,json_valid,mechanical_inventory_only
research/experiments/exact_frontier/certificates/p22_q2185.json,historical_logs_and_experiments,604,e6786211e47d8b339ac2a3ad1dc9ba835122d6ceb3dfbb21ca4a739453a20c15,.json,json_valid,mechanical_inventory_only
research/experiments/exact_frontier/certificates/p22_q2193.json,historical_logs_and_experiments,603,248b9552f62ccf49c5938b845381d546f74ea65c0cf8f98cf7f7029be123caa2,.json,json_valid,mechanical_inventory_only
research/experiments/exact_frontier/certificates/p22_q279621.json,historical_logs_and_experiments,607,e0b7fe9b85831cbf45294dcdc803ed36b430345f8e941b202249b47d9dda1789,.json,json_valid,mechanical_inventory_only
research/experiments/exact_frontier/certificates/p22_q279625.json,historical_logs_and_experiments,605,671b0b449a2c71f976148a300dd151af861b5786ad43d28a705e83ce7f537ddf,.json,json_valid,mechanical_inventory_only
research/experiments/exact_frontier/certificates/p22_q279689.json,historical_logs_and_experiments,605,822de1e6a13cfb3a2473738f1fc7d14a42f1ef010593dc3fb157e287d8500e0c,.json,json_valid,mechanical_inventory_only
research/experiments/exact_frontier/certificates/p22_q280713.json,historical_logs_and_experiments,605,e9ff70b0aff392e84952252483ad31d4045e5fcf4a84699a753607b20d22b421,.json,json_valid,mechanical_inventory_only
research/experiments/exact_frontier/certificates/p22_q33041.json,historical_logs_and_experiments,605,d47b5ead0c9a99ee98ea7f59a3839e9c84ffc9bbb3f04f97454e79db19b50b7a,.json,json_valid,mechanical_inventory_only
research/experiments/exact_frontier/certificates/p22_q34833.json,historical_logs_and_experiments,605,12892d20b2853f0366561a17bec644efb2f17a09e1080f5044ae0c4d2bafa945,.json,json_valid,mechanical_inventory_only
research/experiments/exact_frontier/certificates/p22_q37449.json,historical_logs_and_experiments,604,8709b2eca37977de59b99e7d8332c267debaf9b3a9a30879e50f0d9a7c5006f8,.json,json_valid,mechanical_inventory_only
research/experiments/exact_frontier/certificates/p22_q4369.json,historical_logs_and_experiments,604,7d24e31fe2e454526ffd3be056fbe3d04015d94270829c90ec97e55175f79cec,.json,json_valid,mechanical_inventory_only
research/experiments/exact_frontier/certificates/p22_q585.json,historical_logs_and_experiments,604,bfd604c38d0e5db1e661846afe9ce06c892d40af8fbbc69cbb7664bff0673e93,.json,json_valid,mechanical_inventory_only
research/experiments/exact_frontier/certificates/p22_q66577.json,historical_logs_and_experiments,604,9e21737d6699ae8b0cad2bbae5d49d73ea00c7eec380719690f77dbf0e7694c4,.json,json_valid,mechanical_inventory_only
research/experiments/exact_frontier/certificates/p22_q70217.json,historical_logs_and_experiments,604,b2272cd76fe155e66624e2ec1868667e5d09e51802217bb578cd4d59f70f5fdc,.json,json_valid,mechanical_inventory_only
research/experiments/exact_frontier/certificates/p22_q70729.json,historical_logs_and_experiments,604,239f21c93780ce0997a6fb07a9c30c6c74ceab0ba8b0f86cbce5eadce8830383,.json,json_valid,mechanical_inventory_only
research/experiments/exact_frontier/certificates/p22_q74313.json,historical_logs_and_experiments,601,c4bccb3273b7930932606941e41a3e9d0e9176149effcebaf458dabe25a56d80,.json,json_valid,mechanical_inventory_only
research/experiments/exact_frontier/certificates/p22_q74825.json,historical_logs_and_experiments,604,239172e49fe45569d34f9b9d6b7d5b341b989685b7b1033a9665fc5ef22b50b4,.json,json_valid,mechanical_inventory_only
research/experiments/exact_frontier/certificates/p22_q8329.json,historical_logs_and_experiments,605,6e0eb4254fd8d0eb73614070659f7547d797acb34341c26335a882329c092713,.json,json_valid,mechanical_inventory_only
research/experiments/exact_frontier/certificates/p22_q8713.json,historical_logs_and_experiments,605,5f11c9655b7c31fb994c4965303424c997ec0ffb712a16bd0ba03bce5e39cba3,.json,json_valid,mechanical_inventory_only
research/experiments/exact_frontier/certificates/p22_q9.json,historical_logs_and_experiments,601,42f4994fcf782ca7feed373bfa16db67c4da96ff3a70e11a2860193846b27519,.json,json_valid,mechanical_inventory_only
research/experiments/exact_frontier/certificates/p23_q1.json,historical_logs_and_experiments,602,9115538e3182768f68654fdbed72116689c1bfbc790308d2bce92d85660ab022,.json,json_valid,mechanical_inventory_only
research/experiments/exact_frontier/certificates/p23_q1041.json,historical_logs_and_experiments,607,e1eafe35b52d207afcd550f5aa59b34c8cb4c0b54ce3f2a2d35f5b4c5a37f621,.json,json_valid,mechanical_inventory_only
research/experiments/exact_frontier/certificates/p23_q133257.json,historical_logs_and_experiments,607,8884bf94cc3e77dd3b8d59a65434094ae746e53d2d14a0401af86b49a898aae5,.json,json_valid,mechanical_inventory_only
research/experiments/exact_frontier/certificates/p23_q133265.json,historical_logs_and_experiments,604,cf9fda8e7a672d245e985c75aec9d9d656312f3ffc72f1ac86051f479bef9837,.json,json_valid,mechanical_inventory_only
research/experiments/exact_frontier/certificates/p23_q137.json,historical_logs_and_experiments,604,9e8798c2a538caf8a26c8eda11342d30197e2b265f1b0a5dcacd195f243285ee,.json,json_valid,mechanical_inventory_only
research/experiments/exact_frontier/certificates/p23_q139401.json,historical_logs_and_experiments,606,f9c17d2594ec01bb2200972a74205d42676cfcb242fd1c9578fb2d6eaf695658,.json,json_valid,mechanical_inventory_only
research/experiments/exact_frontier/certificates/p23_q139785.json,historical_logs_and_experiments,607,c9a7f683da8e1d27f041bc471b73d3605cabe397ad64c6e9217e80d8ba24995d,.json,json_valid,mechanical_inventory_only
research/experiments/exact_frontier/certificates/p23_q17481.json,historical_logs_and_experiments,606,f20463eca9f5cc0a178327cfe44cc8f56bd893d6717b024cd4bc46a44d563f94,.json,json_valid,mechanical_inventory_only
research/experiments/exact_frontier/certificates/p23_q17489.json,historical_logs_and_experiments,605,3195b567a6b99f353891a6b68f2f2785307937bd1567d1503ad208cdbb8b91eb,.json,json_valid,mechanical_inventory_only
research/experiments/exact_frontier/certificates/p23_q17545.json,historical_logs_and_experiments,607,c2734eaa8928dd18ecf57627a3c510834a207eebac4a474c4f036cdc8f320177,.json,json_valid,mechanical_inventory_only
research/experiments/exact_frontier/certificates/p23_q17553.json,historical_logs_and_experiments,606,7011a2c3a42375c9d575d129472e2f243aac695c3ac727fa90cd62bc74dec667,.json,json_valid,mechanical_inventory_only
research/experiments/exact_frontier/certificates/p23_q18569.json,historical_logs_and_experiments,606,35c2c8c9bd1f47da356bbd750adda18260f261f7e3c31361bb5bb11f2cc92356,.json,json_valid,mechanical_inventory_only
research/experiments/exact_frontier/certificates/p23_q2065.json,historical_logs_and_experiments,606,310ca36124a633d924489a7cb9344b404648d0d4d981003edae8a0b7ff2ad599,.json,json_valid,mechanical_inventory_only
research/experiments/exact_frontier/certificates/p23_q273.json,historical_logs_and_experiments,603,29ebbee17eadc174322f674691144489332a078b4b2d932de686bbf08db6ee92,.json,json_valid,mechanical_inventory_only
research/experiments/exact_frontier/certificates/p23_q33353.json,historical_logs_and_experiments,606,a988554bd4a667d8ed28fa504aa17c0c8820ca9350d92a751ddcb228855c3bf2,.json,json_valid,mechanical_inventory_only
research/experiments/exact_frontier/certificates/p23_q34953.json,historical_logs_and_experiments,604,efa42e4d779e60579c1f3a17bf01f8da4c9d87858d66c1556056fb05cb8349a1,.json,json_valid,mechanical_inventory_only
research/experiments/exact_frontier/certificates/p23_q34961.json,historical_logs_and_experiments,606,6dd74b89fac14dd80ca434c402dfa3cf0783e4cee7a1cb2b62b052b5555aec28,.json,json_valid,mechanical_inventory_only
research/experiments/exact_frontier/certificates/p23_q4113.json,historical_logs_and_experiments,605,e2caefd271b2c0251b41e35c1b00d2bcaf0aa20580e459da42715b2c49ea8822,.json,json_valid,mechanical_inventory_only
research/experiments/exact_frontier/certificates/p23_q4681.json,historical_logs_and_experiments,607,86b052560638d68065c441457327cfe737e664c5e9a68ec2fada7d274019a485,.json,json_valid,mechanical_inventory_only
research/experiments/exact_frontier/certificates/p23_q561733.json,historical_logs_and_experiments,607,d6200ed6e431b9a553bcce79bc7baab58db99147e4c5b0e6d0062aeca56e5952,.json,json_valid,mechanical_inventory_only
research/experiments/exact_frontier/certificates/p23_q561737.json,historical_logs_and_experiments,607,3c4a736e0ba54e2f7132f44815fb655e808cbef0705283361f4078245bbe2a54,.json,json_valid,mechanical_inventory_only
research/experiments/exact_frontier/certificates/p23_q565829.json,historical_logs_and_experiments,608,8f5fa3cb2b10f2ea63b9d6d037ee8a7e530666f6c0a1fd0d4b857c3b840c7045,.json,json_valid,mechanical_inventory_only
research/experiments/exact_frontier/certificates/p23_q594501.json,historical_logs_and_experiments,606,0e0e11bb24e382c8ad23c6fa4ee8340f6b4db3e77e05467c812d2a2d0c082a6b,.json,json_valid,mechanical_inventory_only
research/experiments/exact_frontier/certificates/p23_q594505.json,historical_logs_and_experiments,607,4083ad08767798181491c1389239e1abf190fb757d37d3b3cf8e9df32d35ded9,.json,json_valid,mechanical_inventory_only
research/experiments/exact_frontier/certificates/p23_q598601.json,historical_logs_and_experiments,606,e7779e7d14474cdce2f2af94cfbf0a6f42c42c0114990e7f8c008325d344b113,.json,json_valid,mechanical_inventory_only
research/experiments/exact_frontier/certificates/p23_q66633.json,historical_logs_and_experiments,606,18e9d548c0d1d9b84e5f78eef343085aa5bb1886e563b4c2efb92cbb340f048c,.json,json_valid,mechanical_inventory_only
research/experiments/exact_frontier/certificates/p23_q69705.json,historical_logs_and_experiments,607,830d462daee102e253a3d1e46ce012447da00227449c6e624f27b94df1efb504,.json,json_valid,mechanical_inventory_only
research/experiments/exact_frontier/certificates/p23_q69905.json,historical_logs_and_experiments,606,fd0bdeff0692543e6d338cc854d3a6f43eeb3315c9c2223bd2f3dbb6d44d6205,.json,json_valid,mechanical_inventory_only
research/experiments/exact_frontier/certificates/p23_q73.json,historical_logs_and_experiments,603,1e87ea37586c12dbe4da02a59a5bdb0be8f4dd5a02cd2c500ad57255a98d301f,.json,json_valid,mechanical_inventory_only
research/experiments/exact_frontier/certificates/p23_q73865.json,historical_logs_and_experiments,606,464715ee37c3159a462cd184490d504a8e63da63e05d87736229bea176d3473a,.json,json_valid,mechanical_inventory_only
research/experiments/exact_frontier/certificates/p23_q8209.json,historical_logs_and_experiments,607,7aba8f6b74386f85297e169204389f8c16773cf70601b67b8d6294991e1993a0,.json,json_valid,mechanical_inventory_only
research/experiments/exact_frontier/certificates/p23_q8777.json,historical_logs_and_experiments,604,3b3b8424d186332d679566ba03f027b894447efa5011ffc6a6b0dded4ac30762,.json,json_valid,mechanical_inventory_only
research/experiments/exact_frontier/certificates/p23_q8841.json,historical_logs_and_experiments,604,3888e34993eca7056bcb72d515f2df1b623915d16bf5e30e784d1b9f2cf53cb2,.json,json_valid,mechanical_inventory_only
research/experiments/exact_frontier/certificates/p23_q9289.json,historical_logs_and_experiments,604,005cb1e1605d5cfa72df3d1c9db8ac5a44da3e6d9a78c6fd9ed580f5c69b1bbe,.json,json_valid,mechanical_inventory_only
research/experiments/exact_frontier/certificates/p24_q0.json,historical_logs_and_experiments,563,233106c018c61678c42c486c10042136ef8f8d819cc245241ad8585dbe13678a,.json,json_valid,mechanical_inventory_only
research/experiments/exact_frontier/certificates/p24_q1097.json,historical_logs_and_experiments,607,cefb0006b68e7fb0043ea4162d6826ffb5d58a36eb33d8f9833372cfef2ff846,.json,json_valid,mechanical_inventory_only
research/experiments/exact_frontier/certificates/p24_q1105.json,historical_logs_and_experiments,606,df08d181ab5d54f05efb87ba8a77e94b7c218efc41bbdcd4526d3c775ff694d1,.json,json_valid,mechanical_inventory_only
research/experiments/exact_frontier/certificates/p24_q1118481.json,historical_logs_and_experiments,423,d70b19f42a8225187b373166d3460cd4d7c46607f52444b5fe1f3d2238ac0760,.json,json_valid,mechanical_inventory_only
research/experiments/exact_frontier/certificates/p24_q1161.json,historical_logs_and_experiments,607,e10fb8ccf94f9f9c15325735691083441aa90c0507ae99c03a28247f2984209d,.json,json_valid,mechanical_inventory_only
research/experiments/exact_frontier/certificates/p24_q139849.json,historical_logs_and_experiments,609,b166bfbed14805a193d79c833950c30eae8eb59d1125cda52305e50908d278b6,.json,json_valid,mechanical_inventory_only
research/experiments/exact_frontier/certificates/p24_q139913.json,historical_logs_and_experiments,609,d91b41a4be94b51c6af2ef1eef64d373e1438f37c189bfa373c859d741b18677,.json,json_valid,mechanical_inventory_only
research/experiments/exact_frontier/certificates/p24_q140361.json,historical_logs_and_experiments,608,a9822bf707beb6bb332111addc0a09b6754b0e425208a061120ca9b47cd2bdf6,.json,json_valid,mechanical_inventory_only
research/experiments/exact_frontier/certificates/p24_q140369.json,historical_logs_and_experiments,609,b33285106a060eb46d8168f61bf88556f749c6758d06cdc9919b7ca5d20c3a45,.json,json_valid,mechanical_inventory_only
research/experiments/exact_frontier/certificates/p24_q140425.json,historical_logs_and_experiments,606,d0b1525948e1607a05ac1c7887ee0919842f0425e61aa3afe4577078ad08cf06,.json,json_valid,mechanical_inventory_only
research/experiments/exact_frontier/certificates/p24_q140433.json,historical_logs_and_experiments,608,dad3502cb9a1d426c94edc1a8cbcca84876f788045334afd627a883fd8d8fbb0,.json,json_valid,mechanical_inventory_only
research/experiments/exact_frontier/certificates/p24_q141449.json,historical_logs_and_experiments,609,c966744c8fc39a8e7cb4604750f461b8e1e942df73d74a3b225b7c958ecf317f,.json,json_valid,mechanical_inventory_only
research/experiments/exact_frontier/certificates/p24_q148553.json,historical_logs_and_experiments,606,48aea1163ce3dbb6fa5d5c8ad3cfdb8dc730bd5afa4c81655e1b4a6fcbbfbfa0,.json,json_valid,mechanical_inventory_only
research/experiments/exact_frontier/certificates/p24_q148617.json,historical_logs_and_experiments,608,d4d43d53fabab9103c39f46f2cbb4b496e3720e1b97a63bb76024cb43f3f8097,.json,json_valid,mechanical_inventory_only
research/experiments/exact_frontier/certificates/p24_q16457.json,historical_logs_and_experiments,609,c3563154ea42794c1b00ae099622943890d8b796051171ea6f3d29eab7286f42,.json,json_valid,mechanical_inventory_only
research/experiments/exact_frontier/certificates/p24_q16657.json,historical_logs_and_experiments,607,55284661399eefd08aadacedc3f7716b7e33e48ba8507052c8923972f7d71417,.json,json_valid,mechanical_inventory_only
research/experiments/exact_frontier/certificates/p24_q17.json,historical_logs_and_experiments,603,d6f110a6c4332e610bb2a206e51fed3ad0e41137ef3df8d311e2e2ae4296a0e7,.json,json_valid,mechanical_inventory_only
research/experiments/exact_frontier/certificates/p24_q17417.json,historical_logs_and_experiments,608,0aa2e60bc58972cb976c3238a56cc33f22fbb7f8416e2bb1fbf5c1540c947d4a,.json,json_valid,mechanical_inventory_only
research/experiments/exact_frontier/certificates/p24_q17425.json,historical_logs_and_experiments,606,4912ab81d2772cb84007372412d2dae3faed0c80e8efe534eaba586a7956ae84,.json,json_valid,mechanical_inventory_only
research/experiments/exact_frontier/certificates/p24_q2185.json,historical_logs_and_experiments,606,feb8b2b35ea9d67f07d93299480e2492991390efa296906774b502ac4e231b77,.json,json_valid,mechanical_inventory_only
research/experiments/exact_frontier/certificates/p24_q2193.json,historical_logs_and_experiments,606,c89ecc9e8f75015c1af387765268450b9b42bbb9e7771fa4b75726540ca90ba5,.json,json_valid,mechanical_inventory_only
research/experiments/exact_frontier/certificates/p24_q2396745.json,historical_logs_and_experiments,606,ad5807c83c1b1b8b4d2f10ac67b97508d1e6c9b41d884adb835c4f1210179a45,.json,json_valid,mechanical_inventory_only
research/experiments/exact_frontier/certificates/p24_q279625.json,historical_logs_and_experiments,608,0abc22f0c4f98991c17cbf5220192a660ffdd06d9a966353341f561b8ff70a8d,.json,json_valid,mechanical_inventory_only
research/experiments/exact_frontier/certificates/p24_q279633.json,historical_logs_and_experiments,607,89b429a63cbcc933005c2d4a4ce31f8de251723e5b7b0225bef81f48d3b62cb9,.json,json_valid,mechanical_inventory_only
research/experiments/exact_frontier/certificates/p24_q279689.json,historical_logs_and_experiments,609,dda15be7e019ad623b3683be29ed13e3a98171c0c24f8153760b0f45a8546b54,.json,json_valid,mechanical_inventory_only
research/experiments/exact_frontier/certificates/p24_q279697.json,historical_logs_and_experiments,607,ff97755c3ce9e08842ac7b46fd271686c088d330b87b749c70626788f010fff8,.json,json_valid,mechanical_inventory_only
research/experiments/exact_frontier/certificates/p24_q279825.json,historical_logs_and_experiments,606,97a3ea0f301b41c430c1601b953a207ddd9f75c0c9c9a6b8987b5a6b7edc213b,.json,json_valid,mechanical_inventory_only
research/experiments/exact_frontier/certificates/p24_q280713.json,historical_logs_and_experiments,605,91babd98c8b95fb5a22945a12c9544715537cac2da5ac38a090b9fa0f13fb06d,.json,json_valid,mechanical_inventory_only
research/experiments/exact_frontier/certificates/p24_q280721.json,historical_logs_and_experiments,607,0bb386d36e52d12f672be7b563f1eebfbed363fd7648030e091236f686a4bf9e,.json,json_valid,mechanical_inventory_only
research/experiments/exact_frontier/certificates/p24_q297097.json,historical_logs_and_experiments,606,9e4d5b33718257341bcadd4d2c37fdce5375395caabbf9e6f3b207210158361d,.json,json_valid,mechanical_inventory_only
research/experiments/exact_frontier/certificates/p24_q32905.json,historical_logs_and_experiments,605,e8751913bbf8db05655562b1c925e406cc452245349d48d055acb2975cd1437c,.json,json_valid,mechanical_inventory_only
research/experiments/exact_frontier/certificates/p24_q32913.json,historical_logs_and_experiments,607,efbfcc23933dae19034f9345704f0cb5fd4b3ba715df848dfcd44eda9fe1f40d,.json,json_valid,mechanical_inventory_only
research/experiments/exact_frontier/certificates/p24_q33041.json,historical_logs_and_experiments,607,e2931df2625e199f36c44044e917f675c6ac664d2e9320d99b6ac5bd690b78ca,.json,json_valid,mechanical_inventory_only
research/experiments/exact_frontier/certificates/p24_q34825.json,historical_logs_and_experiments,608,ef3e9340ed9c5c0776d20aa39c73a550c41ca03231e1a881b1e43ef62d99ed67,.json,json_valid,mechanical_inventory_only
research/experiments/exact_frontier/certificates/p24_q34833.json,historical_logs_and_experiments,607,e8f8b269ceb08048685a0785a0aa1e22cf8a95e0c4aaa8c8395863717faaf9e2,.json,json_valid,mechanical_inventory_only
research/experiments/exact_frontier/certificates/p24_q37449.json,historical_logs_and_experiments,608,337f53d6b0154642b7aa6371384ca7736f634512b0a934db4c92f53fce7cc279,.json,json_valid,mechanical_inventory_only
research/experiments/exact_frontier/certificates/p24_q4369.json,historical_logs_and_experiments,606,9cc463997f39afcf9694238fac89ee4a233a344403967f096073b2bf056b2466,.json,json_valid,mechanical_inventory_only
research/experiments/exact_frontier/certificates/p24_q559241.json,historical_logs_and_experiments,608,46c9e4afa42b1757d8ee67574c1fe893643de421946be8c6709a76f39104ae08,.json,json_valid,mechanical_inventory_only
research/experiments/exact_frontier/certificates/p24_q559249.json,historical_logs_and_experiments,608,29239f5876d9208e602baeeff7266b1cc06cde5a1b67a6af6667114c02a26742,.json,json_valid,mechanical_inventory_only
research/experiments/exact_frontier/certificates/p24_q559377.json,historical_logs_and_experiments,608,9ec312098239953ee0634e463af7e9bf53ac468fdc282bc27c974758342913e4,.json,json_valid,mechanical_inventory_only
research/experiments/exact_frontier/certificates/p24_q585.json,historical_logs_and_experiments,606,778012411005f98f01a0e5631bfc12d5887d5b5ba1c40c6b9f93efb9916bc0b8,.json,json_valid,mechanical_inventory_only
research/experiments/exact_frontier/certificates/p24_q65809.json,historical_logs_and_experiments,605,f7d22041ed691598a98f232f171597787fd3ac7ee56d5e2725ac6574a8521836,.json,json_valid,mechanical_inventory_only
research/experiments/exact_frontier/certificates/p24_q66577.json,historical_logs_and_experiments,608,d2a1ed904186023f3a137c67fc7e35c37f7666eef2b6b04dd0479717881ca65b,.json,json_valid,mechanical_inventory_only
research/experiments/exact_frontier/certificates/p24_q66625.json,historical_logs_and_experiments,606,f42c8414dcdda4beae456f9fdb118d09a783e6cff7167ea5f8980be0c5306bb4,.json,json_valid,mechanical_inventory_only
research/experiments/exact_frontier/certificates/p24_q69649.json,historical_logs_and_experiments,606,83e4faeece9f615b68a1252675944e0b7de9a03243245785ec96b2b557e07b0a,.json,json_valid,mechanical_inventory_only
research/experiments/exact_frontier/certificates/p24_q70217.json,historical_logs_and_experiments,607,faf3e56bd66562de71b685790a792c1c7e13c64b50a941910a214038eecf5ecd,.json,json_valid,mechanical_inventory_only
research/experiments/exact_frontier/certificates/p24_q70729.json,historical_logs_and_experiments,607,2c99bf3d2bc69c3d1698dac9d163e35aa51ed7d7ed88519aaf2b44a6f04af2d0,.json,json_valid,mechanical_inventory_only
research/experiments/exact_frontier/certificates/p24_q74313.json,historical_logs_and_experiments,607,1c544ae13c5e7ae9ec175c0bd0c32ddd0db63cb40bef18d14797aae73f4f276e,.json,json_valid,mechanical_inventory_only
research/experiments/exact_frontier/certificates/p24_q74377.json,historical_logs_and_experiments,608,78d4320d910bf08c30ea1789e7b7f517efc11ece5ea4d72b1b9cbc638bdb2c35,.json,json_valid,mechanical_inventory_only
research/experiments/exact_frontier/certificates/p24_q74825.json,historical_logs_and_experiments,607,406c28c43dc8884607414ff9b23c60bd1e287fb40e29afd7a5be00f1b27942a3,.json,json_valid,mechanical_inventory_only
research/experiments/exact_frontier/certificates/p24_q8329.json,historical_logs_and_experiments,606,f6d9dbd3459c1ffd778c92ba2884ebd894a2b5433be081ca3073cdbf7643f3aa,.json,json_valid,mechanical_inventory_only
research/experiments/exact_frontier/certificates/p24_q8337.json,historical_logs_and_experiments,606,0faac84da8ab06760d0af175d773509a9b5027a201f7c31a0d4d67c76142c3e3,.json,json_valid,mechanical_inventory_only
research/experiments/exact_frontier/certificates/p24_q8713.json,historical_logs_and_experiments,607,5335c5ea8f5bdf8822003221836b72d707ed48239141287d73938b3fca72732d,.json,json_valid,mechanical_inventory_only
research/experiments/exact_frontier/certificates/p24_q9.json,historical_logs_and_experiments,603,14f9d846e3c9cdad93a89aad838faf01cd81d9747485e5f60773f5ef398c0de2,.json,json_valid,mechanical_inventory_only
research/experiments/exact_frontier/closure_waterfall.csv,historical_logs_and_experiments,279,e36a2ace2877259e202f897b460efdce8273da9f91aca93174a862c3eed69dae,.csv,not_applicable,mechanical_inventory_only
research/experiments/exact_frontier/p17_closure.json,historical_logs_and_experiments,6571,3fa9e3fc313a2604c9569a9af4341ee0d340304854fed429584616bc6f1dda28,.json,json_valid,mechanical_inventory_only
research/experiments/exact_frontier/p18_closure.json,historical_logs_and_experiments,9127,c9578817c9a2976a716423aebaaa44328d74aecb79a582cda68b0090cfd812a8,.json,json_valid,mechanical_inventory_only
research/experiments/exact_frontier/p19_closure.json,historical_logs_and_experiments,9182,507bda6bdc080742c3918ab77625b3d4d1f0750f1dc721a2a1ea97d3d2f5fa57,.json,json_valid,mechanical_inventory_only
research/experiments/exact_frontier/p20_closure.json,historical_logs_and_experiments,16929,3bf57a3a640b5d669092bfa00bc06e4d77db482d1806f760f64f2ecc21f44aff,.json,json_valid,mechanical_inventory_only
research/experiments/exact_frontier/p21_closure.json,historical_logs_and_experiments,16997,9d9bb296acaf4eb533e00010cddc69e721da25fe2f44e5ace0c77f1e3470ead9,.json,json_valid,mechanical_inventory_only
research/experiments/exact_frontier/p22_closure.json,historical_logs_and_experiments,27389,b9d6e6c6de0de63b95d65e30d0f8ec1f45138a85c24eca0bcffeec98188ce33a,.json,json_valid,mechanical_inventory_only
research/experiments/exact_frontier/p23_closure.json,historical_logs_and_experiments,30096,efc9d426ca4b27b303c39b548fd99a798b2e73f3677eb0d47f7f0b928897ae53,.json,json_valid,mechanical_inventory_only
research/experiments/exact_frontier/p24_closure.json,historical_logs_and_experiments,47325,ab2f1591e096c281c83a9bda5c915b26784a627aaf6c5cdbabe4c48d1d01875e,.json,json_valid,mechanical_inventory_only
research/experiments/exact_frontier/summary.json,historical_logs_and_experiments,1716,d0ae14151a5e52e997dfc77178ef43579aeca4f9de97543ece9903c10a71828f,.json,json_valid,mechanical_inventory_only
research/experiments/finite_phase_slips/best_by_n.csv,historical_logs_and_experiments,9599,0cf90022ffffdc2fe626ec5619fccc9bd9bcc1fa2726448b24da77809ccc1ea9,.csv,not_applicable,mechanical_inventory_only
research/experiments/finite_phase_slips/candidates/n100_a-1.json,historical_logs_and_experiments,1500,1de6a99e740cf7ae9b96978ecc294f3ee079310f31cd187658f4c7d1a289c8eb,.json,json_valid,mechanical_inventory_only
research/experiments/finite_phase_slips/candidates/n102_a+1.json,historical_logs_and_experiments,1528,0dce66688817be45fbe1ae226420c3b971bec00976a93984bdaa8bb67632fdbf,.json,json_valid,mechanical_inventory_only
research/experiments/finite_phase_slips/candidates/n104_a-1.json,historical_logs_and_experiments,1558,50678d6cd78bdc88e55337ebaab88bb0797655f17c1bc7a61c2353e6b3b3b5f1,.json,json_valid,mechanical_inventory_only
research/experiments/finite_phase_slips/candidates/n106_a+1.json,historical_logs_and_experiments,1586,8a8d95dd3b13e96bd1c4c4b8823259ac22b4097c2f8c1f66a76a7ab9792b74ad,.json,json_valid,mechanical_inventory_only
research/experiments/finite_phase_slips/candidates/n110_a+1.json,historical_logs_and_experiments,1644,e0f46259dd99c4f222bc4e553f268edb3b14c72589e19be5b5feca56a8221ee5,.json,json_valid,mechanical_inventory_only
research/experiments/finite_phase_slips/candidates/n112_a-1.json,historical_logs_and_experiments,1674,1472ba4a4bc7084ef2880ab1c4a0d1a3db413d5023dc6c4c4c6f6b99af1530c8,.json,json_valid,mechanical_inventory_only
research/experiments/finite_phase_slips/candidates/n114_a+1.json,historical_logs_and_experiments,1702,a9b5b10cc9548d7b7fc806be481de96fdc3ecb9bf4ff107fdfee5fde94661362,.json,json_valid,mechanical_inventory_only
research/experiments/finite_phase_slips/candidates/n116_a-1.json,historical_logs_and_experiments,1732,2dea1616f2a2639617bf0fd3427ba3da70f6566b04981a73844ecc140ecef845,.json,json_valid,mechanical_inventory_only
research/experiments/finite_phase_slips/candidates/n118_a+1.json,historical_logs_and_experiments,1760,a64951b326686ace54f1a1c239380e92c2ba37909a6e09286d1a7aebf4e39c53,.json,json_valid,mechanical_inventory_only
research/experiments/finite_phase_slips/candidates/n120_a-1.json,historical_logs_and_experiments,1790,d182dfff0462a17f1d011df627c51491dad58586721c3d08b54a557f63b1872d,.json,json_valid,mechanical_inventory_only
research/experiments/finite_phase_slips/candidates/n122_a+1.json,historical_logs_and_experiments,1818,ba4af1b76cb3d8740ef20f0e128cd61743407e9bc06d9a0cc3bb2a750ea1ff55,.json,json_valid,mechanical_inventory_only
research/experiments/finite_phase_slips/candidates/n126_a+1.json,historical_logs_and_experiments,1876,01394bbe1f11044b921048f654644dd495145e811ebc3c44d84c56b0d607f2ac,.json,json_valid,mechanical_inventory_only
research/experiments/finite_phase_slips/candidates/n128_a-1.json,historical_logs_and_experiments,1906,ec59e1fadcbc40cf067f655218ed60120d88df2fb8e5b3e47674761392bb29af,.json,json_valid,mechanical_inventory_only
research/experiments/finite_phase_slips/candidates/n32_a-1.json,historical_logs_and_experiments,513,57f1170031812eb13c0d3f54fe479b2205d66833501512475e64be3966b0fec5,.json,json_valid,mechanical_inventory_only
research/experiments/finite_phase_slips/candidates/n40_a-1.json,historical_logs_and_experiments,629,d14580eecaa408d1ec436327a26295ca74f6cb6716c6cb418b9a162a89689b9f,.json,json_valid,mechanical_inventory_only
research/experiments/finite_phase_slips/candidates/n48_a-1.json,historical_logs_and_experiments,745,559aa315b198a9e35bb2bb28ef4b8827551bb620e9612368ee11960611e9184e,.json,json_valid,mechanical_inventory_only
research/experiments/finite_phase_slips/candidates/n50_a+1.json,historical_logs_and_experiments,773,9fe3a505c32781178adc763807e51f69a4d85425370942762837c017da5a047b,.json,json_valid,mechanical_inventory_only
research/experiments/finite_phase_slips/candidates/n52_a-1.json,historical_logs_and_experiments,803,ac941ccc496415b7aed7523b13be1f4096437f9db658144cb6386256d220f658,.json,json_valid,mechanical_inventory_only
research/experiments/finite_phase_slips/candidates/n56_a-1.json,historical_logs_and_experiments,861,deeeeb32eff8b37329aa6fe71b678e8e3012b86f437c84b346f9651c9a6ce149,.json,json_valid,mechanical_inventory_only
research/experiments/finite_phase_slips/candidates/n58_a+1.json,historical_logs_and_experiments,889,a3c718848383f4b79c96e79b8eaec8c24eb0686259f82e186e247953b11f3eb4,.json,json_valid,mechanical_inventory_only
research/experiments/finite_phase_slips/candidates/n64_a-1.json,historical_logs_and_experiments,977,8585af1ff607299c2afd627e5408a3997a09dad9ad5cc5989b753a1e93327604,.json,json_valid,mechanical_inventory_only
research/experiments/finite_phase_slips/candidates/n66_a+1.json,historical_logs_and_experiments,1005,b3091cff11e985c7fd334574f8e33fb86b18b0e15dd2d5d22ba4088ac5dea9d8,.json,json_valid,mechanical_inventory_only
research/experiments/finite_phase_slips/candidates/n68_a-1.json,historical_logs_and_experiments,1035,3eb5c25c03ca9b706b6d24dde10a79bae7799f13690e67c1f702fd8ed116e850,.json,json_valid,mechanical_inventory_only
research/experiments/finite_phase_slips/candidates/n72_a-1.json,historical_logs_and_experiments,1093,a0ea31eb01bc60d4a82a6c65ec99d9cef0ff2d728872e615dd1cbea6811687fc,.json,json_valid,mechanical_inventory_only
research/experiments/finite_phase_slips/candidates/n74_a+1.json,historical_logs_and_experiments,1121,c9af850a8da8246554f1bad420008dbcadeea7d114e2d4e1c6185259a0795a13,.json,json_valid,mechanical_inventory_only
research/experiments/finite_phase_slips/candidates/n80_a-1.json,historical_logs_and_experiments,1209,be6d32ca88cdd0d84cba40fd1ae2efc6276dd9e4d797dd026a6650a852035952,.json,json_valid,mechanical_inventory_only
research/experiments/finite_phase_slips/candidates/n82_a+1.json,historical_logs_and_experiments,1237,e774c686f82af0c823a1416617905479a1ec86c78494b70b57b0d9dee5f0d378,.json,json_valid,mechanical_inventory_only
research/experiments/finite_phase_slips/candidates/n84_a-1.json,historical_logs_and_experiments,1267,0eb34c9354cd985cfb9cda6a9cd6b3c95438ee11bd93a609fdfa8a9067e483d3,.json,json_valid,mechanical_inventory_only
research/experiments/finite_phase_slips/candidates/n88_a-1.json,historical_logs_and_experiments,1325,4a560beccee5dac993ffa1163fc33782b0973bd1a5ea09e04c86638107c0192b,.json,json_valid,mechanical_inventory_only
research/experiments/finite_phase_slips/candidates/n90_a+1.json,historical_logs_and_experiments,1353,04801c2abf59720668e080df4945351663f206cd03b767cad1ea7876d5b5ec21,.json,json_valid,mechanical_inventory_only
research/experiments/finite_phase_slips/candidates/n94_a+1.json,historical_logs_and_experiments,1411,0f06fd05dc2f1985af761a880eadeda7e4ce0a8cd26e75de3bc1bde4e50bb36b,.json,json_valid,mechanical_inventory_only
research/experiments/finite_phase_slips/candidates/n96_a-1.json,historical_logs_and_experiments,1441,0c77bec73dffb211f13434b4d65614d7651ec1c63130a80c44eeb8c414e1e692,.json,json_valid,mechanical_inventory_only
research/experiments/finite_phase_slips/candidates/n98_a+1.json,historical_logs_and_experiments,1469,a3904158f7a543023c07444b0ef368f30ccf7b4c24eb119b5eef4c08adb1dc2f,.json,json_valid,mechanical_inventory_only
research/experiments/finite_phase_slips/certificates/n100_a-1.json,historical_logs_and_experiments,21595,0e8e771c131ae7e3305b7d9a49eade01e6dbd142ea3905e5a001efb5e7b021e6,.json,json_valid,mechanical_inventory_only
research/experiments/finite_phase_slips/certificates/n102_a+1.json,historical_logs_and_experiments,21273,2b08e12695b4d9a8c786e488023e640d968ca9159ef53de60e3e7696e6af76a6,.json,json_valid,mechanical_inventory_only
research/experiments/finite_phase_slips/certificates/n104_a-1.json,historical_logs_and_experiments,19728,e29829c46c371cdb8e326d538f0f82170c5176e0666aac2211fae917701563e5,.json,json_valid,mechanical_inventory_only
research/experiments/finite_phase_slips/certificates/n106_a+1.json,historical_logs_and_experiments,24411,e39f65a3fa8c7b18edd90d0daaf1f963602c243d336067ad0ccc9d72b85d5454,.json,json_valid,mechanical_inventory_only
research/experiments/finite_phase_slips/certificates/n110_a+1.json,historical_logs_and_experiments,24561,2a4fa29ba68afa494362472d6070b86b473b5da75da5e2c1f396c45ea348f95f,.json,json_valid,mechanical_inventory_only
research/experiments/finite_phase_slips/certificates/n112_a-1.json,historical_logs_and_experiments,28427,deb36c3da14dbc80809c4721f13b7aa59cb0e4a40105a984ccd0d34536c7d5f0,.json,json_valid,mechanical_inventory_only
research/experiments/finite_phase_slips/certificates/n114_a+1.json,historical_logs_and_experiments,28060,07db09a731f59720d17fcbbdc01bc693ac2038b63a8f0a10231c04f622dae17b,.json,json_valid,mechanical_inventory_only
research/experiments/finite_phase_slips/certificates/n116_a-1.json,historical_logs_and_experiments,28722,6d9ddee8b17791156eab9f543bc9de82286a5d2375a000f93aee0401641469f5,.json,json_valid,mechanical_inventory_only
research/experiments/finite_phase_slips/certificates/n118_a+1.json,historical_logs_and_experiments,28096,de890113e9a048042c012aab67a8c4be9ced112201c5880002b2074b5fa616b8,.json,json_valid,mechanical_inventory_only
research/experiments/finite_phase_slips/certificates/n120_a-1.json,historical_logs_and_experiments,27380,1ad85461fb4eb99dc043d7c403a771d383c4e9039a8b55bf0aca9548ec30d1bd,.json,json_valid,mechanical_inventory_only
research/experiments/finite_phase_slips/certificates/n122_a+1.json,historical_logs_and_experiments,31964,322456128e34094cfdfbc16a8dd2b09e45ec3c96fe993523b92defb8c713a55b,.json,json_valid,mechanical_inventory_only
research/experiments/finite_phase_slips/certificates/n126_a+1.json,historical_logs_and_experiments,31871,5d201942b71df12c1144213b7b4cb21e6ae94274a04688602e4994f152f7a715,.json,json_valid,mechanical_inventory_only
research/experiments/finite_phase_slips/certificates/n128_a-1.json,historical_logs_and_experiments,36756,08bc39af9580609df506c0b0d4817fa8a400c064c05dcfb6589bba4e404171b2,.json,json_valid,mechanical_inventory_only
research/experiments/finite_phase_slips/certificates/n32_a-1.json,historical_logs_and_experiments,2845,f3ca740be3609f0850bc2b335f5ac2d3654175ee425a6047c5029526b0ce7001,.json,json_valid,mechanical_inventory_only
research/experiments/finite_phase_slips/certificates/n40_a-1.json,historical_logs_and_experiments,3759,c2e4c58bd2a909f453346ca8501cc7ea54ad2020ff5251dc036b0fad6051a959,.json,json_valid,mechanical_inventory_only
research/experiments/finite_phase_slips/certificates/n48_a-1.json,historical_logs_and_experiments,5933,9bb73bb16a43cd2b7344d4cfe7f783ed3c9e151081723cfa5a57fef47520c02f,.json,json_valid,mechanical_inventory_only
research/experiments/finite_phase_slips/certificates/n50_a+1.json,historical_logs_and_experiments,4327,692f851e77fb0d13e7bc1e3d96ac42adbb5ae4b58ef462d8dd8b99cc7b1e730a,.json,json_valid,mechanical_inventory_only
research/experiments/finite_phase_slips/certificates/n52_a-1.json,historical_logs_and_experiments,6881,e55600f48fc628d9aed809e1ee2c706f8bb7d0d4d2630844d84c64c10db11ec5,.json,json_valid,mechanical_inventory_only
research/experiments/finite_phase_slips/certificates/n56_a-1.json,historical_logs_and_experiments,7796,8728b5aaa04ac8f2c8e2323c03916ae4453045a811c65452a576d60f2d34c72f,.json,json_valid,mechanical_inventory_only
research/experiments/finite_phase_slips/certificates/n58_a+1.json,historical_logs_and_experiments,8470,5b71f8cb2989e5b0676a9a642d794c702b7d4fbf3919876ef2c9f1e86f33774f,.json,json_valid,mechanical_inventory_only
research/experiments/finite_phase_slips/certificates/n64_a-1.json,historical_logs_and_experiments,9925,54ab7007e9764732b9f00368a5de1e84a24d973f2e536a970c35aeccbe145cb8,.json,json_valid,mechanical_inventory_only
research/experiments/finite_phase_slips/certificates/n66_a+1.json,historical_logs_and_experiments,10053,ea601fcbf6613bcef87ddcfd8af404414784ea1f4bcd8175398c564d368fbd40,.json,json_valid,mechanical_inventory_only
research/experiments/finite_phase_slips/certificates/n68_a-1.json,historical_logs_and_experiments,10493,478835019d451dae624271728cc5f3e11c44ad261fa8ce2afc610a1efe450fbe,.json,json_valid,mechanical_inventory_only
research/experiments/finite_phase_slips/certificates/n72_a-1.json,historical_logs_and_experiments,12332,f820f36a4b59fdca550dcde50b959c7ab28f0329a91f17b004b027c5d0e61265,.json,json_valid,mechanical_inventory_only
research/experiments/finite_phase_slips/certificates/n74_a+1.json,historical_logs_and_experiments,12406,3d049c82aba2e3eef9c43161e66b08f203326e3d3ac290c73b7bd1ee663252dc,.json,json_valid,mechanical_inventory_only
research/experiments/finite_phase_slips/certificates/n80_a-1.json,historical_logs_and_experiments,15008,0c565be338f2f6cffc4e5959172dba973027a32d4495320bfd010ca624d811b1,.json,json_valid,mechanical_inventory_only
research/experiments/finite_phase_slips/certificates/n82_a+1.json,historical_logs_and_experiments,15020,1bf98f3b570b3c61958b565c9eb68df64dcdf569753cda1a6112ebb100533cb9,.json,json_valid,mechanical_inventory_only
research/experiments/finite_phase_slips/certificates/n84_a-1.json,historical_logs_and_experiments,15529,f4c03e7db24dba706942dcd8ac0a3321fa7309208d01f58dc0227dff881f9cba,.json,json_valid,mechanical_inventory_only
research/experiments/finite_phase_slips/certificates/n88_a-1.json,historical_logs_and_experiments,15597,2d0aafdc019ab03adade7fcfd4ad50eef326ddbb528ba4e725bbfd34892af6aa,.json,json_valid,mechanical_inventory_only
research/experiments/finite_phase_slips/certificates/n90_a+1.json,historical_logs_and_experiments,17889,ea423c030e8d8b59a2dd0d5925e0a5187af5c3faa4a233198898c8914aa5a3a2,.json,json_valid,mechanical_inventory_only
research/experiments/finite_phase_slips/certificates/n94_a+1.json,historical_logs_and_experiments,18222,d190ec5fecd1c40dce8ca50b877e28c041c94ce19b63d76ad1a3fd494b3ebc97,.json,json_valid,mechanical_inventory_only
research/experiments/finite_phase_slips/certificates/n96_a-1.json,historical_logs_and_experiments,21172,98a5e06fbda2eb368e3ad89330499b97e3e34d4bb7ec78b56838796f151b6901,.json,json_valid,mechanical_inventory_only
research/experiments/finite_phase_slips/certificates/n98_a+1.json,historical_logs_and_experiments,21021,73b4c9be04f0839347144b2162d8b53767809b4d4ce64e68d67d4d4032a34d1f,.json,json_valid,mechanical_inventory_only
research/experiments/finite_phase_slips/certified_counterexamples.json,historical_logs_and_experiments,26886,ad906a9051bfd46facbfa58855c88f831359fe6ce2c58a53ea68bbcc69083e07,.json,json_valid,mechanical_inventory_only
research/experiments/finite_phase_slips/pattern_families.md,historical_logs_and_experiments,2119,ed8ac5b21bc5c9fdb29a3d03121fdbd9088cde86c2dfceb1c7eda654e73978b7,.md,not_applicable,mechanical_inventory_only
research/experiments/finite_phase_slips/summary.json,historical_logs_and_experiments,61223,7fd9adb51c40c3658bd892a1f58a96a6b95e9d8c396ec9c488c2fcade969efef,.json,json_valid,mechanical_inventory_only
research/experiments/finite_phase_slips/uncertified_candidates.json,historical_logs_and_experiments,3,37517e5f3dc66819f61f5a7bb8ace1921282415f10551d2defa5c3eb0985b570,.json,json_valid,mechanical_inventory_only
research/experiments/high_period_certified/candidates.json,historical_logs_and_experiments,299890,3ede0542b8146af640f3d163ba29abc6c755965799e73960774cd12d22ea5c2b,.json,json_valid,mechanical_inventory_only
research/experiments/high_period_certified/certificates/p17_q1.json,historical_logs_and_experiments,1795,a15f8f98cc41d5aabe7f18e86398098be626007fef4af956747777124259dade,.json,json_valid,mechanical_inventory_only
research/experiments/high_period_certified/certificates/p17_q137.json,historical_logs_and_experiments,1816,c28d1c2f583e88750a835c5ab2a921d8f885762681db887ac96be8cc8578ce51,.json,json_valid,mechanical_inventory_only
research/experiments/high_period_certified/certificates/p17_q273.json,historical_logs_and_experiments,1815,d7edfaa5f6e9f2bc7a74bee239fa466bb1d90c547fdd4c80515c869097830eec,.json,json_valid,mechanical_inventory_only
research/experiments/high_period_certified/certificates/p17_q73.json,historical_logs_and_experiments,1814,4ce876aed64baf479f9449c45a874b0c6941ffb6fd25173687c7e0a46121aa69,.json,json_valid,mechanical_inventory_only
research/experiments/high_period_certified/certificates/p17_q8773.json,historical_logs_and_experiments,1864,707dcf1086034405e0cd69651ee2b32f0b795f187c929071f524465af11ec5c4,.json,json_valid,mechanical_inventory_only
research/experiments/high_period_certified/certificates/p17_q8777.json,historical_logs_and_experiments,1832,6bba383ef3f32a6c9e62be4eefba2fededb9f69c1c7226ccd00047e4b82945a0,.json,json_valid,mechanical_inventory_only
research/experiments/high_period_certified/certificates/p17_q9289.json,historical_logs_and_experiments,1834,b0a0efbd387d5e3fe6cc9059e74e7d72b13ea2aeac3b8f6e7fd4140dba0592a2,.json,json_valid,mechanical_inventory_only
research/experiments/high_period_certified/certificates/p18_q0.json,historical_logs_and_experiments,1740,8fd3699b79febf896de76acf87a8dad953d89a5b1c9bc9b1da7341b0d71e42ca,.json,json_valid,mechanical_inventory_only
research/experiments/high_period_certified/certificates/p18_q1097.json,historical_logs_and_experiments,1825,6d5ee9d750cf5385545542b620b2f9eaa78446bb69c3367e6edb2fbd93171b16,.json,json_valid,mechanical_inventory_only
research/experiments/high_period_certified/certificates/p18_q1105.json,historical_logs_and_experiments,1853,05c2b64daa8c7bf060d877bbf7aeec9f0f60fd111cf263cacb3031788e0227b6,.json,json_valid,mechanical_inventory_only
research/experiments/high_period_certified/certificates/p18_q1161.json,historical_logs_and_experiments,1825,342c70904ccdd2f46ef0923f300f433186ff652c7bf3029d146913daba4b5fe6,.json,json_valid,mechanical_inventory_only
research/experiments/high_period_certified/certificates/p18_q17.json,historical_logs_and_experiments,1807,81b9dd785e337f8d1f846995b30cc0b542f1666332fea214935759d627ee29fa,.json,json_valid,mechanical_inventory_only
research/experiments/high_period_certified/certificates/p18_q2185.json,historical_logs_and_experiments,1823,9efb4e7f2788f5a91e0dccace6672e63d5260ef68c767ea9b1c4c83ccd392066,.json,json_valid,mechanical_inventory_only
research/experiments/high_period_certified/certificates/p18_q2193.json,historical_logs_and_experiments,1823,6bf14149f8a3dc1dccfb94700a6d6d46c33b13785f4432d23e1382b9b7871f2b,.json,json_valid,mechanical_inventory_only
research/experiments/high_period_certified/certificates/p18_q37449.json,historical_logs_and_experiments,1872,4d7c6ee3fa14e84183f07eedf1351d5d951fec3c096347f14b64b23a504eb9a4,.json,json_valid,mechanical_inventory_only
research/experiments/high_period_certified/certificates/p18_q4369.json,historical_logs_and_experiments,1860,536dabcf739452113e4c9177ff8a5251c64bae9ad0d5b4af22ee2c062cdd844a,.json,json_valid,mechanical_inventory_only
research/experiments/high_period_certified/certificates/p18_q9.json,historical_logs_and_experiments,1803,8913c9a8800d5e08798cbb4f718e6952e4982b4bb56abee0dd5d9084be97b742,.json,json_valid,mechanical_inventory_only
research/experiments/high_period_certified/certificates/p19_q1.json,historical_logs_and_experiments,1798,50451b3f0f416338ed6b678c5380f88f61cf997e8c692bf531a512a27d25e713,.json,json_valid,mechanical_inventory_only
research/experiments/high_period_certified/certificates/p19_q1041.json,historical_logs_and_experiments,1849,8446a6d343f6906daa9579597bdd146a75492fe85f1052711f5bf951f275135a,.json,json_valid,mechanical_inventory_only
research/experiments/high_period_certified/certificates/p19_q137.json,historical_logs_and_experiments,1820,6bc3c5f13d40f38566baf53884ced7e84ec30c1d492c20e24329f31f1680869b,.json,json_valid,mechanical_inventory_only
research/experiments/high_period_certified/certificates/p19_q2065.json,historical_logs_and_experiments,1851,9feb5758e58b110ec7842d44546ea7037a8fb3a89d87adde16a351577ab57364,.json,json_valid,mechanical_inventory_only
research/experiments/high_period_certified/certificates/p19_q273.json,historical_logs_and_experiments,1820,40000d6e594f7dbbc238430ee85a020d726787597c8c077e56579f4954e8b87c,.json,json_valid,mechanical_inventory_only
research/experiments/high_period_certified/certificates/p19_q34953.json,historical_logs_and_experiments,1836,88d9d208a9205b3b2f25be0bf08b1ebdbec1959416482386144afff5089ed978,.json,json_valid,mechanical_inventory_only
research/experiments/high_period_certified/certificates/p19_q4681.json,historical_logs_and_experiments,1863,d5b4e9e6912ce487ab73c26330aebdf67bf319b8ec6bad960bea6cf7d5efffc5,.json,json_valid,mechanical_inventory_only
research/experiments/high_period_certified/certificates/p19_q73.json,historical_logs_and_experiments,1815,0d35770862e0fb749d034f57044f39b296b37739fcfd48f980d2f38702ccd938,.json,json_valid,mechanical_inventory_only
research/experiments/high_period_certified/certificates/p19_q8777.json,historical_logs_and_experiments,1832,b54490e58223e2bb9fe46f7e1484d612583dec17f4d58ed89f3c6845ad71bda6,.json,json_valid,mechanical_inventory_only
research/experiments/high_period_certified/certificates/p19_q9289.json,historical_logs_and_experiments,1833,067b1c77b242036e734f59841dcddacc1c936bdae20b93e6d8aab94789c78553,.json,json_valid,mechanical_inventory_only
research/experiments/high_period_certified/certificates/p20_q0.json,historical_logs_and_experiments,1744,5eaa36a3735d018f5a48b2ed7977aa6a7c29ab4dc0c5c9e7db08ec3ad85445f7,.json,json_valid,mechanical_inventory_only
research/experiments/high_period_certified/certificates/p20_q1097.json,historical_logs_and_experiments,1814,dbd1b83b418720de300d277102949068503ac3f6711a7ce1a6b482f08da0c996,.json,json_valid,mechanical_inventory_only
research/experiments/high_period_certified/certificates/p20_q1105.json,historical_logs_and_experiments,1809,1270432db31c6d8494587d5ab901e0905d436f4fdf93f0fa48e9a801815d5c5c,.json,json_valid,mechanical_inventory_only
research/experiments/high_period_certified/certificates/p20_q1161.json,historical_logs_and_experiments,1810,2a744b955f663f5dde33cbb1b76ee728f95144a2d43d4a6313a061316a2fca19,.json,json_valid,mechanical_inventory_only
research/experiments/high_period_certified/certificates/p20_q16657.json,historical_logs_and_experiments,1846,d3d5d1f166e50ca48d0d5ed7943c97b23f1a827e62ea9abef5a42314e85fa52f,.json,json_valid,mechanical_inventory_only
research/experiments/high_period_certified/certificates/p20_q17.json,historical_logs_and_experiments,1794,e316a7550aa0da0b3cb822c66b65df08d4d25c4379c24f5f427dda1226128eb8,.json,json_valid,mechanical_inventory_only
research/experiments/high_period_certified/certificates/p20_q17425.json,historical_logs_and_experiments,1811,6dac1111e4e13163a63ef69ba886d2f39a588817940c7a37cf2ff8625c9ead1a,.json,json_valid,mechanical_inventory_only
research/experiments/high_period_certified/certificates/p20_q2185.json,historical_logs_and_experiments,1813,6b21aa9dba4fd2887edf0f4fbd65a6c411a38169905435e991e90ee4871bc202,.json,json_valid,mechanical_inventory_only
research/experiments/high_period_certified/certificates/p20_q2193.json,historical_logs_and_experiments,1812,ab7544dc61d3078be02b7f97f818c88d4894bed87070e8f1c464b22a33129190,.json,json_valid,mechanical_inventory_only
research/experiments/high_period_certified/certificates/p20_q4369.json,historical_logs_and_experiments,1814,be3b840f95a64450b8e53a247cdf15a3214ea9d9ab18c581cf1b8d39dc765530,.json,json_valid,mechanical_inventory_only
research/experiments/high_period_certified/certificates/p20_q585.json,historical_logs_and_experiments,1844,f010a4f564ea192a5b13cb25469bc05fc75824e2e0c249988127516f4f48050f,.json,json_valid,mechanical_inventory_only
research/experiments/high_period_certified/certificates/p20_q70213.json,historical_logs_and_experiments,1861,88beb13b75634c939e01098c5f7096d415936a3bb3d9fcdd12b0727022627113,.json,json_valid,mechanical_inventory_only
research/experiments/high_period_certified/certificates/p20_q70217.json,historical_logs_and_experiments,1861,c302a9335a7a6541c68831d11e21856ae11878292b590f941d8e36fa6743ad9e,.json,json_valid,mechanical_inventory_only
research/experiments/high_period_certified/certificates/p20_q70725.json,historical_logs_and_experiments,1852,773b39415c3654bcfc9d47165eae1cb0550ae652e1020b096488fa6a61344f32,.json,json_valid,mechanical_inventory_only
research/experiments/high_period_certified/certificates/p20_q74309.json,historical_logs_and_experiments,1861,cf3c87b2f560a3c9c76087cb20a6d110b7998c46a70ff5597a7777c3ed063c32,.json,json_valid,mechanical_inventory_only
research/experiments/high_period_certified/certificates/p20_q74313.json,historical_logs_and_experiments,1830,c3a212174fc6f8fab468aa26f7c8993c10fcbb4da0ece1cf2c77e2da2d44220a,.json,json_valid,mechanical_inventory_only
research/experiments/high_period_certified/certificates/p20_q74825.json,historical_logs_and_experiments,1826,52fb680080eaeae9a517e16386ad14594c2ca43f69092838a6a2cb5453bfd112,.json,json_valid,mechanical_inventory_only
research/experiments/high_period_certified/certificates/p20_q8713.json,historical_logs_and_experiments,1841,9c31d9b383c4340c975662f78a5990d5fc0c9eca9e35fb77788a07df752f898d,.json,json_valid,mechanical_inventory_only
research/experiments/high_period_certified/certificates/p20_q9.json,historical_logs_and_experiments,1792,dd2c7546f2d8cb14c3e7405e2ad073ed5c8a54a7427c9d6e899ee3ccadacac90,.json,json_valid,mechanical_inventory_only
research/experiments/high_period_certified/certificates/p21_q1.json,historical_logs_and_experiments,1803,e41cc44c4acffdcd4c4c232309420f9c303e599a9ba5a276fd20f29df6894f3f,.json,json_valid,mechanical_inventory_only
research/experiments/high_period_certified/certificates/p21_q1041.json,historical_logs_and_experiments,1856,94a4200c91be69dbd4f588e65f6bc41488abcc4595dd34487ad08faa7be43758,.json,json_valid,mechanical_inventory_only
research/experiments/high_period_certified/certificates/p21_q137.json,historical_logs_and_experiments,1822,764e3b539251ce5c5d0ce58607d6261aea2af282688f13816f93f676c7f33ea1,.json,json_valid,mechanical_inventory_only
research/experiments/high_period_certified/certificates/p21_q17481.json,historical_logs_and_experiments,1839,218aed7581d52e8c684acc047bb39adcc08e2383586d915d1670aa4ea9307116,.json,json_valid,mechanical_inventory_only
research/experiments/high_period_certified/certificates/p21_q17489.json,historical_logs_and_experiments,1870,205a57cd7d0450795a085cc280e56f2071c6c2b976d6078e836fd753d3dffe9c,.json,json_valid,mechanical_inventory_only
research/experiments/high_period_certified/certificates/p21_q17545.json,historical_logs_and_experiments,1839,50b21ff9c5f2da1d0c652805b48bd5230a00e54aeeed10005270a03b08010b10,.json,json_valid,mechanical_inventory_only
research/experiments/high_period_certified/certificates/p21_q17553.json,historical_logs_and_experiments,1870,726c9f73f18c12c27703d3617ff349988fc8595f7f670a155bb92d083b1f84f2,.json,json_valid,mechanical_inventory_only
research/experiments/high_period_certified/certificates/p21_q18569.json,historical_logs_and_experiments,1837,7a65a21ee1bdae07f5d04b1b7f620bb314bb57eb9e9edfcb4201dc4ff3564f95,.json,json_valid,mechanical_inventory_only
research/experiments/high_period_certified/certificates/p21_q273.json,historical_logs_and_experiments,1823,7196f834e971fc571f6034a57dbe9d732b1efb5fefb2de74e38823097246a01f,.json,json_valid,mechanical_inventory_only
research/experiments/high_period_certified/certificates/p21_q299593.json,historical_logs_and_experiments,1882,1a6ff045aa10a89a7bb0c9b0cce0243bd890da6942f5788fae923dbfcb78f3c8,.json,json_valid,mechanical_inventory_only
research/experiments/high_period_certified/certificates/p21_q34953.json,historical_logs_and_experiments,1871,d6b82453375cd48f4cc4a015a218d462be15dc88a3f447b98d37466c7ed489e1,.json,json_valid,mechanical_inventory_only
research/experiments/high_period_certified/certificates/p21_q34961.json,historical_logs_and_experiments,1872,71dfaa1dec08022fde82ef51285435e72bf12122bad9edc231659de42c9ef922,.json,json_valid,mechanical_inventory_only
research/experiments/high_period_certified/certificates/p21_q4113.json,historical_logs_and_experiments,1819,4cb12e02b0ef328ba5a5cdb1603eb37b1dfb2a61f98284036ff506fd3ec33218,.json,json_valid,mechanical_inventory_only
research/experiments/high_period_certified/certificates/p21_q4681.json,historical_logs_and_experiments,1864,a478d581a982b2e920acde807bfcc9dd78e4e1f9027ec56266c85046a6988c59,.json,json_valid,mechanical_inventory_only
research/experiments/high_period_certified/certificates/p21_q69905.json,historical_logs_and_experiments,1837,4a4da0763d0fce3af93f5e4ebb552e9335633047bb1b976ef0a44856319062f8,.json,json_valid,mechanical_inventory_only
research/experiments/high_period_certified/certificates/p21_q73.json,historical_logs_and_experiments,1820,23ba2fbe212c0b758cfbef2466dce584268900d682384da6e9ae83aa86736057,.json,json_valid,mechanical_inventory_only
research/experiments/high_period_certified/certificates/p21_q8777.json,historical_logs_and_experiments,1835,8d36661b8cd6a4f2e6c58b329599a5bc151c5986ed96ba9641c90ba60dc8b3a7,.json,json_valid,mechanical_inventory_only
research/experiments/high_period_certified/certificates/p21_q8841.json,historical_logs_and_experiments,1835,5135fa6988ae16690ae953dd2ca452bdf8dd89484cf9fa5588442f17fa84c5a9,.json,json_valid,mechanical_inventory_only
research/experiments/high_period_certified/certificates/p21_q9289.json,historical_logs_and_experiments,1834,ebfe1d905f1430a272bc0f916e20d6f35f9379e2a75d7cdf58d71ff1d7bf9b80,.json,json_valid,mechanical_inventory_only
research/experiments/high_period_certified/certificates/p22_q0.json,historical_logs_and_experiments,1745,24a81f68756afaa8fec9d8f51a58ae52851eaeecdf56667caa34c861003f8700,.json,json_valid,mechanical_inventory_only
research/experiments/high_period_certified/certificates/p22_q1097.json,historical_logs_and_experiments,1832,80c76b67a6eefa4ab1630353291c28176915a0fcae424f35863431e37457a202,.json,json_valid,mechanical_inventory_only
research/experiments/high_period_certified/certificates/p22_q1105.json,historical_logs_and_experiments,1830,f9df8f899ae07b70e4e251c6d6e4c1113b178989f407ca7682ea910b52b25129,.json,json_valid,mechanical_inventory_only
research/experiments/high_period_certified/certificates/p22_q1161.json,historical_logs_and_experiments,1828,39db4b394a96ee68f6dc46d96c95273f3ac1bfecc65ae13433ad63ed4126413b,.json,json_valid,mechanical_inventory_only
research/experiments/high_period_certified/certificates/p22_q16457.json,historical_logs_and_experiments,1862,4274bf4fe26c7a735d2c07f10f2952fb69d526e35999c0c2e74f759015451cb6,.json,json_valid,mechanical_inventory_only
research/experiments/high_period_certified/certificates/p22_q16657.json,historical_logs_and_experiments,1863,b774e9ffd021f2aaf83e452ae3c6a9deda40e2375c79d0051feb6c92592070e1,.json,json_valid,mechanical_inventory_only
research/experiments/high_period_certified/certificates/p22_q17.json,historical_logs_and_experiments,1815,dd6f32bdc1b425c108c80e963e057a25804098e59d28a96031c34e5f637876ba,.json,json_valid,mechanical_inventory_only
research/experiments/high_period_certified/certificates/p22_q17425.json,historical_logs_and_experiments,1867,6642f1461914bb922fb7526b5dd3992997ff6d5ae3718c34b28266d25440b311,.json,json_valid,mechanical_inventory_only
research/experiments/high_period_certified/certificates/p22_q2193.json,historical_logs_and_experiments,1834,a736160561e2cf9b6427aea81b83f690f315a02df43c707a265e1eb42a60456b,.json,json_valid,mechanical_inventory_only
research/experiments/high_period_certified/certificates/p22_q279621.json,historical_logs_and_experiments,1882,0a41f583858f19aae839798b9dc853637f58837511c4ceed66929f1415f26221,.json,json_valid,mechanical_inventory_only
research/experiments/high_period_certified/certificates/p22_q279625.json,historical_logs_and_experiments,1850,74d9fbca12aef4a559f236972c5950bb7ad6e59142bb1aa5b31a4ff27d1e6f7a,.json,json_valid,mechanical_inventory_only
research/experiments/high_period_certified/certificates/p22_q279689.json,historical_logs_and_experiments,1849,c8af99b0c9db6fa05ad973ef132adb89398be5e551a31682f2b5bfe265d0e96f,.json,json_valid,mechanical_inventory_only
research/experiments/high_period_certified/certificates/p22_q280713.json,historical_logs_and_experiments,1850,128a594a3d74ed10649668fd04a4178f7f454d3b693657f9e3bedd8e84c89f09,.json,json_valid,mechanical_inventory_only
research/experiments/high_period_certified/certificates/p22_q34833.json,historical_logs_and_experiments,1830,e9a61034289fe2d5ca2ac9b3927ca0d8f00136de57d635ac72f65da1c9553d52,.json,json_valid,mechanical_inventory_only
research/experiments/high_period_certified/certificates/p22_q4369.json,historical_logs_and_experiments,1867,a086805a97a71fd51b458d594db924897bc15b7792322e63f0356e71c83ad669,.json,json_valid,mechanical_inventory_only
research/experiments/high_period_certified/certificates/p22_q66577.json,historical_logs_and_experiments,1827,544964c2e60177efb430c734951e2123095cf02f9abd12a5c8d052fc9b9f7829,.json,json_valid,mechanical_inventory_only
research/experiments/high_period_certified/certificates/p22_q70217.json,historical_logs_and_experiments,1844,18b8a43c0ea58a1fd24ff6ce3059d73dd17bef977c06b331391bf48d594de606,.json,json_valid,mechanical_inventory_only
research/experiments/high_period_certified/certificates/p22_q70729.json,historical_logs_and_experiments,1839,73bc8046fbfad8281f71d042a49e1c5c6a42768182f09665e1f7985b5cce03d0,.json,json_valid,mechanical_inventory_only
research/experiments/high_period_certified/certificates/p22_q74313.json,historical_logs_and_experiments,1870,7d2c0cfe70bd7ef00a97aaeda24be158a163ad6ae5e7fa3ac56628e103be0090,.json,json_valid,mechanical_inventory_only
research/experiments/high_period_certified/certificates/p22_q74825.json,historical_logs_and_experiments,1846,0a839f4c0d748f38c2c4a287a5fc3bb01e8fb07ceaf6c4934fc4280118ec33a0,.json,json_valid,mechanical_inventory_only
research/experiments/high_period_certified/certificates/p23_q133257.json,historical_logs_and_experiments,1876,6cab956a01d3bfa098c1c3f2974463a2db9f3deb5e07bc5408236ff23e048cf6,.json,json_valid,mechanical_inventory_only
research/experiments/high_period_certified/certificates/p23_q133265.json,historical_logs_and_experiments,1840,386f32c2d85496cdb1c60c201d650891326e4cb2693f6096ce5ce39ddb80d101,.json,json_valid,mechanical_inventory_only
research/experiments/high_period_certified/certificates/p23_q137.json,historical_logs_and_experiments,1828,8fec26149cbc90ab5e75ae46890a7ba5525097afbc7e82029aca8a7f909d660d,.json,json_valid,mechanical_inventory_only
research/experiments/high_period_certified/certificates/p23_q139401.json,historical_logs_and_experiments,1874,5ad7694a6d11ea6e51ffd9d0042f63d800105639048dab6c30abe486b6d3cfda,.json,json_valid,mechanical_inventory_only
research/experiments/high_period_certified/certificates/p23_q139785.json,historical_logs_and_experiments,1874,2e4dc7c46cf43df86c25ec5893eb337e43bf5f0ae0f08506148054b94784c590,.json,json_valid,mechanical_inventory_only
research/experiments/high_period_certified/certificates/p23_q17553.json,historical_logs_and_experiments,1875,5a40a3610e282575b601b0256a18df9987e02db23b18963b65aee3c883153260,.json,json_valid,mechanical_inventory_only
research/experiments/high_period_certified/certificates/p23_q273.json,historical_logs_and_experiments,1827,5ab50be3608c3c33f84499e820e2ff7add584f1cd92ac2594bb592642665961e,.json,json_valid,mechanical_inventory_only
research/experiments/high_period_certified/certificates/p23_q33353.json,historical_logs_and_experiments,1867,d89f7b2a0a349d54b2125051cd8e9e6fe3924f6569a9194d1af22c128805c87a,.json,json_valid,mechanical_inventory_only
research/experiments/high_period_certified/certificates/p23_q34953.json,historical_logs_and_experiments,1841,4fda879a798ee0b52efe45b4e3ad9f8a7e39fe07f6497921d5f6ea5f82e11d61,.json,json_valid,mechanical_inventory_only
research/experiments/high_period_certified/certificates/p23_q34961.json,historical_logs_and_experiments,1874,ddb48a2bd9e172fb005167a57dae8516f6804b37accd59e78aab6634d668e1cb,.json,json_valid,mechanical_inventory_only
research/experiments/high_period_certified/certificates/p23_q561733.json,historical_logs_and_experiments,1858,a7d873a298e7c5fc6be8b38beaadbd85b0b8e1179dbc83c0f35fff1fe4fa7ccb,.json,json_valid,mechanical_inventory_only
research/experiments/high_period_certified/certificates/p23_q561737.json,historical_logs_and_experiments,1891,7fb2dce722cf5a5ac35733adb4a1c17a642df87dcc518017074e28bdb6587797,.json,json_valid,mechanical_inventory_only
research/experiments/high_period_certified/certificates/p23_q565829.json,historical_logs_and_experiments,1887,96162c38b5fa6def455723a4ba4632bd73fd55f0a9a484f7ed616f19b12a6ec5,.json,json_valid,mechanical_inventory_only
research/experiments/high_period_certified/certificates/p23_q594501.json,historical_logs_and_experiments,1856,2e577c630ccca86dec783baf784af3d88adae86c9157b8a408b4becb079dd431,.json,json_valid,mechanical_inventory_only
research/experiments/high_period_certified/certificates/p23_q594505.json,historical_logs_and_experiments,1858,b8a631325faed356b5462d0158f9df33b0e12bae46bffa99506090c6c13855bf,.json,json_valid,mechanical_inventory_only
research/experiments/high_period_certified/certificates/p23_q598601.json,historical_logs_and_experiments,1859,28f21ce3880b5610753ac9b83086d33e5e82be3dc61e00ddb98ca0727f77c43b,.json,json_valid,mechanical_inventory_only
research/experiments/high_period_certified/certificates/p23_q69905.json,historical_logs_and_experiments,1840,ca1c6acd3daa68a15eb8429d50556bc7e27db0db299bcb68a2ee90b8fc384b2c,.json,json_valid,mechanical_inventory_only
research/experiments/high_period_certified/certificates/p23_q8777.json,historical_logs_and_experiments,1842,566eee62e7ae937dd3f65967eb201856414f9f70311287a7ad7bdd3519831e7c,.json,json_valid,mechanical_inventory_only
research/experiments/high_period_certified/certificates/p23_q8841.json,historical_logs_and_experiments,1837,2acdbf0095c438a9b092a3f10870d2732d7db3587ad48be3ad8a9b41a8a122e6,.json,json_valid,mechanical_inventory_only
research/experiments/high_period_certified/certificates/p23_q9289.json,historical_logs_and_experiments,1839,5b3bfd034dea6fb7387cdd5632bcb1e14a6b6a0e5506e2f8392879602cc4dc48,.json,json_valid,mechanical_inventory_only
research/experiments/high_period_certified/certificates/p24_q0.json,historical_logs_and_experiments,1752,86dbb38164424277db77c055e1ff1d849c073f7c7eba834f3ea863b561f43544,.json,json_valid,mechanical_inventory_only
research/experiments/high_period_certified/certificates/p24_q1118481.json,historical_logs_and_experiments,1626,0052a8541bff8c816b79b98b867946d0f737f63784df223f5abc241e56b18e10,.json,json_valid,mechanical_inventory_only
research/experiments/high_period_certified/certificates/p24_q16657.json,historical_logs_and_experiments,1869,97391de1cb3e7b5d684fc8a0087c3841432cf18681a148f934e1bf6b3e0cf231,.json,json_valid,mechanical_inventory_only
research/experiments/high_period_certified/certificates/p24_q17.json,historical_logs_and_experiments,1820,b84b3ac2ac667c6312d82b3541fa551119b6a953733635f8341967992bae53f0,.json,json_valid,mechanical_inventory_only
research/experiments/high_period_certified/certificates/p24_q17425.json,historical_logs_and_experiments,1836,3bc7bc1c92811aad7a4bf1b275a1cf424a8f08e44a9c006701982303728c55d2,.json,json_valid,mechanical_inventory_only
research/experiments/high_period_certified/certificates/p24_q2396745.json,historical_logs_and_experiments,1896,c0bfd73f1e84d4d077d01b7e56445b93130979d362f51532c623c8d8378dda6a,.json,json_valid,mechanical_inventory_only
research/experiments/high_period_certified/certificates/p24_q279625.json,historical_logs_and_experiments,1870,17f36afc68f17e643641902eef6b8fa21582cfcd37e21d634c044a7a2cc38fd0,.json,json_valid,mechanical_inventory_only
research/experiments/high_period_certified/certificates/p24_q279633.json,historical_logs_and_experiments,1836,9801d92e828b31110b2cec327b5606ce8808ed7eeb1f6e3ca14bc99b59a1561b,.json,json_valid,mechanical_inventory_only
research/experiments/high_period_certified/certificates/p24_q279689.json,historical_logs_and_experiments,1872,b692b9379b80b3244616deef3b9e41be3c6788b4290b796e96ff93c37b64fcf7,.json,json_valid,mechanical_inventory_only
research/experiments/high_period_certified/certificates/p24_q279697.json,historical_logs_and_experiments,1838,b0de6862a1d8f558028dde0499a9cc8d753e8bcafc6581b29a2c04877da4a7e1,.json,json_valid,mechanical_inventory_only
research/experiments/high_period_certified/certificates/p24_q279825.json,historical_logs_and_experiments,1867,a9df73e3314b008f235543429be16040b81f05aa069452e70cb3adea2a2e1c9c,.json,json_valid,mechanical_inventory_only
research/experiments/high_period_certified/certificates/p24_q280713.json,historical_logs_and_experiments,1836,e038a5172ee55ced766889f837a01f48c3e896d5cecd7267fe53dde2bcf79c92,.json,json_valid,mechanical_inventory_only
research/experiments/high_period_certified/certificates/p24_q280721.json,historical_logs_and_experiments,1838,d3876b7cd41eb51b8f222fc91a857f80d89bc1c7e1ce0e558e35d28a6e5699a8,.json,json_valid,mechanical_inventory_only
research/experiments/high_period_certified/certificates/p24_q4369.json,historical_logs_and_experiments,1870,b560a9f86cc75cc0c17b57222d1f8ebb436de9f60125dcdb6f5c3c23c68e6837,.json,json_valid,mechanical_inventory_only
research/experiments/high_period_certified/certificates/p24_q65809.json,historical_logs_and_experiments,1867,c0056cf0e45b92ccf7f2818f013a5d39a7f066a3286ad8f338f043013b831eb1,.json,json_valid,mechanical_inventory_only
research/experiments/high_period_certified/certificates/p24_q66625.json,historical_logs_and_experiments,1832,7fd3cd750fd4d11bd226c9cb156f3755bf1b1ddf91f6a7246a9f56bb209b90bc,.json,json_valid,mechanical_inventory_only
research/experiments/high_period_certified/certificates/p24_q69649.json,historical_logs_and_experiments,1836,2b4d672f202daad246ee334ebaa6976b58f1a69dad6eaa2e6a6f813d5cf15aa5,.json,json_valid,mechanical_inventory_only
research/experiments/high_period_certified/certificates/p24_q70217.json,historical_logs_and_experiments,1869,cfdfe4c80c285e5b526c0b4dead6febdb76e599015896ca61d81cd928afc644a,.json,json_valid,mechanical_inventory_only
research/experiments/high_period_certified/certificates/p24_q74313.json,historical_logs_and_experiments,1868,f1aeacbbcf84f9d30f807581193e4b57669f1c3d868047e6b41ed2397cd149e4,.json,json_valid,mechanical_inventory_only
research/experiments/high_period_certified/certificates/p24_q74825.json,historical_logs_and_experiments,1838,04da414262869537d2acd800727b0891073612d875ea6c1f1a89cd4d635df445,.json,json_valid,mechanical_inventory_only
research/experiments/high_period_certified/summary.md,historical_logs_and_experiments,1734,2d04afa678d7b93eb983953997c6c662d1f874ad12c951b738877e538c53ff07,.md,not_applicable,mechanical_inventory_only
research/experiments/high_period_certified/unresolved.json,historical_logs_and_experiments,3,37517e5f3dc66819f61f5a7bb8ace1921282415f10551d2defa5c3eb0985b570,.json,json_valid,mechanical_inventory_only
research/experiments/high_period_moments/first_positive_histogram.csv,historical_logs_and_experiments,1125,a358f24526c2134e39f86cc58fed7ba3ed6c4941b1106b0b5a807f06a9e82f5e,.csv,not_applicable,mechanical_inventory_only
research/experiments/high_period_moments/residual_structures.csv,historical_logs_and_experiments,18781,3af0702ad47fd85c06bebc3be78417a96fc93d2bf1ab24e67302ada146282b1a,.csv,not_applicable,mechanical_inventory_only
research/experiments/high_period_moments/summary.json,historical_logs_and_experiments,292983,8488c5498eb5e0b5e005faed6e8fe38a7d6c37871cab919345f16e76e3201197,.json,json_valid,mechanical_inventory_only
research/experiments/high_period_moments/survival_curves.csv,historical_logs_and_experiments,1180,3fe5dd7413eaf659b5934b466b6ab506635388f0c8da05cd249efdbdf67d8b8f,.csv,not_applicable,mechanical_inventory_only
research/experiments/target_a_high_period_exploration.json,historical_logs_and_experiments,111755,c5583c962db486ce3588916ebc06a013fe782d58faad3844923e6555e66dc15f,.json,json_valid,mechanical_inventory_only
research/experiments/task48a/BASELINE.md,historical_logs_and_experiments,874,2b7b10ab20769564bdf9283e99368339ec921fd1f3379b6e71953666cfd93a01,.md,not_applicable,mechanical_inventory_only
research/experiments/task48a/TARGET_A_INTERFACE_RECONNAISSANCE.md,historical_logs_and_experiments,2268,14ea4d75267770b3b4203881435c461cc2b7398b8911ce9d29bad1d421578549,.md,not_applicable,mechanical_inventory_only
research/experiments/task48a/TARGET_A_MOD16_INTERFACE_RECONNAISSANCE.md,historical_logs_and_experiments,1030,116ad5ce8a6422908e1126e9da9321a868857f0d1360347fb2ac6f5fa51e8fd5,.md,not_applicable,mechanical_inventory_only
research/experiments/task48a/TARGET_A_MOMENT_MATRIX_PILOT.md,historical_logs_and_experiments,833,943ea21429b3fe2107894f68982f1ba63f884c9e0be1902d0d995403247c8db0,.md,not_applicable,mechanical_inventory_only
research/experiments/task48a/TARGET_A_P24_FRONTIER_RECONNAISSANCE.md,historical_logs_and_experiments,1271,87f96f11431db4fddc4b9a2ab16cf462870660cd214a62ed982d5553b025df8b,.md,not_applicable,mechanical_inventory_only
research/experiments/task48a/TARGET_A_RESIDUE12_RECONNAISSANCE.md,historical_logs_and_experiments,1046,2c77b8a2019112e01b4cda68b19de499109eb17daada17b3377158a4588ab83b,.md,not_applicable,mechanical_inventory_only
research/experiments/task48a/TARGET_A_TASK48A_SYNTHESIS.md,historical_logs_and_experiments,4613,00df6ac00845374fc9dfe93439610db7c61fdc66d4e3f614378146ea819f7c11,.md,not_applicable,mechanical_inventory_only
research/experiments/task48a/interface/constants.json,historical_logs_and_experiments,2859,9ee27e633404d830f60028d1721db772239c785298d824da91d93c0b7f6130f5,.json,json_valid,mechanical_inventory_only
research/experiments/task48a/interface/controls.json,historical_logs_and_experiments,1048,3b313a31ba9fe462593dc8c0c2cbfbfd5d8e3ab3b9bfd4eed10cd864201d47aa,.json,json_valid,mechanical_inventory_only
research/experiments/task48a/interface/convergence_fits.json,historical_logs_and_experiments,2599,0bce5ee8a794ca354fe1f3583b24a6afb7d7c81a5ae23860563cf19fc09a64fc,.json,json_valid,mechanical_inventory_only
research/experiments/task48a/interface/floquet_multipliers.json,historical_logs_and_experiments,907,b51175423bebb3f38f5d8a45384eb9ea0d821d82c2a65354332081abae9ceecd,.json,json_valid,mechanical_inventory_only
research/experiments/task48a/interface/g10_spectrum.csv,historical_logs_and_experiments,1895,ab47486cd90850f5852eb50921cb886317c4b4ee9d2c94fada362b7a87b68b03,.csv,not_applicable,mechanical_inventory_only
research/experiments/task48a/interface/g6_spectrum.csv,historical_logs_and_experiments,2112,b2ba7bf7b207e7241e5f33e772ed9e09314d467a8d913439709ddfa525e7f2f0,.csv,not_applicable,mechanical_inventory_only
research/experiments/task48a/interface/localization/g10_n1022.json,historical_logs_and_experiments,86060,666e1aa105e456ebffd92bc3a89e24db58c773b5de5485af41e7f3fce4e4353d,.json,json_valid,mechanical_inventory_only
research/experiments/task48a/interface/localization/g10_n254.json,historical_logs_and_experiments,21252,04f878e441bb4c68e10b3cc616e6cb3ea838463020e101f711dba3c57b6b73be,.json,json_valid,mechanical_inventory_only
research/experiments/task48a/interface/localization/g10_n510.json,historical_logs_and_experiments,42860,1b13c61cbea1e4188a916f7a6309cf2e0fc8532761bfef1c2947e100a769d0d8,.json,json_valid,mechanical_inventory_only
research/experiments/task48a/interface/localization/g6_n1026.json,historical_logs_and_experiments,86433,d97f69211aae9c0ffa941862b96262dbb746f54b83bda2b13cb4f6c300d5400b,.json,json_valid,mechanical_inventory_only
research/experiments/task48a/interface/localization/g6_n258.json,historical_logs_and_experiments,21664,a02a9422271e48c8c3b985457faf0a7de12647d25b37fa0712bbcac03055e4b0,.json,json_valid,mechanical_inventory_only
research/experiments/task48a/interface/localization/g6_n514.json,historical_logs_and_experiments,43256,423fca168dd0208ef050d6158f8b123c82b575ce68e5380c8e9e65a00f2fe9e9,.json,json_valid,mechanical_inventory_only
research/experiments/task48a/interface/localization/summary.json,historical_logs_and_experiments,2907,e259c5a1aaf043989ebf390cff79996fc20d9a2abaa7dbaaa764ab095052ceb2,.json,json_valid,mechanical_inventory_only
research/experiments/task48a/interface/summary.json,historical_logs_and_experiments,11138,926784d091ea9368331fdfcafb5576b2e2fd6d9a627ce4e2566c3dfe7222366a,.json,json_valid,mechanical_inventory_only
research/experiments/task48a/moment_matrix/moment_matrix_results.csv,historical_logs_and_experiments,3089,a4af78ded969421872630e7547370bb4e67715e6052e74c576c75d3a7995027f,.csv,not_applicable,mechanical_inventory_only
research/experiments/task48a/moment_matrix/summary.json,historical_logs_and_experiments,441443,5d525d4b92011e038073f1d5c3101bb07c9fef432c93b50619b936aae26af835,.json,json_valid,mechanical_inventory_only
research/experiments/task48a/p24_frontier/certifications.json,historical_logs_and_experiments,51446,6575747c79b01a06d15e38a1232e5c7a605452fed62b58122ca021f4de6b114c,.json,json_valid,mechanical_inventory_only
research/experiments/task48a/p24_frontier/closure_summary.json,historical_logs_and_experiments,3251,040f0f6bbbecb008ddafa574c1055543c0b216b26e3481a3c12b734ca363f436,.json,json_valid,mechanical_inventory_only
research/experiments/task48a/p24_frontier/p17_p24_partition.json,historical_logs_and_experiments,2942,132ab47f7688cde7e384b56b71714d4c7d0757350d13b36e13eaae696e5ac3e6,.json,json_valid,mechanical_inventory_only
research/experiments/task48a/p24_frontier/remaining_59.json,historical_logs_and_experiments,77143,2d1f691aac39157a87ca0837646f5fbc1f7110d2b9cf1dd9ba8442296ae3cb89,.json,json_valid,mechanical_inventory_only
research/experiments/task48a/residue12/asymptotic_fit.json,historical_logs_and_experiments,1194,3bddd023799fb9663f9860ebcbf30433e9d1136cec50342a533e4b14b958da15,.json,json_valid,mechanical_inventory_only
research/experiments/task48a/residue12/best_by_n.csv,historical_logs_and_experiments,6673,975a9fe8ee36a586ed87dc934d75b9e632afcfb67324405312a8d68948cb87f0,.csv,not_applicable,mechanical_inventory_only
research/experiments/task48a/residue12/certificates/n108.json,historical_logs_and_experiments,954,3144963e203083174dc90cba7a3c70882c1cc2b0b2633cb283912a8c6abe00e1,.json,json_valid,mechanical_inventory_only
research/experiments/task48a/residue12/certificates/n124.json,historical_logs_and_experiments,970,5e698096b15ae9e27873d6a225c33a0c6380ecf46a6e6847438d16700e793091,.json,json_valid,mechanical_inventory_only
research/experiments/task48a/residue12/certificates/n140.json,historical_logs_and_experiments,979,d4bb3cb5f014b6b7f9d6a64d32f6a32e0dd1148f5de7e0f31f76f1d3a637a1e4,.json,json_valid,mechanical_inventory_only
research/experiments/task48a/residue12/certificates/n156.json,historical_logs_and_experiments,1001,340c451bbfcaec72e8158d0cfe6a27dfd036ec51506d8868d1c702e9b0c9e87a,.json,json_valid,mechanical_inventory_only
research/experiments/task48a/residue12/certificates/n172.json,historical_logs_and_experiments,1018,13974bfc56628b5803319907a61eb5377d5ab2cc5d39e637bed70352ecb57c38,.json,json_valid,mechanical_inventory_only
research/experiments/task48a/residue12/certificates/n188.json,historical_logs_and_experiments,1034,987143b8a9fc321c61ff05c7aa8fa41233a64050a9c5ee47a54c6b020389a130,.json,json_valid,mechanical_inventory_only
research/experiments/task48a/residue12/certificates/n204.json,historical_logs_and_experiments,1052,5dd04f3f8464256208a5fcffee0ab62dcaff4cfe9aae952013a755baa11ae906,.json,json_valid,mechanical_inventory_only
research/experiments/task48a/residue12/certificates/n220.json,historical_logs_and_experiments,1062,ddb4cad2ce4d155190dea0aedc45db0cdaceceabf0a3e95d4346adcce8efd565,.json,json_valid,mechanical_inventory_only
research/experiments/task48a/residue12/certificates/n236.json,historical_logs_and_experiments,1084,002b4cd98f686166a068d9bf41f2a5101d93ca0146ea5a2db9c19848df552c68,.json,json_valid,mechanical_inventory_only
research/experiments/task48a/residue12/certificates/n252.json,historical_logs_and_experiments,1099,fad8b650acc8f632a1df4942186237210203a9e028c04ec36a15eca2959d0de9,.json,json_valid,mechanical_inventory_only
research/experiments/task48a/residue12/certificates/n268.json,historical_logs_and_experiments,1115,edb0e966abc0f3df7aba2b54bbffd931aeb246809421953ea90fb73158f42997,.json,json_valid,mechanical_inventory_only
research/experiments/task48a/residue12/certificates/n284.json,historical_logs_and_experiments,1132,3a473e47ec44719125b521e6120e4cbcef19f51da2c12d58dd22ec2f1aaa275f,.json,json_valid,mechanical_inventory_only
research/experiments/task48a/residue12/certificates/n300.json,historical_logs_and_experiments,1140,c6d17bda6e1d350b370c37bf1480e8d4f65d2e50695506fe5c6305cfa3ea4cea,.json,json_valid,mechanical_inventory_only
research/experiments/task48a/residue12/certificates/n316.json,historical_logs_and_experiments,1165,dc6e62aafddb24a211efdedd72e3970f73e793dd0924b029ddafb59212f6f6bd,.json,json_valid,mechanical_inventory_only
research/experiments/task48a/residue12/certificates/n332.json,historical_logs_and_experiments,1182,d3ad500b9594b25caf5a5002256fdbeeb8898d8b495e9d9d027465b51f603561,.json,json_valid,mechanical_inventory_only
research/experiments/task48a/residue12/certificates/n348.json,historical_logs_and_experiments,1198,5aa53651bea487a1ca5804e93a3024857b69de1cd5868593ff97ee17a5bf5319,.json,json_valid,mechanical_inventory_only
research/experiments/task48a/residue12/certificates/n364.json,historical_logs_and_experiments,1214,6f67660ad9576b4ffe9ef79690050022cf58f059762e9ba3c7c2d21941a95cdc,.json,json_valid,mechanical_inventory_only
research/experiments/task48a/residue12/certificates/n380.json,historical_logs_and_experiments,1225,9dc22def581f68cddd593b03bdea2bd274b1e201c6ebbdd0bcbde3b5cdc8e346,.json,json_valid,mechanical_inventory_only
research/experiments/task48a/residue12/certificates/n396.json,historical_logs_and_experiments,1246,01f94e705fe558e6d5a1c8c9cf2b487ebdab16fa689ac75f4d99f027fccd0964,.json,json_valid,mechanical_inventory_only
research/experiments/task48a/residue12/certificates/n412.json,historical_logs_and_experiments,1262,41d754557af47ed50de043bc248bf8fd99be7b21514f25aefe72d5125ef3ad7e,.json,json_valid,mechanical_inventory_only
research/experiments/task48a/residue12/certificates/n428.json,historical_logs_and_experiments,1278,267d26ceb9342cd06a14bc7f8045065f0d7473e14307305b3f96a642f9c8c291,.json,json_valid,mechanical_inventory_only
research/experiments/task48a/residue12/certificates/n444.json,historical_logs_and_experiments,1294,ce174e264abd48d2423f50ad6540fd196decdcd555d72bcac2059fc0cabb1821,.json,json_valid,mechanical_inventory_only
research/experiments/task48a/residue12/certificates/n460.json,historical_logs_and_experiments,1305,169693b9dc00bbaaab2ec47cbbfa9922a5d2157d5c9f3a6b1d2e953e3d2e608a,.json,json_valid,mechanical_inventory_only
research/experiments/task48a/residue12/certificates/n476.json,historical_logs_and_experiments,1326,cdef44652687df5f00eff83ad05d9c58d8f958919b6d29401bd75df1d74ef425,.json,json_valid,mechanical_inventory_only
research/experiments/task48a/residue12/certificates/n492.json,historical_logs_and_experiments,1342,392a0822d62426cc74bf4e54d0727ddd285b109d847ee0715bbb794a218d1b9c,.json,json_valid,mechanical_inventory_only
research/experiments/task48a/residue12/certificates/n508.json,historical_logs_and_experiments,1358,4a32249d6a581697587fa241472573377b6f7a240384bebc5b4d74100d5fe519,.json,json_valid,mechanical_inventory_only
research/experiments/task48a/residue12/certificates/n60.json,historical_logs_and_experiments,894,a5f646d85cd262112900437aa4733d8065218e59241dee24a1aea0dab032beb5,.json,json_valid,mechanical_inventory_only
research/experiments/task48a/residue12/certificates/n76.json,historical_logs_and_experiments,916,35f429b90bc2ef99bb0835f39bdf823d875774bdca20b7e54928f218f0b2378b,.json,json_valid,mechanical_inventory_only
research/experiments/task48a/residue12/certificates/n92.json,historical_logs_and_experiments,931,4b4653e625a8249a9f5b249b502e86c529419e2f1d5fb758c1e0cdaa49634a7e,.json,json_valid,mechanical_inventory_only
research/experiments/task48a/residue12/family_comparison.csv,historical_logs_and_experiments,559669,5f3650979639e1d9eb9894f41327a0734674ead83dfb68281c3876660b61b395,.csv,not_applicable,mechanical_inventory_only
research/experiments/task48a/residue12/summary.json,historical_logs_and_experiments,2344,3a95ccb10f7ad98a8d8ec001c35a728728e71217a61fafffb3551646609935e7,.json,json_valid,mechanical_inventory_only
research/experiments/task48a/two_interface/eigenvalue_splitting.csv,historical_logs_and_experiments,60674,6c36b02f0e9719820e52759c0b3f290cf2e48ddbc426050f9704e826c567d33c,.csv,not_applicable,mechanical_inventory_only
research/experiments/task48a/two_interface/fitting.json,historical_logs_and_experiments,1180,e94eed455f18ee2aaf46aab7a53afaf5913924caa95eda8857778086171b6548,.json,json_valid,mechanical_inventory_only
research/experiments/task48a/two_interface/separation_scan.csv,historical_logs_and_experiments,60674,6c36b02f0e9719820e52759c0b3f290cf2e48ddbc426050f9704e826c567d33c,.csv,not_applicable,mechanical_inventory_only
research/experiments/task48a/two_interface/summary.json,historical_logs_and_experiments,7301,dfec5ebc6c8f8090dd652fe2137e7be2ddc692c8aa961764b71598a81dd2c7fb,.json,json_valid,mechanical_inventory_only
research/experiments/task49/BASELINE.md,historical_logs_and_experiments,1220,42faff1b100b9fb955d3c4395fe14a8300e51c5336947c6ad1c868e7beacb6aa,.md,not_applicable,mechanical_inventory_only
research/experiments/task49/TARGET_A_FLOQUET_PHASE_AND_MOD16.md,historical_logs_and_experiments,2174,ff15d094f3ef84be92494179053f45771f287bfe7466e23896a97ea393f5d68e,.md,not_applicable,mechanical_inventory_only
research/experiments/task49/TARGET_A_FOUR_STEP_LOCAL_STABILITY.md,historical_logs_and_experiments,796,da784410fe54236b055a7fd978d79c75aa9566af4b4fde5fa6fcbb9b341e524f,.md,not_applicable,mechanical_inventory_only
research/experiments/task49/TARGET_A_HANKEL_BEYOND_P24_STRESS.md,historical_logs_and_experiments,833,b657fc5489fe8c7d099a54d83ea9e223429d819fdcf9157e5bb6a3b771d9043f,.md,not_applicable,mechanical_inventory_only
research/experiments/task49/TARGET_A_INTERFACE_PORTABILITY_NOTE.md,historical_logs_and_experiments,531,e0de52d136bce33221863683a562848acb397e7423b1cf5dddc1cf605415809c,.md,not_applicable,mechanical_inventory_only
research/experiments/task49/TARGET_A_INTERFACE_ROBUSTNESS.md,historical_logs_and_experiments,1659,860a61078fd5f935b62d7a62b4140492c3d3d0a45d8e572e3d1e8d6828756557,.md,not_applicable,mechanical_inventory_only
research/experiments/task49/TARGET_A_JCTB_FACT_INVENTORY.md,historical_logs_and_experiments,8752,4e340ce19cf508d25ce39c5890499855f389e3cb773ad9be908ba0c8ef5a0dd7,.md,not_applicable,mechanical_inventory_only
research/experiments/task49/TARGET_A_PHASE_SLIP_CHARGE_LANDSCAPE.md,historical_logs_and_experiments,998,0d1f43f2b262d5e2ac4ec681772cb4ccb38c2e249794baa0e668ab5b32088497,.md,not_applicable,mechanical_inventory_only
research/experiments/task49/TARGET_A_TASK49_SYNTHESIS.md,historical_logs_and_experiments,2575,634ba5c5e78f99984cc1bdffd2b3f89cc6778fd35eccfeb2dfc1e92efb891a83,.md,not_applicable,mechanical_inventory_only
research/experiments/task49/TARGET_A_THRESHOLD_CROSSING_ATLAS.md,historical_logs_and_experiments,1825,26c7b55288ec9343e26fd9c6b5a3df077272623a84d9b613288280bf6ad5c6d7,.md,not_applicable,mechanical_inventory_only
research/experiments/task49/UNIFORM_BOUND_RECONNAISSANCE.md,historical_logs_and_experiments,2446,0a0493594676524ecc7dc875e5833b23bab8aef9610e66839c6feb40ecb8a232,.md,not_applicable,mechanical_inventory_only
research/experiments/task49/figure_data/figure1_threshold_crossings.csv,historical_logs_and_experiments,5084,bc8c26fb5c5802ece429a218788126dc296f394832bab7f6e5212c9ef34824d7,.csv,not_applicable,mechanical_inventory_only
research/experiments/task49/figure_data/figure2_localization.csv,historical_logs_and_experiments,7199,7afa17aedc7ace388dc32e6bb9535ded14c9bb6c43820e083c99b593116150b1,.csv,not_applicable,mechanical_inventory_only
research/experiments/task49/figure_data/figure3_two_interface_splitting.csv,historical_logs_and_experiments,3964,976599dbc5ea769b97907a6ab475327db2a68310181ba63d1436e3e1f7969145,.csv,not_applicable,mechanical_inventory_only
research/experiments/task49/figure_data/figure4_residue_patterns.csv,historical_logs_and_experiments,243,22edc1ead1debaa285601daaefd926fa08cbf434504807c2b5753f3023aa1fda,.csv,not_applicable,mechanical_inventory_only
research/experiments/task49/figure_data/figure5_moment_hankel_waterfall.csv,historical_logs_and_experiments,231,738c2a191a5922c27b63e7cac833a7c859b9c4181228e8d632cbeb40b3263eb5,.csv,not_applicable,mechanical_inventory_only
research/experiments/task49/figure_data/figure6_p17_p24_classification.csv,historical_logs_and_experiments,394,9460fcc1f9fbda6447741e2d972fce8379cb036f8d73a7da8d4beef65d8601dd,.csv,not_applicable,mechanical_inventory_only
research/experiments/task49/figure_data/metadata.json,historical_logs_and_experiments,1768,32a9004aaf8597319cfc98a2ed42d6a6b05017a34bf49f78b6dba1c5af9a8f43,.json,json_valid,mechanical_inventory_only
research/experiments/task49/insurance/charge_landscape.json,historical_logs_and_experiments,2631,4ea91291d0b1c6dbd59f503399a528e944873265caf44e37306c32b2b1197eec,.json,json_valid,mechanical_inventory_only
research/experiments/task49/insurance/four_step_stability.json,historical_logs_and_experiments,2971,fb947ba6ee9e65f1d914bb7180ace32b2bf94726eb543660c0dd5238f77d606e,.json,json_valid,mechanical_inventory_only
research/experiments/task49/insurance/hankel_beyond_p24_stress.json,historical_logs_and_experiments,14186,1d1a4a0e0542a162ec153c840ee5612c29a96e9d4f1964af5971a1e48dd90633,.json,json_valid,mechanical_inventory_only
research/experiments/task49/insurance/interface_portability.json,historical_logs_and_experiments,219,98dcde70b75d7c2cadfe0267f6305bdac6a1ef7f62065f23bd22ec29dc64d8a0,.json,json_valid,mechanical_inventory_only
research/experiments/task49/interface_mechanism/finite_matrix_evans_crosschecks.json,historical_logs_and_experiments,1281,1445e095e411999f7acd5fa0e22717c4be6c25b9f8b0c44c57f5fa4f7af7aa69,.json,json_valid,mechanical_inventory_only
research/experiments/task49/interface_mechanism/floquet_multipliers_full.json,historical_logs_and_experiments,3075,d4ef07570278cca12253862a2694a75f4bc6282858fb92a4a81492f2f64c9a74,.json,json_valid,mechanical_inventory_only
research/experiments/task49/interface_mechanism/interface_invariance.csv,historical_logs_and_experiments,10977,0459886f689d4efea4a86a575a1a55716650f1c903294b1425099ee5c74ab418,.csv,not_applicable,mechanical_inventory_only
research/experiments/task49/interface_mechanism/summary.json,historical_logs_and_experiments,977,f2764bfdb461bbde13e993892278a48e5a88e6eb19c04713f347ca445480f519,.json,json_valid,mechanical_inventory_only
research/experiments/task49/interface_mechanism/two_interface_high_precision.csv,historical_logs_and_experiments,50784,ccf786993f1be1fd8582248698c9e334d010ad94f9e3bf103f186cbfdd34bd11,.csv,not_applicable,mechanical_inventory_only
research/experiments/task49/localization_robustness/localization_robustness.csv,historical_logs_and_experiments,8727,f85784b24eda69f79c08731a3d1f76a271ab800913be3b8e2ff143e151d1a250,.csv,not_applicable,mechanical_inventory_only
research/experiments/task49/localization_robustness/raw/g10_n1022.json,historical_logs_and_experiments,64799,b48afe34388a9655f471516b29384f53dd38ecb89a22529e03a2a43fca57311b,.json,json_valid,mechanical_inventory_only
research/experiments/task49/localization_robustness/raw/g10_n254.json,historical_logs_and_experiments,15778,a1f8d2bdd53629b84fde3b3a591cd30ad0360a5d49ca21e1d9541d7c45a9e6b3,.json,json_valid,mechanical_inventory_only
research/experiments/task49/localization_robustness/raw/g10_n510.json,historical_logs_and_experiments,32113,77f4352b1f78319742587e49189d6066d5f64e54a4776d1a0f0765e2956f19d7,.json,json_valid,mechanical_inventory_only
research/experiments/task49/localization_robustness/raw/g6_n1026.json,historical_logs_and_experiments,64977,ea10e086bc011b298ff150133273f19b1b15b6cc261b64e74ae0dec1bb835913,.json,json_valid,mechanical_inventory_only
research/experiments/task49/localization_robustness/raw/g6_n258.json,historical_logs_and_experiments,16102,b6bdd79d496e2cf0b2fa2d5870e5bb20236e69a64c1654e20851b5f9ac1d8c76,.json,json_valid,mechanical_inventory_only
research/experiments/task49/localization_robustness/raw/g6_n514.json,historical_logs_and_experiments,32416,04261e73d9e48200a261135e5967f30597dd59c98017dd797c4d578d7489a00e,.json,json_valid,mechanical_inventory_only
research/experiments/task49/localization_robustness/summary.json,historical_logs_and_experiments,196,ab69a7d07d641e68526e88df3bdb836b2832cc697b85c9c3f597950f1ea1902e,.json,json_valid,mechanical_inventory_only
research/experiments/task49/threshold_crossings/threshold_crossings.csv,historical_logs_and_experiments,5084,bc8c26fb5c5802ece429a218788126dc296f394832bab7f6e5212c9ef34824d7,.csv,not_applicable,mechanical_inventory_only
research/experiments/task49/uniform_and_crossing_summary.json,historical_logs_and_experiments,4428,e306f3ee7948c88b39045378c764bb5cbe5704b20cffe13155dc6a5242186616,.json,json_valid,mechanical_inventory_only
research/experiments/task49/uniform_bounds/g10_uniform_error.csv,historical_logs_and_experiments,2808,378af07397cd6e3b6ebfb8130487dc0e51651a5b35cfd8c7762abb0f76ec8235,.csv,not_applicable,mechanical_inventory_only
research/experiments/task49/uniform_bounds/g6_uniform_error.csv,historical_logs_and_experiments,3032,796bd3af41bd93d23e82dc07e42b86426319b9023dcf980952e4984074b09356,.csv,not_applicable,mechanical_inventory_only
research/experiments/task49/uniform_bounds/single_interface_envelopes.json,historical_logs_and_experiments,885,db56deba2646532d2f21b67d649cdff62ab657f53f16cc1490fdd8813d054d49,.json,json_valid,mechanical_inventory_only
research/experiments/task49/uniform_bounds/two_interface_uniform_error.csv,historical_logs_and_experiments,97110,080e917d368a7a27bab2466667991de60aa7fe70c609d0be9d78d1b97c2d810d,.csv,not_applicable,mechanical_inventory_only
research/experiments/task51/asymptotic_mn_candidates.csv,historical_logs_and_experiments,985,60f3b9eacb2ce1bb55724a14cc4bdd0b2e32df815728a6ea87ee4073a7bbdc10,.csv,not_applicable,mechanical_inventory_only
research/experiments/task51/asymptotic_mn_summary.json,historical_logs_and_experiments,1205,f4225e5f302a2a444c2dee0ea922e083f400325cbe6fb727c81d341d07c275cf,.json,json_valid,mechanical_inventory_only
research/experiments/task51/charge_conservation.json,historical_logs_and_experiments,2254,cf7e8946e548bd65a47179b45f7223fcc0015b156007701192565bf927c101b9,.json,json_valid,mechanical_inventory_only
research/experiments/task51/defect_crystal_families.json,historical_logs_and_experiments,3161,12842db5fd8a12a15756ab48277c83190701289c096b146d860aa7507ac8322f,.json,json_valid,mechanical_inventory_only
research/experiments/task51/effective_interaction_fits.json,historical_logs_and_experiments,259,938e374a4495f4dfd42b5dd078f79b3cf19e716f3a270c8e78e4ec7387e93fb7,.json,json_valid,mechanical_inventory_only
research/experiments/task51/finite_rank_inertia.json,historical_logs_and_experiments,2963,3ad69768cddb3fbdb23afd6c4aebc12d809a95667baba48d590bfc84d6c5cc16,.json,json_valid,mechanical_inventory_only
research/experiments/task51/green_birman_crosscheck.json,historical_logs_and_experiments,370,b13af065cd79f8b6656344927be39b1ac9088a45456ad9f054c692bb208e3a61,.json,json_valid,mechanical_inventory_only
research/experiments/task51/higher_moment_motifs.json,historical_logs_and_experiments,3644,9689fb4ad607fa76fcf1a24c46d90aa670f9e1e778df210848125b5722101bea,.json,json_valid,mechanical_inventory_only
research/experiments/task51/local_rayleigh_debruijn.json,historical_logs_and_experiments,2003,16e8bb5ea65b28ecaf02244d5492e563aef737aa20776a25b18f3d082f43d552,.json,json_valid,mechanical_inventory_only
research/experiments/task51/multi_slip_clusters.csv,historical_logs_and_experiments,2267,81603f6dc82c4d2c332976eb3cd3e5a31d437a382dd5fa3f21415867ff6d8bd5,.csv,not_applicable,mechanical_inventory_only
research/experiments/task51/multi_slip_summary.json,historical_logs_and_experiments,897,0e33d3eff953cc3fdaed095a85d5e0df77f86d1a54a724b424ef0899e10d9bed,.json,json_valid,mechanical_inventory_only
research/experiments/task51/recurrence_exact_structure.json,historical_logs_and_experiments,7648,22759e43d60d4f49468bf9e68d81b7577060c41b3c66dca709a70b433342ea25,.json,json_valid,mechanical_inventory_only
research/experiments/task51/recurrence_modal_hankel.json,historical_logs_and_experiments,19747,56fe5172802b57cd3c5787e3f0c51d062f09034e691415c03bcbf0a896b5f18e,.json,json_valid,mechanical_inventory_only
research/experiments/task51/recurrence_shift_signs.json,historical_logs_and_experiments,87976,572ee87b904d86d3db88fe655c9a860e3fcf350e009eb6028c2dd1ad6ae5f141,.json,json_valid,mechanical_inventory_only
research/experiments/task51/single_charge_spectrum.csv,historical_logs_and_experiments,1988,ed081c9185f1d3b8acb93136107bc90e5c6458ba1dbf6df9d9786f5563219337,.csv,not_applicable,mechanical_inventory_only
research/experiments/task51/single_charge_summary.json,historical_logs_and_experiments,2251,0aa3d98f7f92849d3984fdeac556981a0cbbfd3f0719144be7334e51f2555229,.json,json_valid,mechanical_inventory_only
research/experiments/task51/single_charge_symbolic.json,historical_logs_and_experiments,11802,a75feb4640565b5b9c9d0ae717ffffefa9963b885ead297731916d11156e2f50,.json,json_valid,mechanical_inventory_only
research/experiments/task51/subeight_periodic_phases.csv,historical_logs_and_experiments,31027,c0a12eb4d1d723bb8c696dcbf7011e25bd9a9a761cdc392ddaf340fba4007ada,.csv,not_applicable,mechanical_inventory_only
research/experiments/task51/subeight_periodic_summary.json,historical_logs_and_experiments,820,ab1996e90fa30dd0afaa9db8c1166f0a81755f71d889d21cf12ccf625bcaa1ed,.json,json_valid,mechanical_inventory_only
research/experiments/task51/transparent_defect_search.json,historical_logs_and_experiments,5826,23f9c9703851d028e5a1ae076dcd894b37a32a873a6509a805633cae34faefbb,.json,json_valid,mechanical_inventory_only
research/experiments/task52/c6_low_energy_grammar.json,historical_logs_and_experiments,2364,f67ed7ec0142f80940b0ca35ddf3f3976a2c5750dfe71e9cc058c11024fba534,.json,json_valid,mechanical_inventory_only
research/experiments/task52/c6_weighted_moments.json,historical_logs_and_experiments,11671,42fd1e8b0ae87da516e4b47334bd3cd017c2df826174a59dead57275409a8fee,.json,json_valid,mechanical_inventory_only
research/experiments/task52/exact_phase_summary.json,historical_logs_and_experiments,337,28609d54905900d8f731c2776831db9cdf91edd9f15fff795f5cfede79a71233,.json,json_valid,mechanical_inventory_only
research/experiments/task52/exploration_summary.json,historical_logs_and_experiments,434,ffaacdb032bc9cb32b9f26fdd72aa345205db9a83172c3b13cbf4f81f4392ec4,.json,json_valid,mechanical_inventory_only
research/experiments/task52/fixed_r_full_spectrum_scan.json,historical_logs_and_experiments,43238,5c0ce2bc5c86e732eb45584fbdad0cb59b4563ec74210422f858b23d4ba2333a,.json,json_valid,mechanical_inventory_only
research/experiments/task52/fixed_r_high_precision_evans.json,historical_logs_and_experiments,12022,be325b2b4bd1eb5efb029330e2e69bf9e81c5fdd4c83c88c8fae3096dd843a56,.json,json_valid,mechanical_inventory_only
research/experiments/task52/large_gap_scan.json,historical_logs_and_experiments,26679,8001911c20426cb8d5e7100d676d6d503128bcf9ee3eebf23fc252b031d518cb,.json,json_valid,mechanical_inventory_only
research/experiments/task52/p24_c6_audit.json,historical_logs_and_experiments,722,3fce8f4bef68629884de4be3514c1fb192ed11366aa6ce8be168cbb4794ff635,.json,json_valid,mechanical_inventory_only
research/experiments/task52/primitive_interface_search.json,historical_logs_and_experiments,346422,eced94fbd297ca352752e536df81b25149e8b68533808c9a3f9b0bb665387b27,.json,json_valid,mechanical_inventory_only
research/experiments/task53/STATUS.md,historical_logs_and_experiments,248,6d010262996c856b8b61480dec08db565384360e4ed396f2e77c7574f0df0085,.md,not_applicable,mechanical_inventory_only
research/experiments/two_defect_geometry/all_records.csv,historical_logs_and_experiments,80547,153842cc575fcfda379447b53fc63791b23b54dea10c219d37918144a760d58c,.csv,not_applicable,mechanical_inventory_only
research/experiments/two_defect_geometry/anomalies.md,historical_logs_and_experiments,1101,f8a929dbebcf19425c33703356eeef729a6105fcd2132abf62e789498ab2dad0,.md,not_applicable,mechanical_inventory_only
research/experiments/two_defect_geometry/best_by_period.csv,historical_logs_and_experiments,4463,7315dfaab6c6292ceea7f73115bf33eee69409af74013e5371403298872ce665,.csv,not_applicable,mechanical_inventory_only
research/experiments/two_defect_geometry/methodology.md,historical_logs_and_experiments,1401,3960958b468e2e4d49fde3d5b5e951f39236b4d7e71c195553f35fe9b1ca31c3,.md,not_applicable,mechanical_inventory_only
research/experiments/two_defect_geometry/summary.json,historical_logs_and_experiments,911584,05720b407357633d07e4c80813b97f4fb2ebce39ac6531ee7fc525e14f8912c5,.json,json_valid,mechanical_inventory_only
research/generalization/circulant_1s/extension_20260905/CONJECTURES_BEFORE_TESTS.md,current_even_jump,3777,7bc4b98017468477259522d6589b8742bfc462e344266f8ca00bd88bd4d97220,.md,not_applicable,mechanical_inventory_only
research/generalization/circulant_1s/extension_20260905/EVEN_JUMP_THEOREM_AND_PROOF.md,current_even_jump,12081,ce57fa59557a942875963ccd4a72a5e14afd12d59c19f7b7ba764c67926eb185,.md,not_applicable,mechanical_inventory_only
research/generalization/circulant_1s/extension_20260905/EXACT_AUDIT.json,current_even_jump,3386,85f6e8e0d1145dfc34ea70efdd7e616a15431aec16e841ca161294895cbdfe39,.json,json_valid,mechanical_inventory_only
research/generalization/circulant_1s/extension_20260905/FLAT_MINIMUM_AND_CHIRAL_CRITERION.md,current_even_jump,6630,f703c642c85bb916201c696bf30e25517a3a4c3555be0117077612268f81e9c8,.md,not_applicable,mechanical_inventory_only
research/generalization/circulant_1s/extension_20260905/LITERATURE_BOUNDARY_20260905.md,current_even_jump,3983,296843f28a714d63270a5b416d6c5729f37ffc697c6cee9819dac286d49f9d77,.md,not_applicable,mechanical_inventory_only
research/generalization/circulant_1s/extension_20260905/POLYNOMIAL_GAP_BOUND.md,current_even_jump,6033,3f74c3328676869486d6f1fba6c6d9972d14bb22e59793acb4056fa0688b61f9,.md,not_applicable,mechanical_inventory_only
research/generalization/circulant_1s/extension_20260905/PROOF_AUDIT_AND_SCOPE.md,current_even_jump,4336,3d404045768f8e4fba7a529fa8946ebd4f28b9913b7b916ff494e699ed6312b0,.md,not_applicable,mechanical_inventory_only
research/generalization/circulant_1s/extension_20260905/QUANTITATIVE_AUDIT.json,current_even_jump,3538,c0da89920e8757110a000e8e8bc86101b10e0ae73de396c98218254c135f7e0e,.json,json_valid,mechanical_inventory_only
research/generalization/circulant_1s/extension_20260905/QUANTITATIVE_QUESTIONS.md,current_even_jump,1341,360dd9f3a4a39ce293d6b01f32957a3a84f858a8f3023f008634db55151b192e,.md,not_applicable,mechanical_inventory_only
research/generalization/circulant_1s/extension_20260905/README_ZH.md,current_even_jump,7572,924c8552c4cdfe3748b39ac2798276738c0a6efc9496f88917599dee713db553,.md,not_applicable,mechanical_inventory_only
research/generalization/circulant_1s/extension_20260905/REPOSITORY_STATUS_20260905.md,current_even_jump,12365,371bf76edc639d192f7bec017cf34d4aacf5cfc9ddfdabb62e4ce47589f6f6e4,.md,not_applicable,mechanical_inventory_only
research/generalization/circulant_1s/extension_20260905/verify_extension.py,current_even_jump,10308,b0e276bcc17ce2e75fa1cd512e581f86f74b0383e3b7260daed32584064e140a,.py,not_applicable,mechanical_inventory_only
research/generalization/circulant_1s/extension_20260905/verify_quantitative_gap.py,current_even_jump,5671,828808f29143783ca82be6d6cf59feb1c1e2aef0c2e3ec11bf2192339415632f,.py,not_applicable,mechanical_inventory_only
research/generalization/circulant_1s/task60/BASELINE.md,general_jump_historical_foundation,562,c8476f877558bb4648dc06a54d5f9bd039a87bbce92c331f2d42fcc6554f568f,.md,not_applicable,mechanical_inventory_only
research/generalization/circulant_1s/task60/TASK60_01_HOSTILE_AUDIT.md,general_jump_historical_foundation,2163,049a64dbe79fe2e4b1ea02edc386a866b93f4cb4550bf26d90fad58f515ebe79,.md,not_applicable,mechanical_inventory_only
research/generalization/circulant_1s/task60/TASK60_EXCEPTIONAL_COLLISIONS.md,general_jump_historical_foundation,1241,b5343a2e18123718a3b580841e69718892ce731680476f52cf45bc6a49080663,.md,not_applicable,mechanical_inventory_only
research/generalization/circulant_1s/task60/TASK60_FORMAL_MODEL.md,general_jump_historical_foundation,4062,21d464958e66d1178b80e5e4d6f4d86aeffc0c08397141fed3eb529ab1950542,.md,not_applicable,mechanical_inventory_only
research/generalization/circulant_1s/task60/TASK60_GENERAL_H2_FORMULA.md,general_jump_historical_foundation,2741,064befca4a0ab7e316783870a6f12bc9a24c173ed0f1d7d2033331c9dbc5280a,.md,not_applicable,mechanical_inventory_only
research/generalization/circulant_1s/task60/TASK60_GENERAL_TWISTED_CANDIDATE.md,general_jump_historical_foundation,2285,35c98a8b75e0e1f13eb1afcacdb310c7787741ef1f7abc0a52153778422c1a3a,.md,not_applicable,mechanical_inventory_only
research/generalization/circulant_1s/task60/TASK60_HANDOFF.md,general_jump_historical_foundation,1192,0372405d340d002e831f75fa85aaf1eee7d0d5be7687673f8503f9bc49785218,.md,not_applicable,mechanical_inventory_only
research/generalization/circulant_1s/task60/TASK60_TWISTED_ASYMPTOTICS.md,general_jump_historical_foundation,1670,67eaebfeeb39280468e305dafbfac21518d9877cbb26cb55b9aa9953f39ab92e,.md,not_applicable,mechanical_inventory_only
research/generalization/circulant_1s/task60/TASK60_TWISTED_DISPERSION.md,general_jump_historical_foundation,2363,c6599f65ffce759b81589d92173f00aa1ed33eb032be377348798bc189e09b3b,.md,not_applicable,mechanical_inventory_only
research/generalization/circulant_1s/task60/TASK60_UNIVERSAL_ALGEBRA.md,general_jump_historical_foundation,1865,8e98867d3b868e757d39558ad6f10606ac15271f5e41bd44f96f00e7b763abe8,.md,not_applicable,mechanical_inventory_only
research/literature/.gitkeep,other_research_records,1,01ba4719c80b6fe911b091a7c05124b64eeece964e09c058ef8f9805daca546b,none,not_applicable,mechanical_inventory_only
research/literature/OPEN_STATUS_AUDIT.md,other_research_records,9110,4a638287d78a8df67dc83a744c3658583a5f523114c2727541f8411aa908e10b,.md,not_applicable,mechanical_inventory_only
research/literature/RAW_CONJECTURE_SURVEY.md,other_research_records,24145,d656804feb260b01700d491ee8e49ec767ea4bdf20a46f86a7502af1d997c2af,.md,not_applicable,mechanical_inventory_only
research/literature/TARGET_A_NOVELTY_PRIORITY_AUDIT.md,other_research_records,13256,e4711c2e6251dda1422fa0348b7dfcc054a6f40ae0cac6d1569756096b504e63,.md,not_applicable,mechanical_inventory_only
research/literature/TARGET_A_PROVENANCE_TIMELINE.md,other_research_records,7319,9f221c2a0deaf5ab9533fc24d5f104752cce4e25c471cbbc5c424d452cd6c39d,.md,not_applicable,mechanical_inventory_only
research/literature/TARGET_A_PUBLIC_CONFLICT_UPDATE.md,other_research_records,2148,f9bc8573459c7dbca5092e0d56b8949e063f609e7811685e8e01268eb04fc201,.md,not_applicable,mechanical_inventory_only
research/literature/target_a_novelty_priority_audit.json,other_research_records,11716,68cc3aa7c1a65877c3d7488518faf7defc0400306b59128dc9212d42dca573b4,.json,json_valid,mechanical_inventory_only
research/literature/target_a_public_source_snapshot.json,other_research_records,20182,df3776cbeed1863bef256858d07b8100658c863fb4f79ba3af22387ac7993b79,.json,json_valid,mechanical_inventory_only
research/literature/target_a_search_query_ledger.json,other_research_records,46959,72719ff69a5b1f0c0149d2734de253c3207d22dd854a69cf32e68ef1ca2c0235,.json,json_valid,mechanical_inventory_only
research/logs/.gitkeep,historical_logs_and_experiments,1,01ba4719c80b6fe911b091a7c05124b64eeece964e09c058ef8f9805daca546b,none,not_applicable,mechanical_inventory_only
research/logs/checkpoints/n20/target_a_n20_d00.json,historical_logs_and_experiments,2730,546f31a07774abc5eeb1476274d06be6304257d8c97b36818b1bc5a8dbf6c790,.json,json_valid,mechanical_inventory_only
research/logs/checkpoints/n20/target_a_n20_d02.json,historical_logs_and_experiments,21944,6a5745bc041182a755554e0c6fe331fb87323bdcea7e3239c2bc52e2b80870dc,.json,json_valid,mechanical_inventory_only
research/logs/checkpoints/n20/target_a_n20_d04.json,historical_logs_and_experiments,3041,44c0a47e96b7395fa4eca53acb2cf495c20bd3b563687d9d1f67c3a3c776366e,.json,json_valid,mechanical_inventory_only
research/logs/checkpoints/n20/target_a_n20_d06.json,historical_logs_and_experiments,3161,12f69f783e86593e88243a315d862eb059baa73dd38dae542afbf4e0c5d15fb7,.json,json_valid,mechanical_inventory_only
research/logs/checkpoints/n20/target_a_n20_d08.json,historical_logs_and_experiments,3279,c4c16bd06b44dbd9e5989849cd06b45f8fb786ec7380a681203e899a7eaf6705,.json,json_valid,mechanical_inventory_only
research/logs/checkpoints/n20/target_a_n20_d10.json,historical_logs_and_experiments,3403,d69909f6c518f1ad66a6989abdc77aa5c1be33845eaf3855d37c78318e030bab,.json,json_valid,mechanical_inventory_only
research/logs/checkpoints/n20/target_a_n20_d12.json,historical_logs_and_experiments,3517,d5eef63a88ac21b2428e89dd6d071337405845a0f87798801463d5acfcad0269,.json,json_valid,mechanical_inventory_only
research/logs/checkpoints/n20/target_a_n20_d14.json,historical_logs_and_experiments,3635,81352554d42713f88706d62ec3cac23ac76977891790ea875877c58a54f60a37,.json,json_valid,mechanical_inventory_only
research/logs/checkpoints/n20/target_a_n20_d16.json,historical_logs_and_experiments,3750,2466f3a88faf913333b1f9b8aef42f3d6ea0f5f2e66e7d1c0fe2093f24be7648,.json,json_valid,mechanical_inventory_only
research/logs/checkpoints/n20/target_a_n20_d18.json,historical_logs_and_experiments,3866,04a8a24c0fb241929c4509159158b22ee00846294af0ca2ca5fc788caa6f9a6c,.json,json_valid,mechanical_inventory_only
research/logs/checkpoints/n20/target_a_n20_d20.json,historical_logs_and_experiments,3963,dc6bc1ee0b0b0c45023c7ea4dccf0c41ac6c6d60e2dd1bd31c284cb8326a14a3,.json,json_valid,mechanical_inventory_only
research/logs/checkpoints/n22/target_a_n22_d00.json,historical_logs_and_experiments,2875,dbc23512ed37fbd8adec5451726a68f9a1b6a65ea0b64422b5022f1fc495d4dc,.json,json_valid,mechanical_inventory_only
research/logs/checkpoints/n22/target_a_n22_d02.json,historical_logs_and_experiments,25007,9dd43f4d1a8b38a111e3263601aca503cf7cbdcb1077114361b1de6f612c597e,.json,json_valid,mechanical_inventory_only
research/logs/checkpoints/n22/target_a_n22_d04.json,historical_logs_and_experiments,3168,dfd51cacb598e07b6082d5e29d07ff4bc0a150247b50a51536e1670c0b00a3c5,.json,json_valid,mechanical_inventory_only
research/logs/checkpoints/n22/target_a_n22_d06.json,historical_logs_and_experiments,3290,9d855772e1f48d465617683e8c001c87bbd89ce16b6cc30fd53c8fc207f4b7d4,.json,json_valid,mechanical_inventory_only
research/logs/checkpoints/n22/target_a_n22_d08.json,historical_logs_and_experiments,3410,a9a2d80c0f484c2c21aaa514090e0aab3d1918c549e8aadf2f05bf1ad011c670,.json,json_valid,mechanical_inventory_only
research/logs/checkpoints/n22/target_a_n22_d10.json,historical_logs_and_experiments,3531,00efdab5d020bff76b255390895680710c7850a0f678326e66a560d9303ac23f,.json,json_valid,mechanical_inventory_only
research/logs/checkpoints/n22/target_a_n22_d12.json,historical_logs_and_experiments,3649,26ef190e2e608ef8f1023d4dd8577f6321567098696e4632ba1b1088211b0981,.json,json_valid,mechanical_inventory_only
research/logs/checkpoints/n22/target_a_n22_d14.json,historical_logs_and_experiments,3765,1c667b7cfaca4bf7e04727962b19415192e109f4e0eee8d2d119d829a615acf9,.json,json_valid,mechanical_inventory_only
research/logs/checkpoints/n22/target_a_n22_d16.json,historical_logs_and_experiments,3884,fcabc44fb3be909e413a84d0b8c754fc8a11471e7caf6e790a8f2e79ae64cee6,.json,json_valid,mechanical_inventory_only
research/logs/checkpoints/n22/target_a_n22_d18.json,historical_logs_and_experiments,3996,595166ad1fa0732ca701205acce2a3ee57b3ccb195bfa1e11c14716f0050ea32,.json,json_valid,mechanical_inventory_only
research/logs/checkpoints/n22/target_a_n22_d20.json,historical_logs_and_experiments,4114,279da1ec9afa24f6e2368ea78504f304aabbe3d6fa690a16d2d13b016b9d25ed,.json,json_valid,mechanical_inventory_only
research/logs/checkpoints/n22/target_a_n22_d22.json,historical_logs_and_experiments,4205,ae694182af9a5c4ac3d1d4028afbc6c8cfc69bb69261706dc4fd8f1b5a15b231,.json,json_valid,mechanical_inventory_only
research/logs/checkpoints/n24/chunk_000000.json,historical_logs_and_experiments,2039,74fd2c32939de9842f3655334fc749ab2c9a4716418139040b39409dec4e4ad7,.json,json_valid,mechanical_inventory_only
research/logs/checkpoints/n24/chunk_000001.json,historical_logs_and_experiments,10832,3b43c2944424aac4c4e486fac65815c9be923b084158eaf4d9d029b4a7dae886,.json,json_valid,mechanical_inventory_only
research/logs/checkpoints/n24/chunk_000002.json,historical_logs_and_experiments,42027,21d64f1e243860b72bae95f285721e1d488c34c1921c7f61ba139ceff9222665,.json,json_valid,mechanical_inventory_only
research/logs/checkpoints/n24/chunk_000003.json,historical_logs_and_experiments,42109,ffefe33e7fa6a3815e5662e757495e7149533e77fd2c2fa3daf819873a1a0452,.json,json_valid,mechanical_inventory_only
research/logs/checkpoints/n24/chunk_000004.json,historical_logs_and_experiments,42116,917ec049490cc141b05e097d1ade086dc1bc5a47606cc3ef8544d8688d6ace09,.json,json_valid,mechanical_inventory_only
research/logs/checkpoints/n24/chunk_000005.json,historical_logs_and_experiments,42224,5f348cd3211f2508d23521511da54f7a2de7e29c9fd58c67f78eb64dbf31483a,.json,json_valid,mechanical_inventory_only
research/logs/checkpoints/n24/chunk_000006.json,historical_logs_and_experiments,42200,101c2ef67a51d8148f4c78e5d6174aa35cd9a49184ee28d81a1780cc3f9f272e,.json,json_valid,mechanical_inventory_only
research/logs/checkpoints/n24/chunk_000007.json,historical_logs_and_experiments,42215,dec645d5f9c1fc872990a044ea1f40bb76ce30a558a64a376a6de1a7759e3670,.json,json_valid,mechanical_inventory_only
research/logs/checkpoints/n24/chunk_000008.json,historical_logs_and_experiments,42221,6ab4d7eb582e266faca321e7a38a64b26f2fbdfd102ca376c93b92af607bf87b,.json,json_valid,mechanical_inventory_only
research/logs/checkpoints/n24/chunk_000009.json,historical_logs_and_experiments,42338,058f685a0862b79fdc810db23b4a375edf09e3120a127292ba0d4b433acb2f44,.json,json_valid,mechanical_inventory_only
research/logs/checkpoints/n24/chunk_000010.json,historical_logs_and_experiments,42312,d856e10f0b599f0aa057adda34d2e340cbf0a5ee2128cf7371604d07d423a5f7,.json,json_valid,mechanical_inventory_only
research/logs/checkpoints/n24/chunk_000011.json,historical_logs_and_experiments,42327,46cc0c63915195b4e0aa417c9762e78d514cb20667ab6047e087f4a52fe232c5,.json,json_valid,mechanical_inventory_only
research/logs/checkpoints/n24/chunk_000012.json,historical_logs_and_experiments,42311,e7ae79a795f08da38822a4cd4a6cbf023d42b55470dbae1f6e52913ceec75df2,.json,json_valid,mechanical_inventory_only
research/logs/checkpoints/n24/chunk_000013.json,historical_logs_and_experiments,42263,5ee7f280ebb67402d026504a4c2e1be2e16e64c5b58ebe09134e213b19db9c5e,.json,json_valid,mechanical_inventory_only
research/logs/checkpoints/n24/chunk_000014.json,historical_logs_and_experiments,42368,235166a0b93cf52ab22064eee2e2348291ca33be70824ebffb0271da265e9f7c,.json,json_valid,mechanical_inventory_only
research/logs/checkpoints/n24/chunk_000015.json,historical_logs_and_experiments,42318,b52f70a772bdd2ef293dd86c5481ca6d91a772ebae3381ca38cf4bc60282ac56,.json,json_valid,mechanical_inventory_only
research/logs/checkpoints/n24/chunk_000016.json,historical_logs_and_experiments,42323,3b86482ef49de0e855494ba36e8b2bc9669210d6fee556395a6442e3b82e6115,.json,json_valid,mechanical_inventory_only
research/logs/checkpoints/n24/chunk_000017.json,historical_logs_and_experiments,42319,13898fb37464e641a339d0f176d0f6d1baf73a67cf994d325990111e1c220cdf,.json,json_valid,mechanical_inventory_only
research/logs/checkpoints/n24/chunk_000018.json,historical_logs_and_experiments,42301,03251922b7dfe1beed9fde6593de04dbf3383f8a611f5c8651d1ff2838f22543,.json,json_valid,mechanical_inventory_only
research/logs/checkpoints/n24/chunk_000019.json,historical_logs_and_experiments,42379,d6ac8203847f51a2afeed7a42df2cadda0ff6bd25049de9d553876e6f1fe34ea,.json,json_valid,mechanical_inventory_only
research/logs/checkpoints/n24/chunk_000020.json,historical_logs_and_experiments,42393,9d08c699c1155360b6be316c897499c6f0e79e5496a5e731848c4c4c2f58bb9c,.json,json_valid,mechanical_inventory_only
research/logs/checkpoints/n24/chunk_000021.json,historical_logs_and_experiments,42389,c289825e95b33b0f82c54f61505d5243c78595aaed3f991c63411ef8e99d774d,.json,json_valid,mechanical_inventory_only
research/logs/checkpoints/n24/chunk_000022.json,historical_logs_and_experiments,42402,71ec02c03dcb49883c70e2b8e89b1a1ca46a2abadf291b993a3c94876f03ec6f,.json,json_valid,mechanical_inventory_only
research/logs/checkpoints/n24/chunk_000023.json,historical_logs_and_experiments,42366,b6963654cd651c8db6b44bac3be3cddbe664cadb147d853602d27fbe69077d44,.json,json_valid,mechanical_inventory_only
research/logs/checkpoints/n24/chunk_000024.json,historical_logs_and_experiments,42339,d28aa8ec63e93bc9f1e14c7f7a7f6c469af22a3aaa0f94e236fa59b9cc080cbb,.json,json_valid,mechanical_inventory_only
research/logs/checkpoints/n24/chunk_000025.json,historical_logs_and_experiments,42293,395c2a2b5a0803d65c71cfca556119c9d39d2e99456a8890c6a23f56f84ab9ef,.json,json_valid,mechanical_inventory_only
research/logs/checkpoints/n24/chunk_000026.json,historical_logs_and_experiments,10926,16567e0eb2bafea32cbb25598f96f60caface05216d11a05445d03fd28627f65,.json,json_valid,mechanical_inventory_only
research/logs/checkpoints/n24/chunk_000027.json,historical_logs_and_experiments,1826,4d3cef71608171d00aab7f054eaa81a0dd07155f7f2e381cd723ab5abe6e47e3,.json,json_valid,mechanical_inventory_only
research/logs/checkpoints/n24/manifest.json,historical_logs_and_experiments,6688,978b38db75ccf8d05bd7bae76b28373d5a0b56655299ea2a65cc25722514a98b,.json,json_valid,mechanical_inventory_only
research/logs/checkpoints/n26/chunk_000000.json,historical_logs_and_experiments,2174,99c848caa72484d3c1befa2dca43bc139c0e11e8907178eac0c08ef4ae9eb56f,.json,json_valid,mechanical_inventory_only
research/logs/checkpoints/n26/chunk_000001.json,historical_logs_and_experiments,11717,41a89731a7ee4e1a115f9d3e8e5c3872e821e860ec8b251e93fe29501da16a38,.json,json_valid,mechanical_inventory_only
research/logs/checkpoints/n26/chunk_000002.json,historical_logs_and_experiments,42140,193d28b2b322489f8c660d787e05cb82c7160cd2339780e71e198b86fb072762,.json,json_valid,mechanical_inventory_only
research/logs/checkpoints/n26/chunk_000003.json,historical_logs_and_experiments,42220,cae598478562c9a9f4e6aefbdb442522a4603ee234bbd5eda44452ed4f6b179b,.json,json_valid,mechanical_inventory_only
research/logs/checkpoints/n26/chunk_000004.json,historical_logs_and_experiments,42206,42643999a32eae4aa889c89b5ce23b1e756ce93b637c82e4966c11329416a31b,.json,json_valid,mechanical_inventory_only
research/logs/checkpoints/n26/chunk_000005.json,historical_logs_and_experiments,42222,3e00593872e7c21bf5ebbc3f75fa74bd7b2de011b44827b33ac905e4753b0f0d,.json,json_valid,mechanical_inventory_only
research/logs/checkpoints/n26/chunk_000006.json,historical_logs_and_experiments,42282,f3c78b3aa506a9872e055c68f1140a23e9c0a50b0c9960b39836b15a3a1792c1,.json,json_valid,mechanical_inventory_only
research/logs/checkpoints/n26/chunk_000007.json,historical_logs_and_experiments,42332,5def71595911dd4ac0fa445ae41486a8eb8d81a6a47f4a98ff98a9d5a8077265,.json,json_valid,mechanical_inventory_only
research/logs/checkpoints/n26/chunk_000008.json,historical_logs_and_experiments,42284,a18f37b0f0ccd90fcb16749808a2f1afe5f0614fb9406bcea7bdb148b6c5facf,.json,json_valid,mechanical_inventory_only
research/logs/checkpoints/n26/chunk_000009.json,historical_logs_and_experiments,42320,2df9f55af943c7b9695a761441e3737d646f9f149e420c7c6c518f234bf24f5c,.json,json_valid,mechanical_inventory_only
research/logs/checkpoints/n26/chunk_000010.json,historical_logs_and_experiments,42318,d555d53c83f65f9befa0517615147d02b33501be0dae0bb8984a11fe3aa6d042,.json,json_valid,mechanical_inventory_only
research/logs/checkpoints/n26/chunk_000011.json,historical_logs_and_experiments,42272,f8a573365983cb284a1e5c59b78d69666ca2ba9bb83c0998f75ef9661e300ef0,.json,json_valid,mechanical_inventory_only
research/logs/checkpoints/n26/chunk_000012.json,historical_logs_and_experiments,42303,c2b7ba8e84754848c0392c757b736c256fd6c7f72163f8c7002f607b45886c94,.json,json_valid,mechanical_inventory_only
research/logs/checkpoints/n26/chunk_000013.json,historical_logs_and_experiments,42397,4a11c2f3b6a9adf0a156a9847d6e6bcf5d4cbc725b74f0b60c6501d9173a4b50,.json,json_valid,mechanical_inventory_only
research/logs/checkpoints/n26/chunk_000014.json,historical_logs_and_experiments,42389,96219960af8e0ff1867a62d05348c5d46ec7be0e73fdedc9239acfc5c92ce5cb,.json,json_valid,mechanical_inventory_only
research/logs/checkpoints/n26/chunk_000015.json,historical_logs_and_experiments,42386,82c2ff4dcc6effe1459d3351384a099042e683ae8182287af15e5f8abb907bc0,.json,json_valid,mechanical_inventory_only
research/logs/checkpoints/n26/chunk_000016.json,historical_logs_and_experiments,42438,76acc8890e6f8064535a89f42c9f517e7c704b2397cb5dec5484a19d1547e746,.json,json_valid,mechanical_inventory_only
research/logs/checkpoints/n26/chunk_000017.json,historical_logs_and_experiments,42375,2541736bfd90cdb1a2f63b423dcfa213ec877cec280669a606734a8be35c81d1,.json,json_valid,mechanical_inventory_only
research/logs/checkpoints/n26/chunk_000018.json,historical_logs_and_experiments,42408,072a04a15b02721a0b1bba3e0a9b09b474e27028cea5a47ee01338937b4d9081,.json,json_valid,mechanical_inventory_only
research/logs/checkpoints/n26/chunk_000019.json,historical_logs_and_experiments,42341,5145cd44f554fd43d5b05c1f372cfb49d741a74ddf93587943b0d298f00fd51b,.json,json_valid,mechanical_inventory_only
research/logs/checkpoints/n26/chunk_000020.json,historical_logs_and_experiments,42350,44c5cb6d745fe3ff2a0cae9cb52ecbab804b2540703d7eee69d611d86590bfec,.json,json_valid,mechanical_inventory_only
research/logs/checkpoints/n26/chunk_000021.json,historical_logs_and_experiments,42318,4000f91bc13b22fe0b4ef901bf9aad0fdaa02538c7341e51800348fd29cd46fd,.json,json_valid,mechanical_inventory_only
research/logs/checkpoints/n26/chunk_000022.json,historical_logs_and_experiments,42363,e7e8d8eaadaacb58aaa7e14de40ce8e28c7223fc1b7eb9b9371c99c41c7decd1,.json,json_valid,mechanical_inventory_only
research/logs/checkpoints/n26/chunk_000023.json,historical_logs_and_experiments,42445,8e6ae1dc25abf2ff522c38c53ca6bf2f6f0877ebed28f039741a30764c6d47ea,.json,json_valid,mechanical_inventory_only
research/logs/checkpoints/n26/chunk_000024.json,historical_logs_and_experiments,42384,30c1d9df789ee7a0d27b62cd05d81455795f2c1090a0ff68a6268effd2855709,.json,json_valid,mechanical_inventory_only
research/logs/checkpoints/n26/chunk_000025.json,historical_logs_and_experiments,42382,0ad1d6870b22b7a1582ec10e8f14dbe7a801d01db8223561f286a29f08b3507f,.json,json_valid,mechanical_inventory_only
research/logs/checkpoints/n26/chunk_000026.json,historical_logs_and_experiments,42379,13326fd3fa48fa1b1882a311dfe399dc33746b484509dbd3641b27855a0ec7f6,.json,json_valid,mechanical_inventory_only
research/logs/checkpoints/n26/chunk_000027.json,historical_logs_and_experiments,42416,8393662abf81c783e64baff73b0c345e02792e3af9fd67fb2ce6b5936f4a4926,.json,json_valid,mechanical_inventory_only
research/logs/checkpoints/n26/chunk_000028.json,historical_logs_and_experiments,42403,1627f8b4664447483df536841575a927e6aca31af5db3cb1d08b689ef90acdf3,.json,json_valid,mechanical_inventory_only
research/logs/checkpoints/n26/chunk_000029.json,historical_logs_and_experiments,42387,c71c58d2a4e0fbd9e7960ec4575fca1b4b1962c0a1487af67bf14c520a91b5cd,.json,json_valid,mechanical_inventory_only
research/logs/checkpoints/n26/chunk_000030.json,historical_logs_and_experiments,42407,0bc244855f5157c9090c6535d5dd5fa86cc4b628ab47438f03d6e3f779885f17,.json,json_valid,mechanical_inventory_only
research/logs/checkpoints/n26/chunk_000031.json,historical_logs_and_experiments,42437,a9683a31a26b0872a52e32babdde05acf9eeb2c692edb46e6a2a53baddc8768e,.json,json_valid,mechanical_inventory_only
research/logs/checkpoints/n26/chunk_000032.json,historical_logs_and_experiments,42382,4606b36eccd108e35c8589d81ca2d029a12aa682e2d6c94ea8544100a2a6565f,.json,json_valid,mechanical_inventory_only
research/logs/checkpoints/n26/chunk_000033.json,historical_logs_and_experiments,42381,d0877028fa555bdd36a75810131a0e204ec33b5c84feb9076a8be73a42460ef4,.json,json_valid,mechanical_inventory_only
research/logs/checkpoints/n26/chunk_000034.json,historical_logs_and_experiments,42416,2a5054b267c65d902f32e974aecd8094d6d3556d995b6d4c4c6c85aa9e653e08,.json,json_valid,mechanical_inventory_only
research/logs/checkpoints/n26/chunk_000035.json,historical_logs_and_experiments,42416,b623563ee50130aad175161d8ce39d67e8ca5a5c7f06cd383d1a3c37f00c252a,.json,json_valid,mechanical_inventory_only
research/logs/checkpoints/n26/chunk_000036.json,historical_logs_and_experiments,42368,6d180a26a2d7591e6f1fbded75a233d348ef94dd29e7ff48dbc41e29acd4821d,.json,json_valid,mechanical_inventory_only
research/logs/checkpoints/n26/chunk_000037.json,historical_logs_and_experiments,42414,c79ff4e97edbb456a759e17dfdbd3abfe44527aabd5b4809f28ea49944b0d809,.json,json_valid,mechanical_inventory_only
research/logs/checkpoints/n26/chunk_000038.json,historical_logs_and_experiments,42369,01362539a2951d5124c1f6c96c41de33a775dd27868c3d39d62e53ce07b7cfcf,.json,json_valid,mechanical_inventory_only
research/logs/checkpoints/n26/chunk_000039.json,historical_logs_and_experiments,42391,7222f0b8e7f1f63c3bc5ff083d97f2d0f0d8e3b3bf4e40c99cb80d750cd8692b,.json,json_valid,mechanical_inventory_only
research/logs/checkpoints/n26/chunk_000040.json,historical_logs_and_experiments,42454,5c3b766a25074270d6a2a345f417b5c9efa1cbe797998ed26227e73295892188,.json,json_valid,mechanical_inventory_only
research/logs/checkpoints/n26/chunk_000041.json,historical_logs_and_experiments,42429,41ca0b17fca74bf6c74dc87dea3c3c91265a0c76c2af36506ec1be0e86239ed2,.json,json_valid,mechanical_inventory_only
research/logs/checkpoints/n26/chunk_000042.json,historical_logs_and_experiments,42444,9514897c5847f792594e407e300fffb00a270b8657aa93197f106f712201a639,.json,json_valid,mechanical_inventory_only
research/logs/checkpoints/n26/chunk_000043.json,historical_logs_and_experiments,42422,4d2864ec6fb7f8ad83cb2d7c59a0b5143ec5419c9e90451ce15c7c3e459658c7,.json,json_valid,mechanical_inventory_only
research/logs/checkpoints/n26/chunk_000044.json,historical_logs_and_experiments,42474,7d1d48c2fce316051374e42f0f688d4a5e02838bdc0f4b090839ec2f19c2c4ce,.json,json_valid,mechanical_inventory_only
research/logs/checkpoints/n26/chunk_000045.json,historical_logs_and_experiments,42447,71f87a5948d36b6f4b7c8e92059f6f8139dfd31f38b1ceca7d9ef9dd7bb94a30,.json,json_valid,mechanical_inventory_only
research/logs/checkpoints/n26/chunk_000046.json,historical_logs_and_experiments,42459,b824ae52628118023a34050799012133cd84ea16d55329a716722fd4dac59b22,.json,json_valid,mechanical_inventory_only
research/logs/checkpoints/n26/chunk_000047.json,historical_logs_and_experiments,42395,09fda46c5f9b2d2b05ff935dde2456c13062ecc4099a4cbe3582fafd9cbcc206,.json,json_valid,mechanical_inventory_only
research/logs/checkpoints/n26/chunk_000048.json,historical_logs_and_experiments,42439,91f782a74b99626e6be0767c36e4e109d2c5dcf7eece9a08b91c1047e85befa6,.json,json_valid,mechanical_inventory_only
research/logs/checkpoints/n26/chunk_000049.json,historical_logs_and_experiments,42453,7b550cffcae8a86dc5b54cf6ded533c1313c96dc1542d20cd30b101ba63f5fb1,.json,json_valid,mechanical_inventory_only
research/logs/checkpoints/n26/chunk_000050.json,historical_logs_and_experiments,42482,1ad9c7d6a33458b44c4ca7085d953c415adcc10f97c7b4e8260dbdb8c01d36f4,.json,json_valid,mechanical_inventory_only
research/logs/checkpoints/n26/chunk_000051.json,historical_logs_and_experiments,42518,7c9d702e94fc0210bf41888ce6f543e8fff48c53822b803225662e083b7eb52c,.json,json_valid,mechanical_inventory_only
research/logs/checkpoints/n26/chunk_000052.json,historical_logs_and_experiments,42471,b27c9f199cbc0f20ac2f1e033f03d5db06b62f493986030bf5c644258f9bdb26,.json,json_valid,mechanical_inventory_only
research/logs/checkpoints/n26/chunk_000053.json,historical_logs_and_experiments,42455,b54c803c63a190c6e068d17caea7c47fa2382b24bfe0f7cb23ad1f5a332076e9,.json,json_valid,mechanical_inventory_only
research/logs/checkpoints/n26/chunk_000054.json,historical_logs_and_experiments,42466,1c64f2d2f0c62f2b0fa42f6663bda185ef75cd60639148ab0c15f74d5a52b5d4,.json,json_valid,mechanical_inventory_only
research/logs/checkpoints/n26/chunk_000055.json,historical_logs_and_experiments,42569,70650571b56821ea76cb227f2be9c38b19a7bfaf3ff268c12db22ae314418437,.json,json_valid,mechanical_inventory_only
research/logs/checkpoints/n26/chunk_000056.json,historical_logs_and_experiments,42533,216ce1a4ebd3f090ed2d4b84668aa781d30e823e8964ffe0f6295ae5b18ec8ca,.json,json_valid,mechanical_inventory_only
research/logs/checkpoints/n26/chunk_000057.json,historical_logs_and_experiments,42451,d5953eb4b5802df16d1f2bb0836e82e7e294c5ac9cb7f7ae22a792f99bb23b5d,.json,json_valid,mechanical_inventory_only
research/logs/checkpoints/n26/chunk_000058.json,historical_logs_and_experiments,42405,7660d14ccd126329b3878b129ad5953f7a82ad1a1dfafafdf799d3d780bf718b,.json,json_valid,mechanical_inventory_only
research/logs/checkpoints/n26/chunk_000059.json,historical_logs_and_experiments,42405,990abefd7e1baf7126aa354494b9f13422a53732bc1933e6240594465cf20d6a,.json,json_valid,mechanical_inventory_only
research/logs/checkpoints/n26/chunk_000060.json,historical_logs_and_experiments,42416,8ded26df2739124126670ece56cbd28f667d6c52f5885f3711f386e1247824c6,.json,json_valid,mechanical_inventory_only
research/logs/checkpoints/n26/chunk_000061.json,historical_logs_and_experiments,42376,8f18331aca00c96359cd1aaa89b0b231e4ebc2f7b88e92b4172073001fe815b3,.json,json_valid,mechanical_inventory_only
research/logs/checkpoints/n26/chunk_000062.json,historical_logs_and_experiments,42420,455590e61fc899e08411a9a31a6a2357fcc7857169df432f435104d30bf28128,.json,json_valid,mechanical_inventory_only
research/logs/checkpoints/n26/chunk_000063.json,historical_logs_and_experiments,42450,c2840b154c0f829a49ac26ce89556cf7f3acae4c1e69a2d01840ce655d69d6ec,.json,json_valid,mechanical_inventory_only
research/logs/checkpoints/n26/chunk_000064.json,historical_logs_and_experiments,42518,164f79312fe7a42a20cae378390bcd5a8a3f26b06f811792863687f7ed9213ca,.json,json_valid,mechanical_inventory_only
research/logs/checkpoints/n26/chunk_000065.json,historical_logs_and_experiments,42541,3e615d87db544d752aa2bbb4547de22ddeaaa791384f0581cc1b722002ee67ef,.json,json_valid,mechanical_inventory_only
research/logs/checkpoints/n26/chunk_000066.json,historical_logs_and_experiments,42541,235fb2f62a03b9cefcf8ed84f39f31b26a8ecac3eb785c602bf559dc8e74180c,.json,json_valid,mechanical_inventory_only
research/logs/checkpoints/n26/chunk_000067.json,historical_logs_and_experiments,42569,d4b3584b46ef8ce1718ebed643201683850b7c56544b4d446c8db05f1f867464,.json,json_valid,mechanical_inventory_only
research/logs/checkpoints/n26/chunk_000068.json,historical_logs_and_experiments,42430,32eeab0e661baac96c7b1b55fe41dea76c5eb4db9e589bf5ff1d786cd1dc2ab4,.json,json_valid,mechanical_inventory_only
research/logs/checkpoints/n26/chunk_000069.json,historical_logs_and_experiments,42532,af74386e16bf1348b45d5ad0c96a4e26d264cb5e1d2ea143a8125bb40b3141ba,.json,json_valid,mechanical_inventory_only
research/logs/checkpoints/n26/chunk_000070.json,historical_logs_and_experiments,42470,477f54012966d7e1acf50c10fd882c735cb8ec402a7700c3bc341f39f58d64e0,.json,json_valid,mechanical_inventory_only
research/logs/checkpoints/n26/chunk_000071.json,historical_logs_and_experiments,42497,5cdcffccf0a0dfb5e79c520729b3afdabf749af3d65478dfaa6a4bf75cc15950,.json,json_valid,mechanical_inventory_only
research/logs/checkpoints/n26/chunk_000072.json,historical_logs_and_experiments,42494,841db2400ca3da59f0cc74f08934f57f8ce528007cf24c5c0d948e8fdc1e302c,.json,json_valid,mechanical_inventory_only
research/logs/checkpoints/n26/chunk_000073.json,historical_logs_and_experiments,42503,c621c93d07d9e16878af377b4266a9c82f20d53f56b73f2fbc009de767eacd1e,.json,json_valid,mechanical_inventory_only
research/logs/checkpoints/n26/chunk_000074.json,historical_logs_and_experiments,11876,303bb0ae9e8c0621f1ad1260536adb55d6afac2858d4789f99131650f6ac0429,.json,json_valid,mechanical_inventory_only
research/logs/checkpoints/n26/chunk_000075.json,historical_logs_and_experiments,1891,75dce656ba77de8943a79f84c522f82135cf3c1187c242ca142e2787fc5c9586,.json,json_valid,mechanical_inventory_only
research/logs/checkpoints/n26/manifest.json,historical_logs_and_experiments,17941,59d106f91ff5bd457e25c1676233970ee46382e4ace7c8e41b7769b85d5b140d,.json,json_valid,mechanical_inventory_only
research/logs/checkpoints/n28/chunk_000000.json,historical_logs_and_experiments,2705,96c1b0ff7526cb52eefe9fdec498951fbbde65b0dc8755bb282f5585ca22b0c4,.json,json_valid,mechanical_inventory_only
research/logs/checkpoints/n28/chunk_000001.json,historical_logs_and_experiments,14679,40e793419c09b34a5a4a9e723712f8bc70fc67464d48ff2ae187cb305f79cdfc,.json,json_valid,mechanical_inventory_only
research/logs/checkpoints/n28/chunk_000002.json,historical_logs_and_experiments,48190,ee8fdb1e5435d005cfcbe63b9854bfaa887ae4aa3ede41f3dbafc2588b704146,.json,json_valid,mechanical_inventory_only
research/logs/checkpoints/n28/chunk_000003.json,historical_logs_and_experiments,48777,0af0e632cd200eea66df8f03bc5f84f1c497eb20f485456897f7f120a2d29a0c,.json,json_valid,mechanical_inventory_only
research/logs/checkpoints/n28/chunk_000004.json,historical_logs_and_experiments,48278,23840b20ad41378b65aa84e7e37aae751fe5cde572db74d65d1de73e09a606c4,.json,json_valid,mechanical_inventory_only
research/logs/checkpoints/n28/chunk_000005.json,historical_logs_and_experiments,48324,9aa7925546bdbf8688475748519b8eb1b346ecbd8f071a73dafcbce886c0fdcd,.json,json_valid,mechanical_inventory_only
research/logs/checkpoints/n28/chunk_000006.json,historical_logs_and_experiments,48773,b9bebfcbead2eb7f9708805859bb598bc01ed21a3c5f249e4ee3c93758a581cd,.json,json_valid,mechanical_inventory_only
research/logs/checkpoints/n28/chunk_000007.json,historical_logs_and_experiments,48846,a051ba9c8e291f1f3fd387ae88100993cdb0a04340617d9571fe5263e735bd48,.json,json_valid,mechanical_inventory_only
research/logs/checkpoints/n28/chunk_000008.json,historical_logs_and_experiments,48852,24874f53747bd49e9c7bccb9103d6038d1199e471007a2ecae0d2cca2da3887b,.json,json_valid,mechanical_inventory_only
research/logs/checkpoints/n28/chunk_000009.json,historical_logs_and_experiments,49286,1db4eb8a80fa8317c708c4dafae46f9fa1992587d296dec5142c535f88f8c53d,.json,json_valid,mechanical_inventory_only
research/logs/checkpoints/n28/chunk_000010.json,historical_logs_and_experiments,47925,69d601c67f5270915a2110e67b9119d9586c1bd76bbaceee4d2021e1b95ae2cf,.json,json_valid,mechanical_inventory_only
research/logs/checkpoints/n28/chunk_000011.json,historical_logs_and_experiments,47955,8f30cb9ce20136790feedb03ca16583ecc91e3d25d4a160ec59a5f08035eb2a2,.json,json_valid,mechanical_inventory_only
research/logs/checkpoints/n28/chunk_000012.json,historical_logs_and_experiments,47974,114e18a168a35442f2c7a64b0f42ca4c126b406572ccf4707ff5acd0023abcdf,.json,json_valid,mechanical_inventory_only
research/logs/checkpoints/n28/chunk_000013.json,historical_logs_and_experiments,47927,b10e81959d4174306af48bb471dc1d0175cb1009943193a513ac3980182f2cb5,.json,json_valid,mechanical_inventory_only
research/logs/checkpoints/n28/chunk_000014.json,historical_logs_and_experiments,47955,0ce30e844a5ee83261af3eee0cc26f34b5a4752ed1d4f3e7c92616ba7840b6cb,.json,json_valid,mechanical_inventory_only
research/logs/checkpoints/n28/chunk_000015.json,historical_logs_and_experiments,48441,2e3991fc34df6ef60602575829a6a742076bce4f98f7457121363714e6a9fdb7,.json,json_valid,mechanical_inventory_only
research/logs/checkpoints/n28/chunk_000016.json,historical_logs_and_experiments,48489,4850178f9b23f4e7079df1a2e61f0f20bd3e8b5a2bc1f560ab039d7f76b9a67f,.json,json_valid,mechanical_inventory_only
research/logs/checkpoints/n28/chunk_000017.json,historical_logs_and_experiments,48504,c0e15802581abfec155365c61a1a09d747a91ae6824dc49864d5523b4e9234be,.json,json_valid,mechanical_inventory_only
research/logs/checkpoints/n28/chunk_000018.json,historical_logs_and_experiments,48492,afc76fd9a65aa056d42c8afabe35b34db7f4813c77b35537a4437bce66e4fef0,.json,json_valid,mechanical_inventory_only
research/logs/checkpoints/n28/chunk_000019.json,historical_logs_and_experiments,48505,6e4fb5ac617dc1d2a9d65f9e960c8597d1e3ffebd1e3f083b3cec4877fe220a6,.json,json_valid,mechanical_inventory_only
research/logs/checkpoints/n28/chunk_000020.json,historical_logs_and_experiments,48476,2708b6d52ee7d80ea3c54c6783d3828aded67ed9e28e7aab34dcbc7b8f474eb1,.json,json_valid,mechanical_inventory_only
research/logs/checkpoints/n28/chunk_000021.json,historical_logs_and_experiments,48489,655e3ad24f18bd6fadd5ae3605712af5aa15648bbaa39743ce937c9f1e4b6abe,.json,json_valid,mechanical_inventory_only
research/logs/checkpoints/n28/chunk_000022.json,historical_logs_and_experiments,48525,f4237552323c9965c8e7733fe11bdfc16e4dbe2c17dd27248037f21119529cbf,.json,json_valid,mechanical_inventory_only
research/logs/checkpoints/n28/chunk_000023.json,historical_logs_and_experiments,48476,0c391b532b9c40361c9479534303817a0500667b63954c5daff9f7031eedcb3a,.json,json_valid,mechanical_inventory_only
research/logs/checkpoints/n28/chunk_000024.json,historical_logs_and_experiments,48057,c0bc5b6b195e23f0ee94b803e0becde2a2656991b879c93a3477092f8cfe3684,.json,json_valid,mechanical_inventory_only
research/logs/checkpoints/n28/chunk_000025.json,historical_logs_and_experiments,48453,2bacbd5bc012052d2bddb7f579a6af9067475951a1ddd8e41c718df9bbcb4fe6,.json,json_valid,mechanical_inventory_only
research/logs/checkpoints/n28/chunk_000026.json,historical_logs_and_experiments,48501,2da2e34dd7160541a7b6be6ee3ec974cb60dee2b5fb4e1c1120ba09ac2f4910c,.json,json_valid,mechanical_inventory_only
research/logs/checkpoints/n28/chunk_000027.json,historical_logs_and_experiments,48528,0b2522ed8feb434b29c08817b28230643360861a8fe00ad62ac8f351863d5bb6,.json,json_valid,mechanical_inventory_only
research/logs/checkpoints/n28/chunk_000028.json,historical_logs_and_experiments,48537,da1e550a563179e8d1a403172ecf26af3bbaf7dbd2c8bca889fe8dfeb2f4fb27,.json,json_valid,mechanical_inventory_only
research/logs/checkpoints/n28/chunk_000029.json,historical_logs_and_experiments,48477,f8e2840b0afd0d9745311bc79d8b326d554721ee4c495458f390e380ed57c826,.json,json_valid,mechanical_inventory_only
research/logs/checkpoints/n28/chunk_000030.json,historical_logs_and_experiments,48487,592b4cad1eaaa9794e972fdfbc70645bdd0178c4f8848379b917f981a00f7a40,.json,json_valid,mechanical_inventory_only
research/logs/checkpoints/n28/chunk_000031.json,historical_logs_and_experiments,48509,b4dc755441ce436a19d1be07d26a3e32101f14c1ac4328631c28b2c341603269,.json,json_valid,mechanical_inventory_only
research/logs/checkpoints/n28/chunk_000032.json,historical_logs_and_experiments,48580,d5fe7d69fd5936cd44fe23258483376ae242d63a154c84336c38f24d88e9940b,.json,json_valid,mechanical_inventory_only
research/logs/checkpoints/n28/chunk_000033.json,historical_logs_and_experiments,49093,2dae3d885657c9c77a3b60bfcf2f1249edb69d5a7f13f1ea66f48e278e8b346e,.json,json_valid,mechanical_inventory_only
research/logs/checkpoints/n28/chunk_000034.json,historical_logs_and_experiments,48004,edcc23f9e7fdb629558a71e24425218436e4068507111f49451239fae8ab2c90,.json,json_valid,mechanical_inventory_only
research/logs/checkpoints/n28/chunk_000035.json,historical_logs_and_experiments,48060,0db3049a8c0c2826921d57d8829a14efdad831d3ba7385f7016d80034a56b225,.json,json_valid,mechanical_inventory_only
research/logs/checkpoints/n28/chunk_000036.json,historical_logs_and_experiments,48048,fb2d9f939354a0c632a7da16f55b94d2d73e87c4153abbead2bb908ddd59f30d,.json,json_valid,mechanical_inventory_only
research/logs/checkpoints/n28/chunk_000037.json,historical_logs_and_experiments,48062,5702def551925a06cc63df479e6442a274123c1621f4efe99c3a949fbf1ed11d,.json,json_valid,mechanical_inventory_only
research/logs/checkpoints/n28/chunk_000038.json,historical_logs_and_experiments,48609,fd75c92c0bd06421cf19f0154f7fe3a1c2f360717052603849e2fe084fbeb310,.json,json_valid,mechanical_inventory_only
research/logs/checkpoints/n28/chunk_000039.json,historical_logs_and_experiments,48560,59914d43ede075ed87b56c830793291f15799f54bc0c8cdcaac91b8e5b8c4efb,.json,json_valid,mechanical_inventory_only
research/logs/checkpoints/n28/chunk_000040.json,historical_logs_and_experiments,48551,e3ed8ddf2134b540858ffab93bd723b2361889a7ab33471a871e916263a906fa,.json,json_valid,mechanical_inventory_only
research/logs/checkpoints/n28/chunk_000041.json,historical_logs_and_experiments,48547,e738c47e3b64acc8ff8427b99a23d7e17dd65b5196ace6d0d8a93e43f8a9b90c,.json,json_valid,mechanical_inventory_only
research/logs/checkpoints/n28/chunk_000042.json,historical_logs_and_experiments,48557,0bbc1165b3fc7245567d6eb77d7fdf0b987dc2687941480c2bd955e308f01654,.json,json_valid,mechanical_inventory_only
research/logs/checkpoints/n28/chunk_000043.json,historical_logs_and_experiments,48536,356ee5bbdd035a45160fafb27897d32b43438c9e944bc42cfee6accaa176cb01,.json,json_valid,mechanical_inventory_only
research/logs/checkpoints/n28/chunk_000044.json,historical_logs_and_experiments,48591,bd84af91c0fc437b3b9d99b8607d225737769a6aaa19538dca90cbcc349973be,.json,json_valid,mechanical_inventory_only
research/logs/checkpoints/n28/chunk_000045.json,historical_logs_and_experiments,48525,165abf1ec49802054f8703afbbc5505d480c93c21dd697d2ed1b8c70b9981208,.json,json_valid,mechanical_inventory_only
research/logs/checkpoints/n28/chunk_000046.json,historical_logs_and_experiments,48549,30154bed4fbcc0b0632d911f45f16a5ad77ed13abf7c45cf9e036939acde267d,.json,json_valid,mechanical_inventory_only
research/logs/checkpoints/n28/chunk_000047.json,historical_logs_and_experiments,48570,1a6c64ac59c92eeaa0874d052603b97bc69f9a4fcc69067482361518039f1ee8,.json,json_valid,mechanical_inventory_only
research/logs/checkpoints/n28/chunk_000048.json,historical_logs_and_experiments,48539,1debe3a91aff6e05e3ce2e20a789bbecd94aacf1efa529bb72bf4facfe61c5de,.json,json_valid,mechanical_inventory_only
research/logs/checkpoints/n28/chunk_000049.json,historical_logs_and_experiments,48487,544e4860d2a449a2ce14f8749818604c3c06569599cf121caf4bf21e48382e18,.json,json_valid,mechanical_inventory_only
research/logs/checkpoints/n28/chunk_000050.json,historical_logs_and_experiments,48505,3e8b1e11fe6a84ab0260e6cf214b5f5a7916801e1ad729f374d80badaedc024c,.json,json_valid,mechanical_inventory_only
research/logs/checkpoints/n28/chunk_000051.json,historical_logs_and_experiments,48582,330f8cf6102be8790f0597c918eef3179bd8c14dd645c5dff23bac9674ea9881,.json,json_valid,mechanical_inventory_only
research/logs/checkpoints/n28/chunk_000052.json,historical_logs_and_experiments,48634,f74cbf5a7317912b575149507566b263eb94748f15cf1868b25562b075ed471e,.json,json_valid,mechanical_inventory_only
research/logs/checkpoints/n28/chunk_000053.json,historical_logs_and_experiments,48497,b5bbb02e34047752df953c4e6a61998fe31365e53bc61ffa0eaa26912404f13f,.json,json_valid,mechanical_inventory_only
research/logs/checkpoints/n28/chunk_000054.json,historical_logs_and_experiments,48529,e45d6e7b1238c542f79981c04a2e915c8744008c2779a442ae4f7f86cae781bc,.json,json_valid,mechanical_inventory_only
research/logs/checkpoints/n28/chunk_000055.json,historical_logs_and_experiments,48106,d64813a54a926fcb3f3c6bdf545adaa1c49a4710de298dc13b7da58502178f62,.json,json_valid,mechanical_inventory_only
research/logs/checkpoints/n28/chunk_000056.json,historical_logs_and_experiments,48108,6b9329947ebeff79e56f06e3c292c3ce03709b31ca9cdf816f0be1b60c8917cf,.json,json_valid,mechanical_inventory_only
research/logs/checkpoints/n28/chunk_000057.json,historical_logs_and_experiments,48569,9d581341eef3da8a461e5c22ad48e8822c07299ffcd27ff556aac05589908b5e,.json,json_valid,mechanical_inventory_only
research/logs/checkpoints/n28/chunk_000058.json,historical_logs_and_experiments,48612,8d3525f6c24ee57c06c6ad1c06c9c69ccc04fef0c116c608b38cc61744c13060,.json,json_valid,mechanical_inventory_only
research/logs/checkpoints/n28/chunk_000059.json,historical_logs_and_experiments,48562,069f11b6fa805d6c8f1f8a13f2aafa56b77f3c0d511e63db027d7a5cd70865b9,.json,json_valid,mechanical_inventory_only
research/logs/checkpoints/n28/chunk_000060.json,historical_logs_and_experiments,48563,bc030a909913395af5e651114df7ceb30d1e62f2f8e9b454889f448f045671f6,.json,json_valid,mechanical_inventory_only
research/logs/checkpoints/n28/chunk_000061.json,historical_logs_and_experiments,48554,ebedbaa92d6c252cd2d0fe88c4df9b17eb95afcafef9bb188d478d1d8fc3d70d,.json,json_valid,mechanical_inventory_only
research/logs/checkpoints/n28/chunk_000062.json,historical_logs_and_experiments,48540,e890553ea13d559ef2aca1fdee4f74e3b4e939c3d66ce2dc189197fbb12a5288,.json,json_valid,mechanical_inventory_only
research/logs/checkpoints/n28/chunk_000063.json,historical_logs_and_experiments,48524,83cfdac69d0c1ecfbcc7458dc2cc9b957deceb57c2b636380101aa30263a048f,.json,json_valid,mechanical_inventory_only
research/logs/checkpoints/n28/chunk_000064.json,historical_logs_and_experiments,48532,9f707b0c437945d7cf04c17fa7f45318ee1fca1397827a5ccef647525a4cf25a,.json,json_valid,mechanical_inventory_only
research/logs/checkpoints/n28/chunk_000065.json,historical_logs_and_experiments,48533,9147723158653954d23c91154e41c97ce0858af7b61c6edfbdd38cc8f6d83d29,.json,json_valid,mechanical_inventory_only
research/logs/checkpoints/n28/chunk_000066.json,historical_logs_and_experiments,48093,b1f789f02a535ae76f0970a250462a3c088b8df8b94214971c2881cd1ece024c,.json,json_valid,mechanical_inventory_only
research/logs/checkpoints/n28/chunk_000067.json,historical_logs_and_experiments,48524,5453ac40c7874864cf8246575e3dd29702e0e9c6608b156c7ddc913d8590a635,.json,json_valid,mechanical_inventory_only
research/logs/checkpoints/n28/chunk_000068.json,historical_logs_and_experiments,48546,1c6643974c4b815a0679ff93cd5240af82b3c8972fd2eb520ef9838286300986,.json,json_valid,mechanical_inventory_only
research/logs/checkpoints/n28/chunk_000069.json,historical_logs_and_experiments,48549,48d02652d25ac51fa66a4f13c2eb1ed37f473ca0280ce7110c6d14de7e199008,.json,json_valid,mechanical_inventory_only
research/logs/checkpoints/n28/chunk_000070.json,historical_logs_and_experiments,48601,b6c35a7bcf22f42afc2d2dc687f048219b72d246b12c2e239eb82fe74001ca5a,.json,json_valid,mechanical_inventory_only
research/logs/checkpoints/n28/chunk_000071.json,historical_logs_and_experiments,48568,1fad3e2d0923aaceea13754d3a3cc1929220cfc715ddd04951575a615d8ea9ba,.json,json_valid,mechanical_inventory_only
research/logs/checkpoints/n28/chunk_000072.json,historical_logs_and_experiments,48539,2ad2b40fafb9bb2ff014b4d7eb717e2afa2a86fcb0ead8059edda853e7a2a17a,.json,json_valid,mechanical_inventory_only
research/logs/checkpoints/n28/chunk_000073.json,historical_logs_and_experiments,48505,8f60d979aa6df765420930098c9e8f710a0b25f1eebe9198bf5bc9ae17c6522d,.json,json_valid,mechanical_inventory_only
research/logs/checkpoints/n28/chunk_000074.json,historical_logs_and_experiments,48647,816a1252fc0895af747abb0b9e2454e3b3a8255dc5bbfd7e33b85ce7f9c03572,.json,json_valid,mechanical_inventory_only
research/logs/checkpoints/n28/chunk_000075.json,historical_logs_and_experiments,48671,b3a5ce7a059782559f13b0eeb0f19a77212f61d0c494cf013f8bd3d791069562,.json,json_valid,mechanical_inventory_only
research/logs/checkpoints/n28/chunk_000076.json,historical_logs_and_experiments,48623,4ec1bca9922f68fb04687ae7b52026ab3bceec96365d6e7b6d94dc462ea564c8,.json,json_valid,mechanical_inventory_only
research/logs/checkpoints/n28/chunk_000077.json,historical_logs_and_experiments,48644,d67d6c45f8aa247e10b53d510fe930f3fac42ce3f58b8dcf85810403628b26ac,.json,json_valid,mechanical_inventory_only
research/logs/checkpoints/n28/chunk_000078.json,historical_logs_and_experiments,48675,483361d749760a256cabdbfcf891d01efdf696d78aed0586adbfe16d5fd68a02,.json,json_valid,mechanical_inventory_only
research/logs/checkpoints/n28/chunk_000079.json,historical_logs_and_experiments,48632,e14d4cde1b45874cdc743c7e071c4f199475bfe17b1503e9e67d4249257bad03,.json,json_valid,mechanical_inventory_only
research/logs/checkpoints/n28/chunk_000080.json,historical_logs_and_experiments,48639,0c95859e3159ef36f8aa5b5d2546cb2c3f42298fc68a5c7520ea862d1fb37b0f,.json,json_valid,mechanical_inventory_only
research/logs/checkpoints/n28/chunk_000081.json,historical_logs_and_experiments,48659,ae5dcf9a4bc5f9c202041fa9170c001dcced5ce4f1defbb78c549ca2bdebea32,.json,json_valid,mechanical_inventory_only
research/logs/checkpoints/n28/chunk_000082.json,historical_logs_and_experiments,49020,a8924f0aeb2e184d53deced6e91ca334e45726c90c89c69e913dde61804dee07,.json,json_valid,mechanical_inventory_only
research/logs/checkpoints/n28/chunk_000083.json,historical_logs_and_experiments,49033,00f02ab9ecb9b6b75f3b6057fb4d534cf834c853d7ab170c17ea5b7eec5dbdf5,.json,json_valid,mechanical_inventory_only
research/logs/checkpoints/n28/chunk_000084.json,historical_logs_and_experiments,49028,30c091d581e962618bd885473db9aa27286901a0b5ed12b981ecd61d6701b075,.json,json_valid,mechanical_inventory_only
research/logs/checkpoints/n28/chunk_000085.json,historical_logs_and_experiments,48667,9948efa89f653ae7fba9a6d11a3fd4a6fe6d6dad6acb48aafd6f7d3efe8a93f3,.json,json_valid,mechanical_inventory_only
research/logs/checkpoints/n28/chunk_000086.json,historical_logs_and_experiments,49092,20c579150e50f5aaa4deb2ec278dcb5a42385df108aba7cec897b18e9818c00d,.json,json_valid,mechanical_inventory_only
research/logs/checkpoints/n28/chunk_000087.json,historical_logs_and_experiments,49134,67f279d13796bd9927153ab07692941927ec1c281087f6c80a95847ea414d335,.json,json_valid,mechanical_inventory_only
research/logs/checkpoints/n28/chunk_000088.json,historical_logs_and_experiments,49064,feaa6884bdd354cb3673fdc001b4b84794ef7d3c8bc57f9a9a9130299bbcc729,.json,json_valid,mechanical_inventory_only
research/logs/checkpoints/n28/chunk_000089.json,historical_logs_and_experiments,47561,8f98e0ea8ca82567b655c3c0a8fcd486bab42fd30f1aa140f301ea788e8c6692,.json,json_valid,mechanical_inventory_only
research/logs/checkpoints/n28/chunk_000090.json,historical_logs_and_experiments,48032,675f305eab05a2a35240d14396364447c33470e412079477c63ba2de710e53a4,.json,json_valid,mechanical_inventory_only
research/logs/checkpoints/n28/chunk_000091.json,historical_logs_and_experiments,48214,6de397e513c9a210223d692b85f0c40a0584fa4ee08816075b580046eba5cfdb,.json,json_valid,mechanical_inventory_only
research/logs/checkpoints/n28/chunk_000092.json,historical_logs_and_experiments,48202,e703e595718492fc3e95e72cb22701e90f373272dcdc4d546acd2662b4e8e8c7,.json,json_valid,mechanical_inventory_only
research/logs/checkpoints/n28/chunk_000093.json,historical_logs_and_experiments,48133,c6cf5a2c80daa8e44b87c922ecb298c58fcef5301d985d49d84b2c5d08955741,.json,json_valid,mechanical_inventory_only
research/logs/checkpoints/n28/chunk_000094.json,historical_logs_and_experiments,48143,0a00cc175cc065fce1be3a042c78a303525e1404e6e72a1643ba79ccc17ae624,.json,json_valid,mechanical_inventory_only
research/logs/checkpoints/n28/chunk_000095.json,historical_logs_and_experiments,48151,3a371e670cc0ceb7e6440d5e08c6332202fdb1502dd5c038f71e30cf47e1ad58,.json,json_valid,mechanical_inventory_only
research/logs/checkpoints/n28/chunk_000096.json,historical_logs_and_experiments,48214,4e7525c6677677603d8e9c45263c548fc8c62905479b97459c9301e552964057,.json,json_valid,mechanical_inventory_only
research/logs/checkpoints/n28/chunk_000097.json,historical_logs_and_experiments,48170,51f174b24eaccafa06e566d63cdc94a59f2ed11286cde3075c8a16d5f46670e6,.json,json_valid,mechanical_inventory_only
research/logs/checkpoints/n28/chunk_000098.json,historical_logs_and_experiments,48171,02055670c0c2caed3e3b03370abe9563f3618189d8b45ec5c0b9c43edc02657d,.json,json_valid,mechanical_inventory_only
research/logs/checkpoints/n28/chunk_000099.json,historical_logs_and_experiments,48097,61ba9bcd4d5d34faf30f66022f713fcc4e499fe1aca474d95b907615bb088471,.json,json_valid,mechanical_inventory_only
research/logs/checkpoints/n28/chunk_000100.json,historical_logs_and_experiments,48186,a8fca51bf58c29b024701d527adf9926e3e0f748325fe1e37c33352c6296cc22,.json,json_valid,mechanical_inventory_only
research/logs/checkpoints/n28/chunk_000101.json,historical_logs_and_experiments,47707,bf89849a81c33d2a41d8d11cf83ac46299a1bd0f0fec49f974ecd6440342ba92,.json,json_valid,mechanical_inventory_only
research/logs/checkpoints/n28/chunk_000102.json,historical_logs_and_experiments,48174,61717ad6ec9225e4d5543fbe89e332f5ebd7bdba9f9802a94246dbf1f0028083,.json,json_valid,mechanical_inventory_only
research/logs/checkpoints/n28/chunk_000103.json,historical_logs_and_experiments,48155,64c67aca274a9ee507874b00fd6adce40fc59ef30744c322b3aad5129394e850,.json,json_valid,mechanical_inventory_only
research/logs/checkpoints/n28/chunk_000104.json,historical_logs_and_experiments,48175,5075e66815b66b9ec7a66bca7c84193bebc779771bdb2bd1604db81bd127df04,.json,json_valid,mechanical_inventory_only
research/logs/checkpoints/n28/chunk_000105.json,historical_logs_and_experiments,48191,e973985e3df7d1fcb03fc28b39f7d1f0345f33f1f51766e1a53804b9778f8286,.json,json_valid,mechanical_inventory_only
research/logs/checkpoints/n28/chunk_000106.json,historical_logs_and_experiments,48194,9e655e83eff688308bb84bebc2fee0a31eac465d0d474233db0c543c9e289cd3,.json,json_valid,mechanical_inventory_only
research/logs/checkpoints/n28/chunk_000107.json,historical_logs_and_experiments,48214,0f25f9091ad813a7810612495d84175c2a1fa223b94c2b91001810996f1ca838,.json,json_valid,mechanical_inventory_only
research/logs/checkpoints/n28/chunk_000108.json,historical_logs_and_experiments,48119,54d482e0fd5816a1e67b4961a99a8876c3444d12e68972bd6ba12a8f3a6976f0,.json,json_valid,mechanical_inventory_only
research/logs/checkpoints/n28/chunk_000109.json,historical_logs_and_experiments,48166,d0ef17e4e4fe8461c083827235c47109f6f0c28f29ec8f767508af7b41619155,.json,json_valid,mechanical_inventory_only
research/logs/checkpoints/n28/chunk_000110.json,historical_logs_and_experiments,48230,c0d31d0656dc147eec01c2ad94976015d95e956fa1008c02d517078f58f373f0,.json,json_valid,mechanical_inventory_only
research/logs/checkpoints/n28/chunk_000111.json,historical_logs_and_experiments,48198,7ceabc06741c10f18111dcb61ba459e9ee764e2a1de175f1d1fcdc0c02cf2622,.json,json_valid,mechanical_inventory_only
research/logs/checkpoints/n28/chunk_000112.json,historical_logs_and_experiments,48167,7514bfa95e3aeab5f8d643d6a9e32512968380964490122b2bff33114dda1c82,.json,json_valid,mechanical_inventory_only
research/logs/checkpoints/n28/chunk_000113.json,historical_logs_and_experiments,48149,484dbd4745213f2fad2e2a1a51dfd5eb6951563e3de1c147356354e0a1d93a8b,.json,json_valid,mechanical_inventory_only
research/logs/checkpoints/n28/chunk_000114.json,historical_logs_and_experiments,48206,8e99f8c4c854c4aebbe1fc90092a803ccb330fbdbf7401bac646bae79ecf0918,.json,json_valid,mechanical_inventory_only
research/logs/checkpoints/n28/chunk_000115.json,historical_logs_and_experiments,48166,69f12ca4fb2051b2fdd56792b11ccceeb7e3b5cabb5bbfaccaddc0030a4b118b,.json,json_valid,mechanical_inventory_only
research/logs/checkpoints/n28/chunk_000116.json,historical_logs_and_experiments,48170,90e790180282a69acde25ead3a86dceb1393489895d6a5ec7a6f26e974722a2f,.json,json_valid,mechanical_inventory_only
research/logs/checkpoints/n28/chunk_000117.json,historical_logs_and_experiments,48178,ca95dd64974449ff55baf5eb9adb8d6e236824b9b2516820ea388c4a58b7bbb1,.json,json_valid,mechanical_inventory_only
research/logs/checkpoints/n28/chunk_000118.json,historical_logs_and_experiments,48224,5699210349b13b916561216568740b2e88372b90d5e6ce605125adb6c371ae43,.json,json_valid,mechanical_inventory_only
research/logs/checkpoints/n28/chunk_000119.json,historical_logs_and_experiments,48255,035163260bfd279971caff695043e10151035f67c794ac868ded875a2951023f,.json,json_valid,mechanical_inventory_only
research/logs/checkpoints/n28/chunk_000120.json,historical_logs_and_experiments,48295,c45f82d71127913ae8c0a771deb7f23cb2fbe44d5f550c7d73193ddf48543734,.json,json_valid,mechanical_inventory_only
research/logs/checkpoints/n28/chunk_000121.json,historical_logs_and_experiments,48307,0d08ae37d0c9b89e5fef909240da531c5841c5e1d86e6c61a61c6bf2a9228edf,.json,json_valid,mechanical_inventory_only
research/logs/checkpoints/n28/chunk_000122.json,historical_logs_and_experiments,48265,b1a52c5929dda876d57ef64d2a095516ae6e4c09afa5b25f2fde3338648646cb,.json,json_valid,mechanical_inventory_only
research/logs/checkpoints/n28/chunk_000123.json,historical_logs_and_experiments,48302,bc0c2abdef328f15e73a9a5a27c98535f066777a0697fe90d079c8cf183bcb42,.json,json_valid,mechanical_inventory_only
research/logs/checkpoints/n28/chunk_000124.json,historical_logs_and_experiments,48314,0a70ccd1efb81a3fd2581d05f1c0129bb5926644e8d21513989e2fc333d7df75,.json,json_valid,mechanical_inventory_only
research/logs/checkpoints/n28/chunk_000125.json,historical_logs_and_experiments,48301,d4350997f4ce37cc70d28ec59b043243fc96927aae180a30f41c724ee9b9eb7f,.json,json_valid,mechanical_inventory_only
research/logs/checkpoints/n28/chunk_000126.json,historical_logs_and_experiments,48243,65dbb27f1a63aa695db09de407b420273ec35254cc5bc7d32a61351821dbfcca,.json,json_valid,mechanical_inventory_only
research/logs/checkpoints/n28/chunk_000127.json,historical_logs_and_experiments,48324,f3151d98b26fd87f5050d8e0611dcd7e72e8630efc636effc64c47bc862825c1,.json,json_valid,mechanical_inventory_only
research/logs/checkpoints/n28/chunk_000128.json,historical_logs_and_experiments,48286,8ea78d65fd9566a2ff068954c2d356059d719cd8780a22fd897bd0581aed6a77,.json,json_valid,mechanical_inventory_only
research/logs/checkpoints/n28/chunk_000129.json,historical_logs_and_experiments,48236,a740cd4a8e0a4566e443f113a39e1de401d8a80f7bb7cacf36b0203cc3a6184c,.json,json_valid,mechanical_inventory_only
research/logs/checkpoints/n28/chunk_000130.json,historical_logs_and_experiments,48281,07314e1001d24c9e2736da0cd49bf96d4193a9ccaaf69e4ac1bae78fb59cc5d4,.json,json_valid,mechanical_inventory_only
research/logs/checkpoints/n28/chunk_000131.json,historical_logs_and_experiments,48253,b027c6b7ac801768561fd143ba309ba618a3df780641ca1620fe4f186a4bea7c,.json,json_valid,mechanical_inventory_only
research/logs/checkpoints/n28/chunk_000132.json,historical_logs_and_experiments,48251,6febd2dab46bbe0ffc932ca3dc20990d31e30c5d40424ea5a16e2c034af05844,.json,json_valid,mechanical_inventory_only
research/logs/checkpoints/n28/chunk_000133.json,historical_logs_and_experiments,48284,7fe746817830f75eeac3fdb916ba84471e498f1329681adbdbe8ede61a7957d4,.json,json_valid,mechanical_inventory_only
research/logs/checkpoints/n28/chunk_000134.json,historical_logs_and_experiments,48284,d1ccf2af4ae522cce22971eaec9eb1322f9109221d9456fdca06a901c44d649c,.json,json_valid,mechanical_inventory_only
research/logs/checkpoints/n28/chunk_000135.json,historical_logs_and_experiments,48315,36fcc8055bdc3ee70567284badb107c006d07e5cf4185dae3b3caec5e644b50f,.json,json_valid,mechanical_inventory_only
research/logs/checkpoints/n28/chunk_000136.json,historical_logs_and_experiments,48303,a5dfc53cdf779cd40e5d33919a5f230e12486a013480a84c304b287efddcf548,.json,json_valid,mechanical_inventory_only
research/logs/checkpoints/n28/chunk_000137.json,historical_logs_and_experiments,48712,052127381f1a9edce22448475905b770d945fe81beabf2842a142d68f9bbf1cd,.json,json_valid,mechanical_inventory_only
research/logs/checkpoints/n28/chunk_000138.json,historical_logs_and_experiments,48717,41c005d6f23d497eaa7cc69a5186a26df421655234dc27974ff527e0d5e86654,.json,json_valid,mechanical_inventory_only
research/logs/checkpoints/n28/chunk_000139.json,historical_logs_and_experiments,48709,737620404ee8c00930d870ceff52791a53239b7df345da787b8c5b67b354b1d1,.json,json_valid,mechanical_inventory_only
research/logs/checkpoints/n28/chunk_000140.json,historical_logs_and_experiments,48720,1219e1b191c9ded820b792c493619155b7592ee7b6b249e948108835dfa84bd4,.json,json_valid,mechanical_inventory_only
research/logs/checkpoints/n28/chunk_000141.json,historical_logs_and_experiments,48282,4bace5855881c43f8f9e8df4fce4751560254fce4d617fd3afbcdc85ed33885b,.json,json_valid,mechanical_inventory_only
research/logs/checkpoints/n28/chunk_000142.json,historical_logs_and_experiments,48307,30391cdc8803f75f5d1b002b807cfb978bc3e165e41cca3f1a1bcca26b1f000e,.json,json_valid,mechanical_inventory_only
research/logs/checkpoints/n28/chunk_000143.json,historical_logs_and_experiments,48292,24714fff0d185b38520d0dc58368672743bb06dc556fd1253a8372d00a40bf24,.json,json_valid,mechanical_inventory_only
research/logs/checkpoints/n28/chunk_000144.json,historical_logs_and_experiments,48250,eced7a02dd13ea934f1f082c475561e46a759a543689ced63ffa6c0f84b394af,.json,json_valid,mechanical_inventory_only
research/logs/checkpoints/n28/chunk_000145.json,historical_logs_and_experiments,48699,5e31d1a5f9b50eedb3d2e52ae63831b513574b2344a750ffa7e381ed941ecfcb,.json,json_valid,mechanical_inventory_only
research/logs/checkpoints/n28/chunk_000146.json,historical_logs_and_experiments,48651,b3dbcaeab40da16d63aa13731441b962bcda0045e27d6915a1e9b1526863d1b5,.json,json_valid,mechanical_inventory_only
research/logs/checkpoints/n28/chunk_000147.json,historical_logs_and_experiments,48679,b498aacec0588c5a3f3799c5e49ac71dcc56f98972981d6c22bff131a38d0de2,.json,json_valid,mechanical_inventory_only
research/logs/checkpoints/n28/chunk_000148.json,historical_logs_and_experiments,48693,39c886e42de7ffa5182cb5c66182f4e2c8cd7cbb90710e0a9569e2ee6f749d52,.json,json_valid,mechanical_inventory_only
research/logs/checkpoints/n28/chunk_000149.json,historical_logs_and_experiments,48731,b2b2b7086e8175da0bea93575152a19558fa859e1a47981a1daa50760ee18934,.json,json_valid,mechanical_inventory_only
research/logs/checkpoints/n28/chunk_000150.json,historical_logs_and_experiments,48241,59389ed3e3354f4d8ea80535df8a56859524959d2e3642d9ab72e80d710e77f2,.json,json_valid,mechanical_inventory_only
research/logs/checkpoints/n28/chunk_000151.json,historical_logs_and_experiments,48711,4bcc4ed00fb9da05ffa0fac1e556eba97a23fa639cde8c0fd1d7374ddb28a2bb,.json,json_valid,mechanical_inventory_only
research/logs/checkpoints/n28/chunk_000152.json,historical_logs_and_experiments,48637,1335f817144d74de78986bdd3f490c275fa2760d075f56f70bf9d5f8a755f205,.json,json_valid,mechanical_inventory_only
research/logs/checkpoints/n28/chunk_000153.json,historical_logs_and_experiments,48669,d32cbe72ff48230ea3cf1585d12da9cc50faa7c8c73cab7c63ad000382c22ca8,.json,json_valid,mechanical_inventory_only
research/logs/checkpoints/n28/chunk_000154.json,historical_logs_and_experiments,48652,29381aa417e829df4cab4732896eba003103f60894cd49bb515679ccfe2659cd,.json,json_valid,mechanical_inventory_only
research/logs/checkpoints/n28/chunk_000155.json,historical_logs_and_experiments,48220,71b856c7edb20daed5f12a0c7b45269867defd1731a4cdb1edfe6ef753f6a299,.json,json_valid,mechanical_inventory_only
research/logs/checkpoints/n28/chunk_000156.json,historical_logs_and_experiments,48677,d4cdb0f946688cd85cb0711d8f5af10c821103b80aa64f2952104cfa0562cef5,.json,json_valid,mechanical_inventory_only
research/logs/checkpoints/n28/chunk_000157.json,historical_logs_and_experiments,48614,d03afb461f81472b77268abab2e115f1d1e3a57742959fa4a80b6f6a6afeb726,.json,json_valid,mechanical_inventory_only
research/logs/checkpoints/n28/chunk_000158.json,historical_logs_and_experiments,48215,a3170db297010e8e382746bd95062200c3873673e54154528151e51d5a714c34,.json,json_valid,mechanical_inventory_only
research/logs/checkpoints/n28/chunk_000159.json,historical_logs_and_experiments,48207,cdaf85bfbcb94468c4515d1cbf7831e37ec788511595379c7c5756028293d619,.json,json_valid,mechanical_inventory_only
research/logs/checkpoints/n28/chunk_000160.json,historical_logs_and_experiments,48675,f9a522549ed8c61b49f188c1a660c4e12f67fe81d45c6a202aac659a65f65b76,.json,json_valid,mechanical_inventory_only
research/logs/checkpoints/n28/chunk_000161.json,historical_logs_and_experiments,48153,602e54b2a5c1b6fa44d7acda728a62847cd1694b873848c4dda4546e009e8859,.json,json_valid,mechanical_inventory_only
research/logs/checkpoints/n28/chunk_000162.json,historical_logs_and_experiments,48155,201c763d87fd6c2dd89a857f9c125ce5160d557c1fe90074883b9aba09eaf587,.json,json_valid,mechanical_inventory_only
research/logs/checkpoints/n28/chunk_000163.json,historical_logs_and_experiments,48159,b83cf79e66898b5c947b02e06b672636acc6d0f7bcb42dbc465b9a24a9aefdb1,.json,json_valid,mechanical_inventory_only
research/logs/checkpoints/n28/chunk_000164.json,historical_logs_and_experiments,48118,fbacbfeb45ddbde49954b65c91eff9c86f7a9e9602cba020f70a09fd5dc15deb,.json,json_valid,mechanical_inventory_only
research/logs/checkpoints/n28/chunk_000165.json,historical_logs_and_experiments,48162,6b90b6b8d341bf83631a486b57ce4c7b4db3b4db2ff7a918180f92d347e16c5f,.json,json_valid,mechanical_inventory_only
research/logs/checkpoints/n28/chunk_000166.json,historical_logs_and_experiments,48198,948fdbf20cc5ea332fed2602e6702471836c68f19837a9ff65d95e0f7946ea21,.json,json_valid,mechanical_inventory_only
research/logs/checkpoints/n28/chunk_000167.json,historical_logs_and_experiments,48163,5059d19853306e00ce4705c87c26559814eb5f94cdd44b312a2073cac93abd9f,.json,json_valid,mechanical_inventory_only
research/logs/checkpoints/n28/chunk_000168.json,historical_logs_and_experiments,48171,02091e149dd3221480f3522577d90bb4b8b62729a4e96a49c1b92d5aaaa33677,.json,json_valid,mechanical_inventory_only
research/logs/checkpoints/n28/chunk_000169.json,historical_logs_and_experiments,48169,6e3e3fa2ee8a9ce597f25bda85362427a51352baa0bf24d6b3301c1006370c2b,.json,json_valid,mechanical_inventory_only
research/logs/checkpoints/n28/chunk_000170.json,historical_logs_and_experiments,48190,f3344867bce438f0746c120705df204ecdaf2f999d1bca2f851196b92827e305,.json,json_valid,mechanical_inventory_only
research/logs/checkpoints/n28/chunk_000171.json,historical_logs_and_experiments,48176,f92dee947a6293d5d1eaa54d71cbf66394048579e6b0d9ec640813cfdc9069d3,.json,json_valid,mechanical_inventory_only
research/logs/checkpoints/n28/chunk_000172.json,historical_logs_and_experiments,48197,380583f642c9626409a90aee2fc09c8f0e16d3969f88422252ba26fc940fa1cd,.json,json_valid,mechanical_inventory_only
research/logs/checkpoints/n28/chunk_000173.json,historical_logs_and_experiments,48222,4f08499940f5072fa561b77ab01f3fe8301d73c5c8bf24a79a700d57dd7d714a,.json,json_valid,mechanical_inventory_only
research/logs/checkpoints/n28/chunk_000174.json,historical_logs_and_experiments,48216,1de6dc9ef5e0af0b1cae27bab9192d808c7efd7bcedf16a8ab9eed2546e0a818,.json,json_valid,mechanical_inventory_only
research/logs/checkpoints/n28/chunk_000175.json,historical_logs_and_experiments,48249,a797baacd6b10f84afc21cf3f6a576697e6df017122ddc47e95d666a8d20d82d,.json,json_valid,mechanical_inventory_only
research/logs/checkpoints/n28/chunk_000176.json,historical_logs_and_experiments,48250,56dd912b0a49cda47193532f4b742c366096ef5c6c0e76bf35209c4889025ea6,.json,json_valid,mechanical_inventory_only
research/logs/checkpoints/n28/chunk_000177.json,historical_logs_and_experiments,48263,cead5e363e7de8969264e2221c3624fb21d3775779f3c38e9a3f21bc56264b0c,.json,json_valid,mechanical_inventory_only
research/logs/checkpoints/n28/chunk_000178.json,historical_logs_and_experiments,48240,fd3155c66b511d4d34e079fddfb3b14e85e2bcbb8bde900519fd751574b4ff16,.json,json_valid,mechanical_inventory_only
research/logs/checkpoints/n28/chunk_000179.json,historical_logs_and_experiments,48238,0aab2802aa84234317a570995366002eda62859e9e88b0b1a799568ca5121727,.json,json_valid,mechanical_inventory_only
research/logs/checkpoints/n28/chunk_000180.json,historical_logs_and_experiments,48227,fd7290d0c3c38d4995a652690fff2d2f709bb573c8f10554c92f2ca199fee16d,.json,json_valid,mechanical_inventory_only
research/logs/checkpoints/n28/chunk_000181.json,historical_logs_and_experiments,48266,fa1a0e0bd31bd96c06ffc5bec29a4092fad407ced7e97663903def89c7cbdbe0,.json,json_valid,mechanical_inventory_only
research/logs/checkpoints/n28/chunk_000182.json,historical_logs_and_experiments,48265,a613a8c06abdae03a839b8e6be3c7ca537a235c59bc209817125b35004667774,.json,json_valid,mechanical_inventory_only
research/logs/checkpoints/n28/chunk_000183.json,historical_logs_and_experiments,48284,c8952efca42c09948f07ca7e3fd7e03587dde100820f2ce7e5d83bc6d2c77964,.json,json_valid,mechanical_inventory_only
research/logs/checkpoints/n28/chunk_000184.json,historical_logs_and_experiments,48664,043f9bdd8ea38ec5123ff50850a499bde380f5be0669a081abcf0316f1c0bf2b,.json,json_valid,mechanical_inventory_only
research/logs/checkpoints/n28/chunk_000185.json,historical_logs_and_experiments,48679,837c7b41fdd63337eb05bf0cb720e5278170654879bb8cc39803d8aacbc27bf6,.json,json_valid,mechanical_inventory_only
research/logs/checkpoints/n28/chunk_000186.json,historical_logs_and_experiments,48236,2ada7da94c240e76b211170ebd55035308ab7697d64a0194007b70d893b770c2,.json,json_valid,mechanical_inventory_only
research/logs/checkpoints/n28/chunk_000187.json,historical_logs_and_experiments,48674,fd60e99ca42be4aa31738a19b5ae7149396ee50df5bf93eb37ae1d108da23938,.json,json_valid,mechanical_inventory_only
research/logs/checkpoints/n28/chunk_000188.json,historical_logs_and_experiments,48759,091fd1a587d382c1bb827dea0dabea2d6fca40215c82cb96a7420cb63a695c87,.json,json_valid,mechanical_inventory_only
research/logs/checkpoints/n28/chunk_000189.json,historical_logs_and_experiments,48702,cf041045c1b279b834316c08a30f41bf9bf25662bcc32b2e6169854aede5a824,.json,json_valid,mechanical_inventory_only
research/logs/checkpoints/n28/chunk_000190.json,historical_logs_and_experiments,48718,493ad6b083d6baaff2b7a80f34c00711a0f39b6d6b2cc74e1037e6a8288cdff9,.json,json_valid,mechanical_inventory_only
research/logs/checkpoints/n28/chunk_000191.json,historical_logs_and_experiments,48661,a515dc372f09e129021a1bc4bdfca572acbe9c5d5dd0bc6d86537c9ca18710bc,.json,json_valid,mechanical_inventory_only
research/logs/checkpoints/n28/chunk_000192.json,historical_logs_and_experiments,48293,68a8b285792717a7c9422dc70748c6e8521f80654a474c17bc082dcbd8db1bab,.json,json_valid,mechanical_inventory_only
research/logs/checkpoints/n28/chunk_000193.json,historical_logs_and_experiments,48733,8964e90c3663da63df6caefc6daa0760db0dfd70526e72c1dbf84cc7b1ed6db8,.json,json_valid,mechanical_inventory_only
research/logs/checkpoints/n28/chunk_000194.json,historical_logs_and_experiments,48741,729ba9c195970327a6fefcfea6fec07c13a6746acce4c394f625eafa4770c4f1,.json,json_valid,mechanical_inventory_only
research/logs/checkpoints/n28/chunk_000195.json,historical_logs_and_experiments,48766,8589800fec12d751328d69578a14f7f663a91c9b4914b29c2db05f32637935df,.json,json_valid,mechanical_inventory_only
research/logs/checkpoints/n28/chunk_000196.json,historical_logs_and_experiments,48779,5eefbcbf2c1df783239c7810df0008d5747b5c637fdb4390f6ae4754a6645892,.json,json_valid,mechanical_inventory_only
research/logs/checkpoints/n28/chunk_000197.json,historical_logs_and_experiments,48283,7a670df3b4659bcd4abe2b8d53ab8a0458b3c24f2144a9df527a41fc1e17ad7f,.json,json_valid,mechanical_inventory_only
research/logs/checkpoints/n28/chunk_000198.json,historical_logs_and_experiments,48286,3724fd13ee20ee78e66329bf4288903a1bf49843be7c4eccdd1bcde873ebe106,.json,json_valid,mechanical_inventory_only
research/logs/checkpoints/n28/chunk_000199.json,historical_logs_and_experiments,48765,eee9b65664f214eeaa46d7a9a4ed1832b63e359d5c90552ca086d18f5b216127,.json,json_valid,mechanical_inventory_only
research/logs/checkpoints/n28/chunk_000200.json,historical_logs_and_experiments,48689,ea6d224e60556990b61e97ac283b60acd3b44bccccdfd1364c2dbaa7c2addcaa,.json,json_valid,mechanical_inventory_only
research/logs/checkpoints/n28/chunk_000201.json,historical_logs_and_experiments,48640,da4dfa9dcf79cf786992e8eb20a926915271f95461abb72e45605d1bf2ba4af3,.json,json_valid,mechanical_inventory_only
research/logs/checkpoints/n28/chunk_000202.json,historical_logs_and_experiments,48699,366b64b24852b07374926dcd86e4955f6a36938bfa05c0277982d9488fbe8fc9,.json,json_valid,mechanical_inventory_only
research/logs/checkpoints/n28/chunk_000203.json,historical_logs_and_experiments,48761,46899cbda5a3b6fdd342beb0ae03892c5e66de3a99a1f8fc3913fa52352201b5,.json,json_valid,mechanical_inventory_only
research/logs/checkpoints/n28/chunk_000204.json,historical_logs_and_experiments,48726,6bfba179fb9e3f41959d269cc599369db7fa42b06adde24838ab7c77db431cca,.json,json_valid,mechanical_inventory_only
research/logs/checkpoints/n28/chunk_000205.json,historical_logs_and_experiments,48841,46a4e10b8a62b5ebebd51296c0431df7f52f919704519b34f50784031ca80e0f,.json,json_valid,mechanical_inventory_only
research/logs/checkpoints/n28/chunk_000206.json,historical_logs_and_experiments,48670,153a7faf166c8c18049999f97b1b7da829758a15bbe4ba1100fe445dfd65af78,.json,json_valid,mechanical_inventory_only
research/logs/checkpoints/n28/chunk_000207.json,historical_logs_and_experiments,48772,34a06fa5536ca0ede59e09659d6d485c83c3d10ea69ad966ff0e5c3a35fad566,.json,json_valid,mechanical_inventory_only
research/logs/checkpoints/n28/chunk_000208.json,historical_logs_and_experiments,48284,43e07ec0265eca57e8b0b79328a85d0403900b91a407d6aff67ab163a3a09245,.json,json_valid,mechanical_inventory_only
research/logs/checkpoints/n28/chunk_000209.json,historical_logs_and_experiments,48297,fbd6f07d9cb87d7ffc985ecd8b21d3333c662f2c9457ea60a83acdeb5dad205c,.json,json_valid,mechanical_inventory_only
research/logs/checkpoints/n28/chunk_000210.json,historical_logs_and_experiments,48773,7a641de23187de4bc3b1dd65447f243143566bdb48628b910bf4d1267193d639,.json,json_valid,mechanical_inventory_only
research/logs/checkpoints/n28/chunk_000211.json,historical_logs_and_experiments,48713,32fadba7f937b4efa4482fae8309a96bda8686546da0983e97c61ddf29affaaf,.json,json_valid,mechanical_inventory_only
research/logs/checkpoints/n28/chunk_000212.json,historical_logs_and_experiments,48777,4d34ab2b44db3c54992f6d0d9d5ff68f63b86ffce3681a7664e2321dd5fa497e,.json,json_valid,mechanical_inventory_only
research/logs/checkpoints/n28/chunk_000213.json,historical_logs_and_experiments,48741,e8319840ab28153cface2747c34309f55a6fde0d3fbcf54813ced18fb9fd89df,.json,json_valid,mechanical_inventory_only
research/logs/checkpoints/n28/chunk_000214.json,historical_logs_and_experiments,48758,b9ecef95c0a677bf552c8524806c45cc5bea68942e6d249ca75b2b90029da5b3,.json,json_valid,mechanical_inventory_only
research/logs/checkpoints/n28/chunk_000215.json,historical_logs_and_experiments,48709,efcdc6bf1af281751801a93db0e6d29a719508523541ac785eb00f38a62fa031,.json,json_valid,mechanical_inventory_only
research/logs/checkpoints/n28/chunk_000216.json,historical_logs_and_experiments,47702,ef3a379b7f888ce642a6e668d5e05d4834a9970f1b9cc872f25e1c56da0d45a0,.json,json_valid,mechanical_inventory_only
research/logs/checkpoints/n28/chunk_000217.json,historical_logs_and_experiments,47691,192c30e0643bc0a6a20fc0a0422749e3fcd98e34058b647245bb254d3258127d,.json,json_valid,mechanical_inventory_only
research/logs/checkpoints/n28/chunk_000218.json,historical_logs_and_experiments,47799,95dfcc7baaa5c91962779b7242bee0e720fdaf3153ea6fca7b7a817083eb2bbb,.json,json_valid,mechanical_inventory_only
research/logs/checkpoints/n28/chunk_000219.json,historical_logs_and_experiments,47798,665b65a1acf1165603919fdb55149520f54a8ef06a95f5b6444ff0aca0b99bd5,.json,json_valid,mechanical_inventory_only
research/logs/checkpoints/n28/chunk_000220.json,historical_logs_and_experiments,48229,a06c3a9957d17c91acbeff29e7da6e2df3eb3c1b3c22bd4cb3c8803049b6cff6,.json,json_valid,mechanical_inventory_only
research/logs/checkpoints/n28/chunk_000221.json,historical_logs_and_experiments,48238,839a0bb4f9469ad8d826c9c716f029801606581ff9d68f5b4969ea55b03ccb42,.json,json_valid,mechanical_inventory_only
research/logs/checkpoints/n28/chunk_000222.json,historical_logs_and_experiments,48246,9d01fdc0fcde01ff844c1e9139450663c4d985360ca2097a539fe1297cbcf77d,.json,json_valid,mechanical_inventory_only
research/logs/checkpoints/n28/chunk_000223.json,historical_logs_and_experiments,48249,9ad0fb3ccd0d53f32cf0783426e4dfe7e175f10ea2d83d9c1be3f02cb339f725,.json,json_valid,mechanical_inventory_only
research/logs/checkpoints/n28/chunk_000224.json,historical_logs_and_experiments,48257,f01a142733b4186b2152296dee79de781961c2f36ddfbbb69754c394c1d16181,.json,json_valid,mechanical_inventory_only
research/logs/checkpoints/n28/chunk_000225.json,historical_logs_and_experiments,48256,5b789e55585597572eba29c30fd852e0f647642c57434b6c1c64390155323c7c,.json,json_valid,mechanical_inventory_only
research/logs/checkpoints/n28/chunk_000226.json,historical_logs_and_experiments,48221,69d4a0ce7fec3e471020d996697ad8a26e749b2ec2ddc8a5525cdd3fd0c24c4b,.json,json_valid,mechanical_inventory_only
research/logs/checkpoints/n28/chunk_000227.json,historical_logs_and_experiments,48241,3beba695023bee47a66939e0533d0a50a054319e23700ee4a4577479edebbbae,.json,json_valid,mechanical_inventory_only
research/logs/checkpoints/n28/chunk_000228.json,historical_logs_and_experiments,48266,0f165a03e964dc26f5d060e1c375d613e1d1105bbafdac502310be13d1c97c15,.json,json_valid,mechanical_inventory_only
research/logs/checkpoints/n28/chunk_000229.json,historical_logs_and_experiments,48213,691ade4e44ea2d35ad7c522235b9ed0aac6633b7c762bdb05b0630db712d8515,.json,json_valid,mechanical_inventory_only
research/logs/checkpoints/n28/chunk_000230.json,historical_logs_and_experiments,48269,751fc411634b6cba84764d7f12e2f991609152d3c257f63bd48fe70ba4530730,.json,json_valid,mechanical_inventory_only
research/logs/checkpoints/n28/chunk_000231.json,historical_logs_and_experiments,48250,13e0816e0d39251530234bee0944a79d07ab32b39068acea881fa538a1541d5c,.json,json_valid,mechanical_inventory_only
research/logs/checkpoints/n28/chunk_000232.json,historical_logs_and_experiments,48226,ef84844576125aecbc8b4ebb5dba35343a9091e211b91df682799ca93190c798,.json,json_valid,mechanical_inventory_only
research/logs/checkpoints/n28/chunk_000233.json,historical_logs_and_experiments,48241,e87a75596a22e39fa6b5df8817552514f29956f79f250a3c4c4173ac7951660a,.json,json_valid,mechanical_inventory_only
research/logs/checkpoints/n28/chunk_000234.json,historical_logs_and_experiments,48240,b6184e8766f015dc0a89032559dc796eb6536d30cb6160f868eb22917687f47b,.json,json_valid,mechanical_inventory_only
research/logs/checkpoints/n28/chunk_000235.json,historical_logs_and_experiments,48232,32ba22fb8b421a91838e84a578b40a1bd6b47af5093dec5f7ad51954183ce9c4,.json,json_valid,mechanical_inventory_only
research/logs/checkpoints/n28/chunk_000236.json,historical_logs_and_experiments,47810,ffbbb4b89425a14dfb5461bf2581bb41d467c7061b356f85ae6cb40e7afa99d3,.json,json_valid,mechanical_inventory_only
research/logs/checkpoints/n28/chunk_000237.json,historical_logs_and_experiments,48246,3f495e8ad96f179df7d6c10e1969e203c0c504efab794175ff0f2fa3abe3064f,.json,json_valid,mechanical_inventory_only
research/logs/checkpoints/n28/chunk_000238.json,historical_logs_and_experiments,48256,b7e4853eace12d3ce89d3c0630fc653ac8fece200b08385f679f90b8508455d8,.json,json_valid,mechanical_inventory_only
research/logs/checkpoints/n28/chunk_000239.json,historical_logs_and_experiments,48267,52e02b79ce4bfb5fede7d31c5350e6cc0d97236c876c21e11d8a073ebc029dc4,.json,json_valid,mechanical_inventory_only
research/logs/checkpoints/n28/chunk_000240.json,historical_logs_and_experiments,48242,73ded23e3cc5aeaac01d949170fee1bae3423e52bcdba13dd3aa5b061bb4b40e,.json,json_valid,mechanical_inventory_only
research/logs/checkpoints/n28/chunk_000241.json,historical_logs_and_experiments,48210,a1bedc05206c4e21ac9bd09ba87b3712007790bf5a427030eee2b29015ef944d,.json,json_valid,mechanical_inventory_only
research/logs/checkpoints/n28/chunk_000242.json,historical_logs_and_experiments,48248,4c58370b531eb698b07e75357d7f06858b7bda68d188b2c9a1864fac3084a21c,.json,json_valid,mechanical_inventory_only
research/logs/checkpoints/n28/chunk_000243.json,historical_logs_and_experiments,48257,a67f13a82788c626e35a7c78e3c43f0f8c10634e6c9a882738265e8f12f7e0f8,.json,json_valid,mechanical_inventory_only
research/logs/checkpoints/n28/chunk_000244.json,historical_logs_and_experiments,48193,c102b3eb9b4798ab9e7b6e416bc5722702eafc5ccccd4d31c5ca13cafae65906,.json,json_valid,mechanical_inventory_only
research/logs/checkpoints/n28/chunk_000245.json,historical_logs_and_experiments,48290,ca845027e1d0a8dbfb073a9befcb458f7389ac02824d36a9444a69291a15134e,.json,json_valid,mechanical_inventory_only
research/logs/checkpoints/n28/chunk_000246.json,historical_logs_and_experiments,47777,5e3e034efd4a1d3bd947e3393f1ec42062dc27b05ca1b1745d5a75b4e6702a40,.json,json_valid,mechanical_inventory_only
research/logs/checkpoints/n28/chunk_000247.json,historical_logs_and_experiments,47837,68cab28f3eea2d6583b13a0034f4f506018856a101f0389e4b9221906f55e965,.json,json_valid,mechanical_inventory_only
research/logs/checkpoints/n28/chunk_000248.json,historical_logs_and_experiments,14435,3bbcdee286a6377edfca77150d6176b9311f524ea2180d62ac5bc06e5c6a33f0,.json,json_valid,mechanical_inventory_only
research/logs/checkpoints/n28/chunk_000249.json,historical_logs_and_experiments,2470,932be75e0af49634d18dbfae4af285e0fe0790d88a4698e1981abb5d7be32ec9,.json,json_valid,mechanical_inventory_only
research/logs/checkpoints/n28/manifest.json,historical_logs_and_experiments,58483,e1d1411f0563915c282651d12858c77671b5a8153ac2b47357373d7963b2fc91,.json,json_valid,mechanical_inventory_only
research/logs/checkpoints/n30/chunk_000000.json,historical_logs_and_experiments,2785,97bde9fde5473fd2b458e5a68b8c17db325e5cbf23dace1c68047a5b2a8223b4,.json,json_valid,mechanical_inventory_only
research/logs/checkpoints/n30/chunk_000001.json,historical_logs_and_experiments,15564,b9251c0826455c9681768b73d2cbdb8b66b6d3643b988c73e05a2f0cb982e4a9,.json,json_valid,mechanical_inventory_only
research/logs/checkpoints/n30/chunk_000002.json,historical_logs_and_experiments,47766,b0f46dbce9dcee53376051e98399f1e343e3f69d8c06bca0735eb69a1f2c5fa5,.json,json_valid,mechanical_inventory_only
research/logs/checkpoints/n30/chunk_000003.json,historical_logs_and_experiments,48835,441d52fe087fed394e94760ad303bc056695eeb751ced9a7484a30f6c65e994f,.json,json_valid,mechanical_inventory_only
research/logs/checkpoints/n30/chunk_000004.json,historical_logs_and_experiments,48463,84654d920e037822bebb4baaaf4668079b80926dbad4fc77ad796b10c9c5a0b7,.json,json_valid,mechanical_inventory_only
research/logs/checkpoints/n30/chunk_000005.json,historical_logs_and_experiments,47859,e9e8e1594f74e7db9b0b420a72573e161faa92758146625a9f50988c23d8be3d,.json,json_valid,mechanical_inventory_only
research/logs/checkpoints/n30/chunk_000006.json,historical_logs_and_experiments,48283,51ccea11cdc040260b47cc31b2b2c9bfc3471c3b9d2348cc04c06eb249c7686c,.json,json_valid,mechanical_inventory_only
research/logs/checkpoints/n30/chunk_000007.json,historical_logs_and_experiments,48310,a12173e1fd4e50a53cf96542a75406afe0b4c7428500c104c3b1afeb2d420e17,.json,json_valid,mechanical_inventory_only
research/logs/checkpoints/n30/chunk_000008.json,historical_logs_and_experiments,48430,2d0187e395fff3c575172bbd8172cc35073da2ef02ad58cc024504339f27fe1f,.json,json_valid,mechanical_inventory_only
research/logs/checkpoints/n30/chunk_000009.json,historical_logs_and_experiments,48407,b7bbb76d5213d3c1b8d576baf3c997aa7245b2666a16b4bf52b811525244c681,.json,json_valid,mechanical_inventory_only
research/logs/checkpoints/n30/chunk_000010.json,historical_logs_and_experiments,48392,a66fb395b69e92868063bbd47e9c274f5388551238b75088307c48f73005ae18,.json,json_valid,mechanical_inventory_only
research/logs/checkpoints/n30/chunk_000011.json,historical_logs_and_experiments,48851,a7dd7a869bac53c66a6dc47cf9657961bd12f734140ca36af59acabbe160bb55,.json,json_valid,mechanical_inventory_only
research/logs/checkpoints/n30/chunk_000012.json,historical_logs_and_experiments,48869,1e91e7db6d1ea98695969ae59670e8f83d05e86a9ebaea82f2a4f2e0df532b33,.json,json_valid,mechanical_inventory_only
research/logs/checkpoints/n30/chunk_000013.json,historical_logs_and_experiments,48869,d318359eb588af338501f62b5c7ad122fa3c37c8a3a5c6acccec8e0d3323909f,.json,json_valid,mechanical_inventory_only
research/logs/checkpoints/n30/chunk_000014.json,historical_logs_and_experiments,49449,091b2334cbdb0e4d8da2f575acfafce104662bc82543066e10f043ceacddef74,.json,json_valid,mechanical_inventory_only
research/logs/checkpoints/n30/chunk_000015.json,historical_logs_and_experiments,47952,84d269ec90f3e8e76e4fc6b410f0769cff7836f96bafb7768d419b61cbfbc7ca,.json,json_valid,mechanical_inventory_only
research/logs/checkpoints/n30/chunk_000016.json,historical_logs_and_experiments,48424,0d05599259222d90d4962984829bbab6f174d438dc7461e910a1c89ff2e5cfd1,.json,json_valid,mechanical_inventory_only
research/logs/checkpoints/n30/chunk_000017.json,historical_logs_and_experiments,48350,6797175a2bd056876a87b303ab34cb36f0f170cf2c908632a325a99cc43ccc0b,.json,json_valid,mechanical_inventory_only
research/logs/checkpoints/n30/chunk_000018.json,historical_logs_and_experiments,48366,9692ab0f8caaafb58b049f607f856c344eb5cefd99ea2566b6d92a96fac1ab88,.json,json_valid,mechanical_inventory_only
research/logs/checkpoints/n30/chunk_000019.json,historical_logs_and_experiments,48394,f06d3aeafc4bbd71db90eb2e7a9d0e8ec5e11ae7ad19060224fc41d9fa77c600,.json,json_valid,mechanical_inventory_only
research/logs/checkpoints/n30/chunk_000020.json,historical_logs_and_experiments,48472,02855b9aad6f832334cf74a377373c86dd72b161e8c46f9599062f9bf87b3295,.json,json_valid,mechanical_inventory_only
research/logs/checkpoints/n30/chunk_000021.json,historical_logs_and_experiments,48499,b4625fe4432f341d7e475d30dcd59bfbea477c382bad9d51d420d9c58370d1bf,.json,json_valid,mechanical_inventory_only
research/logs/checkpoints/n30/chunk_000022.json,historical_logs_and_experiments,48532,c746940819c3f4276a36f53d7faf00fddd597013fcd34e659c9c91ee0296ab8b,.json,json_valid,mechanical_inventory_only
research/logs/checkpoints/n30/chunk_000023.json,historical_logs_and_experiments,48469,f2c8dfd0b5fb710c0a04456350467074377b98e6368448bfc76f2bc7333c1bae,.json,json_valid,mechanical_inventory_only
research/logs/checkpoints/n30/chunk_000024.json,historical_logs_and_experiments,48481,c684ebc62e6e8fc61d756259fd88081ec02711013d47678b03fe15249f68c46e,.json,json_valid,mechanical_inventory_only
research/logs/checkpoints/n30/chunk_000025.json,historical_logs_and_experiments,48047,b4d288ed7a6805af662a0d7759458ab55d9cf730aa0bcc5ca78dcc7538b56f9c,.json,json_valid,mechanical_inventory_only
research/logs/checkpoints/n30/chunk_000026.json,historical_logs_and_experiments,48078,6c8c846790e0976fb16945080852c05bc7da5ffdf3da7a89701acc7c2a44cee4,.json,json_valid,mechanical_inventory_only
research/logs/checkpoints/n30/chunk_000027.json,historical_logs_and_experiments,48547,c76b6ed6c0792e9ad7f0ac37ddd30bd8de1b34a75edec04d2acaf096ae1ac2b6,.json,json_valid,mechanical_inventory_only
research/logs/checkpoints/n30/chunk_000028.json,historical_logs_and_experiments,48513,edbefd12fe41134265ef680b6289ea3922056b73f491a039c0ce6d3d3318ae2f,.json,json_valid,mechanical_inventory_only
research/logs/checkpoints/n30/chunk_000029.json,historical_logs_and_experiments,48515,b4b799652b858a42a1803a08445548ab8ec468586770c4edad222d1851264777,.json,json_valid,mechanical_inventory_only
research/logs/checkpoints/n30/chunk_000030.json,historical_logs_and_experiments,48013,200fcb262fc82779e23e48f11c7ab3de8c20182fee84778aa9e22bbeee1d406a,.json,json_valid,mechanical_inventory_only
research/logs/checkpoints/n30/chunk_000031.json,historical_logs_and_experiments,48474,06f8d61141f722adc4aff1b2cc714685eaa7c592d7cace8bc95472aa884c5ee7,.json,json_valid,mechanical_inventory_only
research/logs/checkpoints/n30/chunk_000032.json,historical_logs_and_experiments,48424,f10b90b6817407065bc3b8b1dc25b2099eb5b6ff0dc11a1f11dc49914661a266,.json,json_valid,mechanical_inventory_only
research/logs/checkpoints/n30/chunk_000033.json,historical_logs_and_experiments,48442,c267654d54cb88254e279846a10cc904588ba8f71b010836e2d2a7cb7b9c603a,.json,json_valid,mechanical_inventory_only
research/logs/checkpoints/n30/chunk_000034.json,historical_logs_and_experiments,48494,fa980e52570fa13a5cca34ff789574be1da3c305d800bcd218a8e810f0959800,.json,json_valid,mechanical_inventory_only
research/logs/checkpoints/n30/chunk_000035.json,historical_logs_and_experiments,48466,05df5847af5dbfbe537f02f1d2e6201bfeff04535d446827813d926d9532028d,.json,json_valid,mechanical_inventory_only
research/logs/checkpoints/n30/chunk_000036.json,historical_logs_and_experiments,48543,8e5152be34a72e681d09178585c590bd4768186878432fa8cd8097178427f9da,.json,json_valid,mechanical_inventory_only
research/logs/checkpoints/n30/chunk_000037.json,historical_logs_and_experiments,48482,a5514f115b9105bd7ede827765edb05100b1e6e1dbcf93663be8832d12f6bdfe,.json,json_valid,mechanical_inventory_only
research/logs/checkpoints/n30/chunk_000038.json,historical_logs_and_experiments,48922,e3796e66d3d0ea7a909770aadd5ed59ecb83892cc2899a0c1b463566fe3c91b0,.json,json_valid,mechanical_inventory_only
research/logs/checkpoints/n30/chunk_000039.json,historical_logs_and_experiments,48494,a47953fbbd5f6c07c86238c0cd67fba1a7bf0bd5b68f49235520e361e814a500,.json,json_valid,mechanical_inventory_only
research/logs/checkpoints/n30/chunk_000040.json,historical_logs_and_experiments,48489,bbf8930299d149b31c1abff2002d4f530b2800939637cda0c3bcac5221640760,.json,json_valid,mechanical_inventory_only
research/logs/checkpoints/n30/chunk_000041.json,historical_logs_and_experiments,47972,c02eb926c68a63379749f57a6cb544ed615a4e3d49917243d70e5f1cc9d2dff4,.json,json_valid,mechanical_inventory_only
research/logs/checkpoints/n30/chunk_000042.json,historical_logs_and_experiments,48512,20aac2a37874a06723a6b8f31c3bb194cedf9f6e3fe27e73eaeaa61371a98814,.json,json_valid,mechanical_inventory_only
research/logs/checkpoints/n30/chunk_000043.json,historical_logs_and_experiments,48542,8fcf374cac833cdb761c500bfc64279ff9801194da21b7add9f635e96b26e3ea,.json,json_valid,mechanical_inventory_only
research/logs/checkpoints/n30/chunk_000044.json,historical_logs_and_experiments,48946,ce124a1c56be129bfda36bc380108ed5cd0227a4be982e0be3e9c4c4ac5e2b65,.json,json_valid,mechanical_inventory_only
research/logs/checkpoints/n30/chunk_000045.json,historical_logs_and_experiments,48554,16e68fa963715ea727c05b898d75c43550be1cb7621f2acf6613fc103413f7da,.json,json_valid,mechanical_inventory_only
research/logs/checkpoints/n30/chunk_000046.json,historical_logs_and_experiments,48977,3bee4e19ed9644bae1714f500829adfb60686ba38ba0807411c362a9b157bdec,.json,json_valid,mechanical_inventory_only
research/logs/checkpoints/n30/chunk_000047.json,historical_logs_and_experiments,49118,56497d922b95424523b006f1bdb7b7ca50b8e81dde153b5fca76723d9794a13f,.json,json_valid,mechanical_inventory_only
research/logs/checkpoints/n30/chunk_000048.json,historical_logs_and_experiments,49092,ad94a4f8e28d0d2dd02a0631dabe8d186ab1c12e03df0de6623b71445036455d,.json,json_valid,mechanical_inventory_only
research/logs/checkpoints/n30/chunk_000049.json,historical_logs_and_experiments,49010,65f27d6e229d164f6240da1cc325a06d504a0a369e1eedc12d8f14d64b388486,.json,json_valid,mechanical_inventory_only
research/logs/checkpoints/n30/chunk_000050.json,historical_logs_and_experiments,49063,6adb95e705488eb7d0481a5c447bb3c93b86a086ad4e7851ed121563846dcfae,.json,json_valid,mechanical_inventory_only
research/logs/checkpoints/n30/chunk_000051.json,historical_logs_and_experiments,48593,3c627f5aacda4d9a9c62ffd30d5a3c88b5bcf5ad2a361855da6548ac7083991c,.json,json_valid,mechanical_inventory_only
research/logs/checkpoints/n30/chunk_000052.json,historical_logs_and_experiments,48687,242a468fbf253d066d8be45db1f28e7387c7a9833af25a206816b6a9d2887d5f,.json,json_valid,mechanical_inventory_only
research/logs/checkpoints/n30/chunk_000053.json,historical_logs_and_experiments,48581,7826b0c372cf49055826e3af1c6a9e23fff006c8ea31f030d22fad7c5e3c2209,.json,json_valid,mechanical_inventory_only
research/logs/checkpoints/n30/chunk_000054.json,historical_logs_and_experiments,48627,53dfa71f1b727190a69bd5babb9b2b3d38dc57650f33764870828b0de2cebc2d,.json,json_valid,mechanical_inventory_only
research/logs/checkpoints/n30/chunk_000055.json,historical_logs_and_experiments,48638,22a092ef95b8557560d9c12ebb1f6f749bedb9f2c05b69e1daa8d7304552039c,.json,json_valid,mechanical_inventory_only
research/logs/checkpoints/n30/chunk_000056.json,historical_logs_and_experiments,49060,a006dfea3d2d4a75b081bf19f448603d174b5d4f974eb3f9e919ee2977991435,.json,json_valid,mechanical_inventory_only
research/logs/checkpoints/n30/chunk_000057.json,historical_logs_and_experiments,48651,de757b113c4b56f96da4262543c76bed059b9d408d48390d1a93c6a15a2802a9,.json,json_valid,mechanical_inventory_only
research/logs/checkpoints/n30/chunk_000058.json,historical_logs_and_experiments,49130,c81cab5256d9da8eb9f598324865eb6fb90dbd40cc1015dc2ea1fe01d5b4ae3e,.json,json_valid,mechanical_inventory_only
research/logs/checkpoints/n30/chunk_000059.json,historical_logs_and_experiments,49102,e59fa19d4c60e64a198e38ee6c4d0fddfff82dfe8ca9234b763e407d7aca4d14,.json,json_valid,mechanical_inventory_only
research/logs/checkpoints/n30/chunk_000060.json,historical_logs_and_experiments,49098,44f5816cbeaf48b0c2dbc752b77f6f8ef3141166ee262ae95d3f9946aa8c400e,.json,json_valid,mechanical_inventory_only
research/logs/checkpoints/n30/chunk_000061.json,historical_logs_and_experiments,48666,e31881147bc7d4b2f0e352157a7d80892f6e362c1fb7f69d3d2474bb29324575,.json,json_valid,mechanical_inventory_only
research/logs/checkpoints/n30/chunk_000062.json,historical_logs_and_experiments,48630,76642b27971e6569270021037b0890f6f04e2da9ea66995300d2e45c5fabb6f5,.json,json_valid,mechanical_inventory_only
research/logs/checkpoints/n30/chunk_000063.json,historical_logs_and_experiments,48649,b29944e71633b7e2cd5b080e328b80dc3218906e07e1d5e56f8e54909077ac1b,.json,json_valid,mechanical_inventory_only
research/logs/checkpoints/n30/chunk_000064.json,historical_logs_and_experiments,49564,8f8f65bf0557aa90af34a0a2e34f383bbcf76445ce29964577d8946843d9c9c3,.json,json_valid,mechanical_inventory_only
research/logs/checkpoints/n30/chunk_000065.json,historical_logs_and_experiments,49534,6a2bff8534a77724eaec6f7ca3860a4aeb4bad47888f70e3e647069209b25543,.json,json_valid,mechanical_inventory_only
research/logs/checkpoints/n30/chunk_000066.json,historical_logs_and_experiments,48072,84f07f3ab99215c743c1198e4d1479e82f7146f84f8eda26beb1969d7197c748,.json,json_valid,mechanical_inventory_only
research/logs/checkpoints/n30/chunk_000067.json,historical_logs_and_experiments,48019,aa25e56a2e56ccf401fdab841dc285307b8777a5f802d9df2acd4b691ec65afb,.json,json_valid,mechanical_inventory_only
research/logs/checkpoints/n30/chunk_000068.json,historical_logs_and_experiments,48052,b6fe07259ddc0d1271cb3a6f29c1be4ae48b0001979a0eb2db12a312c4adf427,.json,json_valid,mechanical_inventory_only
research/logs/checkpoints/n30/chunk_000069.json,historical_logs_and_experiments,48045,f5e4003c5dc1653512a881740cc1a6abac88e56e5bfa2954f2b75569b25a2293,.json,json_valid,mechanical_inventory_only
research/logs/checkpoints/n30/chunk_000070.json,historical_logs_and_experiments,48203,448af1fa47f1d5810c1d460b0463f73f44e312c0d682e0f5e24a1ba262cdb95c,.json,json_valid,mechanical_inventory_only
research/logs/checkpoints/n30/chunk_000071.json,historical_logs_and_experiments,48089,352d05802babfff1c08bb109992cab643433f2cf90d94e4f797ccf0f343ec014,.json,json_valid,mechanical_inventory_only
research/logs/checkpoints/n30/chunk_000072.json,historical_logs_and_experiments,48086,819b8c8123622ad81f3234760bea75364ab257c7cf50d1798d302226bd0a91e1,.json,json_valid,mechanical_inventory_only
research/logs/checkpoints/n30/chunk_000073.json,historical_logs_and_experiments,48136,f719da4a437ad92eb2b7151e9c911df9aa81f0e20ace8953875031684962fe25,.json,json_valid,mechanical_inventory_only
research/logs/checkpoints/n30/chunk_000074.json,historical_logs_and_experiments,48120,e6d83b0cf5f8ab24827975a77e7bd37fbabea798cce73b0217e4214e84d93094,.json,json_valid,mechanical_inventory_only
research/logs/checkpoints/n30/chunk_000075.json,historical_logs_and_experiments,48089,be83c0c63adfaa32e41d23a1a806b0c123c351990432ca4b742928f5c6e5231c,.json,json_valid,mechanical_inventory_only
research/logs/checkpoints/n30/chunk_000076.json,historical_logs_and_experiments,48149,08c3a5a0958ad6685d8cac1c520bf30ced08825fca8ed4bb9cadbd9d9e244976,.json,json_valid,mechanical_inventory_only
research/logs/checkpoints/n30/chunk_000077.json,historical_logs_and_experiments,48089,fb928f39a12e3b44a96157ca9a7c30392f5cbbd56db28a3ce0fbe8cda93b9d22,.json,json_valid,mechanical_inventory_only
research/logs/checkpoints/n30/chunk_000078.json,historical_logs_and_experiments,48126,0a159e781c4f8c910bce7d50591a603797c180630bab50d1c20acb8ee020ed94,.json,json_valid,mechanical_inventory_only
research/logs/checkpoints/n30/chunk_000079.json,historical_logs_and_experiments,48092,f4fb62677f1a1be7666da01e1b539668b116a15d34f52445e70de4cbb025d8af,.json,json_valid,mechanical_inventory_only
research/logs/checkpoints/n30/chunk_000080.json,historical_logs_and_experiments,48140,5aceef3796c99290b5d1e278bcc46c83e7d2a96e44d2427f0ee80eb674d6de06,.json,json_valid,mechanical_inventory_only
research/logs/checkpoints/n30/chunk_000081.json,historical_logs_and_experiments,48109,2433196cae5379ef8696e4f71263b7f00d42c8f67e6ba933ca197a3eac509e7e,.json,json_valid,mechanical_inventory_only
research/logs/checkpoints/n30/chunk_000082.json,historical_logs_and_experiments,48074,e4c1c15ecfe8f82f7a9ab7f458754df928ca04873f41d112c1ef07af1cf1589a,.json,json_valid,mechanical_inventory_only
research/logs/checkpoints/n30/chunk_000083.json,historical_logs_and_experiments,48077,ffb5bf631edfa636677f256c5eef9d997103b65045260f04f77f3419b4d05985,.json,json_valid,mechanical_inventory_only
research/logs/checkpoints/n30/chunk_000084.json,historical_logs_and_experiments,48187,514783ed21d976e0805acf6094aa1638a3cab84418a4c30b4ae1250b436b3d13,.json,json_valid,mechanical_inventory_only
research/logs/checkpoints/n30/chunk_000085.json,historical_logs_and_experiments,48505,2c9751aa94abe8ea52387e0ea3ef0d2dd86ef6658726c41c544508d184ea6c63,.json,json_valid,mechanical_inventory_only
research/logs/checkpoints/n30/chunk_000086.json,historical_logs_and_experiments,48510,1c8c25e610eefa69eed2958b6e474c299487779545ab40f39056c5494dc83dce,.json,json_valid,mechanical_inventory_only
research/logs/checkpoints/n30/chunk_000087.json,historical_logs_and_experiments,48438,80c6426b56da4f18267f5560175d5df7f19e1eb5eb8fbf3ad5b88ce1c41554a5,.json,json_valid,mechanical_inventory_only
research/logs/checkpoints/n30/chunk_000088.json,historical_logs_and_experiments,48130,5c6d2e4b4d7d4043913fffe540b95b947efcb246ed4178fa9e85e7d49f366317,.json,json_valid,mechanical_inventory_only
research/logs/checkpoints/n30/chunk_000089.json,historical_logs_and_experiments,48074,07a854a7ffb0915be9a046c06b73bdd3ebf581b40912ad9369bf588a23692b2a,.json,json_valid,mechanical_inventory_only
research/logs/checkpoints/n30/chunk_000090.json,historical_logs_and_experiments,48500,8f821eba518f407b5439ad51395515dd0ae4bc7307241b28008d02dcedf338a1,.json,json_valid,mechanical_inventory_only
research/logs/checkpoints/n30/chunk_000091.json,historical_logs_and_experiments,48610,bb2a739855e95f6af243d78de83382998a7219fb1deb9e2b5110bd36a7d8bc86,.json,json_valid,mechanical_inventory_only
research/logs/checkpoints/n30/chunk_000092.json,historical_logs_and_experiments,48517,da3ab7a00c17f26a38bdfcaf2c1fc15988fe77cf7b3311c77dc37c408d17c5b9,.json,json_valid,mechanical_inventory_only
research/logs/checkpoints/n30/chunk_000093.json,historical_logs_and_experiments,48515,297218c5b101d09cd6cd29bc9da08c562011d787e0db4d6b2450a18fe591664c,.json,json_valid,mechanical_inventory_only
research/logs/checkpoints/n30/chunk_000094.json,historical_logs_and_experiments,48499,9b4dcc54d650291ea94f829a5409174c3c154b5493693ba961c5b1a894655b4a,.json,json_valid,mechanical_inventory_only
research/logs/checkpoints/n30/chunk_000095.json,historical_logs_and_experiments,48500,854f0cf8a3d08eb1170a492bac4022dfc219927e9353ce79ca74ff7c9eb779b4,.json,json_valid,mechanical_inventory_only
research/logs/checkpoints/n30/chunk_000096.json,historical_logs_and_experiments,48525,c3a2004e072d3ce98d05422ac4590979bc819ae758b5993e62f1116703438b9e,.json,json_valid,mechanical_inventory_only
research/logs/checkpoints/n30/chunk_000097.json,historical_logs_and_experiments,48525,b153a12e952e592e6e0c0f1cc8788caf4bbe3d542888cf2d7f228f4269bb8849,.json,json_valid,mechanical_inventory_only
research/logs/checkpoints/n30/chunk_000098.json,historical_logs_and_experiments,48524,d3159b13bd21fdb864c1d2401647028aad049c3b410a8e3e20fc3860dba1b36e,.json,json_valid,mechanical_inventory_only
research/logs/checkpoints/n30/chunk_000099.json,historical_logs_and_experiments,48541,fa3c11fb30fdd4b22fa7d4f21ed83671196a8f7b67a54f59cd1c04bd7262d901,.json,json_valid,mechanical_inventory_only
research/logs/checkpoints/n30/chunk_000100.json,historical_logs_and_experiments,48488,02377fc56872f3193a236d0b9656929dc66aea44d2394b81b0fe449b57b19297,.json,json_valid,mechanical_inventory_only
research/logs/checkpoints/n30/chunk_000101.json,historical_logs_and_experiments,48070,66a52c8190bd9da387106d26bf0cc2adcc59d277d4859ef3d791779b3b51f1d3,.json,json_valid,mechanical_inventory_only
research/logs/checkpoints/n30/chunk_000102.json,historical_logs_and_experiments,48089,dafc52f32e2f2ae5f3abdde311eca79ff294931bfa002fcd06026c26e38cccdf,.json,json_valid,mechanical_inventory_only
research/logs/checkpoints/n30/chunk_000103.json,historical_logs_and_experiments,48078,7f91022855cc08a9152c6eae76e5e4d8b6b3dba099a89cdfb4bdefec11880ccf,.json,json_valid,mechanical_inventory_only
research/logs/checkpoints/n30/chunk_000104.json,historical_logs_and_experiments,48577,3ae059d3040d92ac519b766c2dae024c5357252d26704585a3fa408b8f1b8fa7,.json,json_valid,mechanical_inventory_only
research/logs/checkpoints/n30/chunk_000105.json,historical_logs_and_experiments,48526,8cd1ac166b83d016fd59cd1048aa2e6ba5e27d134f61d282c51ffffa038e866a,.json,json_valid,mechanical_inventory_only
research/logs/checkpoints/n30/chunk_000106.json,historical_logs_and_experiments,48506,1f1138aa27909b2f73662609051dec363809b13f8f9a80c2cdcd7270f4471755,.json,json_valid,mechanical_inventory_only
research/logs/checkpoints/n30/chunk_000107.json,historical_logs_and_experiments,48515,4e83f2dc56865cf4abedf6bf94a0520a54d12841a54290da20598a6004874f17,.json,json_valid,mechanical_inventory_only
research/logs/checkpoints/n30/chunk_000108.json,historical_logs_and_experiments,48517,bed38b9f3a0bc5a430719f922f52606bc8772cda1b39fad16478b9fff3b85292,.json,json_valid,mechanical_inventory_only
research/logs/checkpoints/n30/chunk_000109.json,historical_logs_and_experiments,48541,d7b40684cc6fc02e520c8c90a1e7725118263b00d623f4a6071c1fa8731dd6dc,.json,json_valid,mechanical_inventory_only
research/logs/checkpoints/n30/chunk_000110.json,historical_logs_and_experiments,48118,ab91a669f3d6c1d8de1953e0ca741ef1bef663728dc6cc680364e442fa264131,.json,json_valid,mechanical_inventory_only
research/logs/checkpoints/n30/chunk_000111.json,historical_logs_and_experiments,48102,e75b386f5118e51ad5ff4673c3120aa721e3eb37585fff7afa50c6fbcaea2c4e,.json,json_valid,mechanical_inventory_only
research/logs/checkpoints/n30/chunk_000112.json,historical_logs_and_experiments,48099,9cc520034aaae36d5239ccadff20912dd425fba10461751f4a06e155edbcbc1d,.json,json_valid,mechanical_inventory_only
research/logs/checkpoints/n30/chunk_000113.json,historical_logs_and_experiments,48641,0e940d0146904997d740a1fc78b6c8e6ae36f5ba416171a9d43d60efa4b55475,.json,json_valid,mechanical_inventory_only
research/logs/checkpoints/n30/chunk_000114.json,historical_logs_and_experiments,48591,a070ca57c6484fd9ada26b8a7f4eb3d5e98f0538e8db11e059dc7905590a9412,.json,json_valid,mechanical_inventory_only
research/logs/checkpoints/n30/chunk_000115.json,historical_logs_and_experiments,48615,eb78abef213d686bf977e1f224fc2b65fe76429ff81fa044b89249e84ea96d09,.json,json_valid,mechanical_inventory_only
research/logs/checkpoints/n30/chunk_000116.json,historical_logs_and_experiments,48618,d70a37270d4317e16538ded1118f4bdbe6740495e49537489a9a0ab15d9d147c,.json,json_valid,mechanical_inventory_only
research/logs/checkpoints/n30/chunk_000117.json,historical_logs_and_experiments,48647,c12a3272251d24ccf7fb3c9c0e08116de0f6f8aea42a44a4d21196f3be7b134f,.json,json_valid,mechanical_inventory_only
research/logs/checkpoints/n30/chunk_000118.json,historical_logs_and_experiments,48654,6d415a687d52572715e6cb2de6b16c1fed0460a289dfbb0dad25f6121579f5ff,.json,json_valid,mechanical_inventory_only
research/logs/checkpoints/n30/chunk_000119.json,historical_logs_and_experiments,48629,a26429e9c956e95d1f22b182f59c2f9f6c2eb8f02dccc74b731cda364432f37c,.json,json_valid,mechanical_inventory_only
research/logs/checkpoints/n30/chunk_000120.json,historical_logs_and_experiments,48618,61dbedbb2b4e9daeab59c9d57584d714de2da135f601b5028e4cd60c9ae7de21,.json,json_valid,mechanical_inventory_only
research/logs/checkpoints/n30/chunk_000121.json,historical_logs_and_experiments,48638,56e7ca5f97b5cc9b70e2e81e863c24f10ab001116c84c030f44a9e607e568e30,.json,json_valid,mechanical_inventory_only
research/logs/checkpoints/n30/chunk_000122.json,historical_logs_and_experiments,48652,a09fc88be5f618924f2049c80a51c54f7e5fe857de92aa82b3f2b51e611a51dd,.json,json_valid,mechanical_inventory_only
research/logs/checkpoints/n30/chunk_000123.json,historical_logs_and_experiments,48626,3b5b5b1e871f04e851913554bb1acc55bf838ac8fb26b50f6d9d41319f17773a,.json,json_valid,mechanical_inventory_only
research/logs/checkpoints/n30/chunk_000124.json,historical_logs_and_experiments,48619,5d1ac4d913e0bfa7039e6a05dbf68884225433d0bfdd091440368b5f7aa680da,.json,json_valid,mechanical_inventory_only
research/logs/checkpoints/n30/chunk_000125.json,historical_logs_and_experiments,48625,583a238d8d468fe338389498eed49fefb41dee5c146006f194ca2f7453a4fc54,.json,json_valid,mechanical_inventory_only
research/logs/checkpoints/n30/chunk_000126.json,historical_logs_and_experiments,48615,259dc9a7b96b78f1a2056140b1cf8be56b03957e91ebb7faf80acb70099cd89f,.json,json_valid,mechanical_inventory_only
research/logs/checkpoints/n30/chunk_000127.json,historical_logs_and_experiments,48177,c8735bbe27ff6e8e9e0248bbe0802c08f224c6add59da2f81c6b81d1c9ff5615,.json,json_valid,mechanical_inventory_only
research/logs/checkpoints/n30/chunk_000128.json,historical_logs_and_experiments,48579,3a95a82fe0eef374b5c4189a0e549fd8f26babc46badc4852bd5579d2230255a,.json,json_valid,mechanical_inventory_only
research/logs/checkpoints/n30/chunk_000129.json,historical_logs_and_experiments,48624,a640f994e294da7c69c38be9260ee7ad977312f77e0eb18edc9cb4b2cf404438,.json,json_valid,mechanical_inventory_only
research/logs/checkpoints/n30/chunk_000130.json,historical_logs_and_experiments,48642,9cdba75de95e327a2cf6f0481e3cb765880d8060ec468c530714889a8f3f14fe,.json,json_valid,mechanical_inventory_only
research/logs/checkpoints/n30/chunk_000131.json,historical_logs_and_experiments,48171,80545cb6012b7a140c9ad32244c557c034d2e6aa57e9d668ec71fbc368e3fed9,.json,json_valid,mechanical_inventory_only
research/logs/checkpoints/n30/chunk_000132.json,historical_logs_and_experiments,48185,1bde91679cbabed2c7acc42c401df70fb9be9f598d3772a14ac4d5cad35804ac,.json,json_valid,mechanical_inventory_only
research/logs/checkpoints/n30/chunk_000133.json,historical_logs_and_experiments,48213,2ba0856d51c93f5cdddf322f56823e1e57f6c5bce176e6c652dab9f5801e6166,.json,json_valid,mechanical_inventory_only
research/logs/checkpoints/n30/chunk_000134.json,historical_logs_and_experiments,48225,8c0cbebf61b9cef648e78d83f034b081f72dcf57b5d01a90146dff9307301d37,.json,json_valid,mechanical_inventory_only
research/logs/checkpoints/n30/chunk_000135.json,historical_logs_and_experiments,48241,ee5a23a389e87ad55a98fb6e4f7d239ec7fe0bf4fa24471ae6d1fc0f54223610,.json,json_valid,mechanical_inventory_only
research/logs/checkpoints/n30/chunk_000136.json,historical_logs_and_experiments,48577,eb87f7b3c3c6b44bcfd9c8c91d9c99cd1947ff3f165a38e37627d3a50eb09797,.json,json_valid,mechanical_inventory_only
research/logs/checkpoints/n30/chunk_000137.json,historical_logs_and_experiments,48612,b6a9717474c39ab108ae7fd592e70560a7054142512b5468bf41bf2e50477a9b,.json,json_valid,mechanical_inventory_only
research/logs/checkpoints/n30/chunk_000138.json,historical_logs_and_experiments,48630,6d1739fc0424bf89f93a4d71996619890516e43eac80afbdc9c7acf37285bfc2,.json,json_valid,mechanical_inventory_only
research/logs/checkpoints/n30/chunk_000139.json,historical_logs_and_experiments,48657,df35ac4486e28b32f6868d3d26dd991cdec7b7c6e033605247e4e9f918144c8b,.json,json_valid,mechanical_inventory_only
research/logs/checkpoints/n30/chunk_000140.json,historical_logs_and_experiments,48615,b5a889de9098902ccefb413798113127f7c29e5c192fb45339ec33eba6609691,.json,json_valid,mechanical_inventory_only
research/logs/checkpoints/n30/chunk_000141.json,historical_logs_and_experiments,48620,375fb260303f23d59550103313bac8614f86530b82f36d04b1cbd750da51c5da,.json,json_valid,mechanical_inventory_only
research/logs/checkpoints/n30/chunk_000142.json,historical_logs_and_experiments,48649,0fb22689e0fb0d6d4cae0dbe855a7af5b3af5d838bd0f37d42d1280807901e54,.json,json_valid,mechanical_inventory_only
research/logs/checkpoints/n30/chunk_000143.json,historical_logs_and_experiments,48667,d2faee53d12756d35833bb2f42c080ff87ee65cae4eec7caf3cc6295ea73bd81,.json,json_valid,mechanical_inventory_only
research/logs/checkpoints/n30/chunk_000144.json,historical_logs_and_experiments,48191,8971eac670e786452856a92389e18187c3ffa975d32683885b4deca22545e354,.json,json_valid,mechanical_inventory_only
research/logs/checkpoints/n30/chunk_000145.json,historical_logs_and_experiments,48206,5982076d0af7bc480bbb786bca77e6e5f56f5151bb1b128808bb49e62a8f0b5d,.json,json_valid,mechanical_inventory_only
research/logs/checkpoints/n30/chunk_000146.json,historical_logs_and_experiments,48164,6dc1a319b7d46bb5beab25e66c43681668d3c87044e8750014c46528a98f3b51,.json,json_valid,mechanical_inventory_only
research/logs/checkpoints/n30/chunk_000147.json,historical_logs_and_experiments,48220,aff4f619845c6a73058f0b1222e27c33c7d2014c1aaf28d3422faf2043777dcb,.json,json_valid,mechanical_inventory_only
research/logs/checkpoints/n30/chunk_000148.json,historical_logs_and_experiments,48213,0ada19193e86d3ec3bf40dd67ede31fab869a318048972e025f433e022b53577,.json,json_valid,mechanical_inventory_only
research/logs/checkpoints/n30/chunk_000149.json,historical_logs_and_experiments,48170,08f1cf7390c4b77371d257a7b7755936904c4382463595ab4a783ecc9fd990f6,.json,json_valid,mechanical_inventory_only
research/logs/checkpoints/n30/chunk_000150.json,historical_logs_and_experiments,48625,d533691eeb07daa89d889868eeb2bb4d30c6a505d880c5c11535adefc76e05b5,.json,json_valid,mechanical_inventory_only
research/logs/checkpoints/n30/chunk_000151.json,historical_logs_and_experiments,48641,050fbd6b4dba0befbeb096247438bf92abe3d5a0e02d62dbb5bf7746c79f285e,.json,json_valid,mechanical_inventory_only
research/logs/checkpoints/n30/chunk_000152.json,historical_logs_and_experiments,48604,3dd9a698c9d669fc69f59bed879d96ca0323522a9ad5e2a47a73a1ac7b6dab99,.json,json_valid,mechanical_inventory_only
research/logs/checkpoints/n30/chunk_000153.json,historical_logs_and_experiments,48632,eebaa9f02a59931a7d109480d086ea9685dd48d561bb501d5c67983e1d7e8049,.json,json_valid,mechanical_inventory_only
research/logs/checkpoints/n30/chunk_000154.json,historical_logs_and_experiments,48623,dca85935ad453b2b0594643e1c89299323305b63dc56a8dd3a690eddc4cd97e9,.json,json_valid,mechanical_inventory_only
research/logs/checkpoints/n30/chunk_000155.json,historical_logs_and_experiments,48641,333870a4a593c240c6a0035fb6b04952dfb046299c92c0bcfdf127632581452a,.json,json_valid,mechanical_inventory_only
research/logs/checkpoints/n30/chunk_000156.json,historical_logs_and_experiments,48598,3391406b39854dccc9224192ca8cde4c74d5ed26bada1bfe1269f4631c90d866,.json,json_valid,mechanical_inventory_only
research/logs/checkpoints/n30/chunk_000157.json,historical_logs_and_experiments,48665,f278c6b3d205c64971526c3faaebc5aa9bd2429cf6777dff0a5ae82145e16e25,.json,json_valid,mechanical_inventory_only
research/logs/checkpoints/n30/chunk_000158.json,historical_logs_and_experiments,48652,a30709b2668582c3ffb690d323ea226e7aba0be17295266c9311988244184cb3,.json,json_valid,mechanical_inventory_only
research/logs/checkpoints/n30/chunk_000159.json,historical_logs_and_experiments,48552,8c64c477d1ce21c5480339d5103ca82b01fc23bdaf753d3e21ca1a45d9a1c57a,.json,json_valid,mechanical_inventory_only
research/logs/checkpoints/n30/chunk_000160.json,historical_logs_and_experiments,48656,6ebcc256f4fc36dbf3cec62ae2580d4be0ad7bb8f6f30b5644326378b83cee8f,.json,json_valid,mechanical_inventory_only
research/logs/checkpoints/n30/chunk_000161.json,historical_logs_and_experiments,48582,5ea63de41b16548a739fdd4cae0b901bedb379c8109f7c9c72b9e8e72fda7cfb,.json,json_valid,mechanical_inventory_only
research/logs/checkpoints/n30/chunk_000162.json,historical_logs_and_experiments,48626,1aec1af9db758cbac7a3ec90583d0444abb17f3b4243b59f509cd252f611e31f,.json,json_valid,mechanical_inventory_only
research/logs/checkpoints/n30/chunk_000163.json,historical_logs_and_experiments,48635,9bd2f7420297285ed665b1480ed89894b1b00750c34abaad09d826b0721f78ad,.json,json_valid,mechanical_inventory_only
research/logs/checkpoints/n30/chunk_000164.json,historical_logs_and_experiments,48652,cffb7e80004d8d7305944f501b6b63808b0241148b43d106d2728e4025117530,.json,json_valid,mechanical_inventory_only
research/logs/checkpoints/n30/chunk_000165.json,historical_logs_and_experiments,48645,c3ea2a93384284a6edba6307ae33b9a8740c464d6fecbc490906ea1999d3bea4,.json,json_valid,mechanical_inventory_only
research/logs/checkpoints/n30/chunk_000166.json,historical_logs_and_experiments,48638,129688bac41cbefe71428606640957a6fb7955647b097eea0aa1b0010451cbb0,.json,json_valid,mechanical_inventory_only
research/logs/checkpoints/n30/chunk_000167.json,historical_logs_and_experiments,48602,f120182e5052defe662634282c57979e02af9f81009b236c19e09e7c47eeedb5,.json,json_valid,mechanical_inventory_only
research/logs/checkpoints/n30/chunk_000168.json,historical_logs_and_experiments,48652,d4827ab424de2ce3e3e84c666e179e3414095325c1ad8e41568a4043630b2dbf,.json,json_valid,mechanical_inventory_only
research/logs/checkpoints/n30/chunk_000169.json,historical_logs_and_experiments,48602,7f281a8fefcaf44f9e9d7cd537978fb9a62d7d33fec755504bf96a243caf24ad,.json,json_valid,mechanical_inventory_only
research/logs/checkpoints/n30/chunk_000170.json,historical_logs_and_experiments,48671,e118e2e17563214a22126dd327a4dca0274f0c36f2c531dba6f37c073d3d929c,.json,json_valid,mechanical_inventory_only
research/logs/checkpoints/n30/chunk_000171.json,historical_logs_and_experiments,48168,164e549140f51a0c1a7b7e9becfa1acee311d43b8e75ce9c298ad1070fa3cb8b,.json,json_valid,mechanical_inventory_only
research/logs/checkpoints/n30/chunk_000172.json,historical_logs_and_experiments,48216,81ef5b55b741f09b1899bab33905f687de67396c3c5abd48f4deadbd22a9fb63,.json,json_valid,mechanical_inventory_only
research/logs/checkpoints/n30/chunk_000173.json,historical_logs_and_experiments,48172,998b90a5a66c67433f1fa20d055a9c73d8913523ec7f94f92e56ccc8c5a1a456,.json,json_valid,mechanical_inventory_only
research/logs/checkpoints/n30/chunk_000174.json,historical_logs_and_experiments,48623,1e4576587fe3271525a78eec7c5778cc0d0c547e6967d505de9769396baa41a5,.json,json_valid,mechanical_inventory_only
research/logs/checkpoints/n30/chunk_000175.json,historical_logs_and_experiments,48587,4daeea978316145d9f5e3a41866fd5333ea7c3fbcbd00699472e8bfab87a9b0d,.json,json_valid,mechanical_inventory_only
research/logs/checkpoints/n30/chunk_000176.json,historical_logs_and_experiments,48620,2420473c957a11e7e0c8a7093f3404497f4fa5a68360de7641edab739d590bbf,.json,json_valid,mechanical_inventory_only
research/logs/checkpoints/n30/chunk_000177.json,historical_logs_and_experiments,48612,2eacfe40d1611ed601ef687a1c42d4b32095a4f9a78e88a04c228062f0ac4d73,.json,json_valid,mechanical_inventory_only
research/logs/checkpoints/n30/chunk_000178.json,historical_logs_and_experiments,48607,a6e04a87ced33dc88ce840fa9b942e3f6f603bf636aafc80a36332b016ea0e48,.json,json_valid,mechanical_inventory_only
research/logs/checkpoints/n30/chunk_000179.json,historical_logs_and_experiments,48618,e0a139f22a4ee82c511b73d9cbc30b6aa8b660ebff7c9a1e8837a69e522b30b6,.json,json_valid,mechanical_inventory_only
research/logs/checkpoints/n30/chunk_000180.json,historical_logs_and_experiments,48631,8820db461ce06ad5114851ae1dedb4b24f4b81951d789ee85c0041911cc104e2,.json,json_valid,mechanical_inventory_only
research/logs/checkpoints/n30/chunk_000181.json,historical_logs_and_experiments,48607,c0069c75e3dcb57671c72fac4a0a2021658ac2cc78db62604f0273878faf452a,.json,json_valid,mechanical_inventory_only
research/logs/checkpoints/n30/chunk_000182.json,historical_logs_and_experiments,48580,f9b3b769c79a0d856080ea8c3ef9d9282649a7bcf1431906efcd167029be0f7c,.json,json_valid,mechanical_inventory_only
research/logs/checkpoints/n30/chunk_000183.json,historical_logs_and_experiments,48700,90742a1d1c4784b07c730f9436131412af3f23af7adcd68a98783a0b4904459e,.json,json_valid,mechanical_inventory_only
research/logs/checkpoints/n30/chunk_000184.json,historical_logs_and_experiments,48614,9991f95efb208cb99574c6a634cf8f3787617d629cc7aeb1829cb017c7eaa386,.json,json_valid,mechanical_inventory_only
research/logs/checkpoints/n30/chunk_000185.json,historical_logs_and_experiments,48580,40389a90e9f5079bb018a623c7873aae02618af2ed579473f89e5c92cbc4ee08,.json,json_valid,mechanical_inventory_only
research/logs/checkpoints/n30/chunk_000186.json,historical_logs_and_experiments,48622,c259febf48f870f502e334be372cce42a8d800a4b313d306bd1d9da1c607eb11,.json,json_valid,mechanical_inventory_only
research/logs/checkpoints/n30/chunk_000187.json,historical_logs_and_experiments,48617,a10cedda23923638d605bbbb9e6d4333783cfb7f6aa779ec5647c7e47e949fa5,.json,json_valid,mechanical_inventory_only
research/logs/checkpoints/n30/chunk_000188.json,historical_logs_and_experiments,48575,ef4a91f05d85f02f1018b87af1c780f2c80dd106dbb5fc1943815f6a4abb983f,.json,json_valid,mechanical_inventory_only
research/logs/checkpoints/n30/chunk_000189.json,historical_logs_and_experiments,48617,bf09797845e4fd4e40548a312aad83acdcd7c77cf7d3a3c88ac1804bd358e43e,.json,json_valid,mechanical_inventory_only
research/logs/checkpoints/n30/chunk_000190.json,historical_logs_and_experiments,48598,7b650ff9be3a87fcfd24265b76f2b98350a46d64b1aa5eb0629102ada5250e02,.json,json_valid,mechanical_inventory_only
research/logs/checkpoints/n30/chunk_000191.json,historical_logs_and_experiments,48617,c9f2fff36da7d1b187b509d56fb3696676d10da267bf5eb8ec2a35545b29c7e6,.json,json_valid,mechanical_inventory_only
research/logs/checkpoints/n30/chunk_000192.json,historical_logs_and_experiments,48161,1723d3f547fb0dd5fb09b8124379be4825d25fd9bb9d3726d66dfe2851c80f08,.json,json_valid,mechanical_inventory_only
research/logs/checkpoints/n30/chunk_000193.json,historical_logs_and_experiments,48607,cf3077da7aea9ea52ba25f6aac1d98c07432b9add5e245276d8521e04d32f458,.json,json_valid,mechanical_inventory_only
research/logs/checkpoints/n30/chunk_000194.json,historical_logs_and_experiments,48643,097355530cee8eb589b2606de5a4fff41053164960ea27c6d5f7fd9a27d65c29,.json,json_valid,mechanical_inventory_only
research/logs/checkpoints/n30/chunk_000195.json,historical_logs_and_experiments,48644,58c96625d07149fc33d3d7e6843fa506ebecef4987a5523b04edae5b3ef126a8,.json,json_valid,mechanical_inventory_only
research/logs/checkpoints/n30/chunk_000196.json,historical_logs_and_experiments,48639,3b0bc7e53d654fb315b0137e6efc5a06866f3028c6d7f8e76caa59182aa0a026,.json,json_valid,mechanical_inventory_only
research/logs/checkpoints/n30/chunk_000197.json,historical_logs_and_experiments,48155,99b2e9f4346266d3f5dde48b43da508ca7f2a7f7bad8e57204cef22100375cf9,.json,json_valid,mechanical_inventory_only
research/logs/checkpoints/n30/chunk_000198.json,historical_logs_and_experiments,48636,5cee2f89faf90368cbd3a85967fdc018125da2daf5016ad14663b0938d906e09,.json,json_valid,mechanical_inventory_only
research/logs/checkpoints/n30/chunk_000199.json,historical_logs_and_experiments,48629,798ba1fb5f399b4161410ef447fe7a6438c9ae0ec3656afabc99a095b55ee26a,.json,json_valid,mechanical_inventory_only
research/logs/checkpoints/n30/chunk_000200.json,historical_logs_and_experiments,48577,59424e468f29eaa98fbff4e13311c81c0933ee552df0d26f101a51a7cef11a31,.json,json_valid,mechanical_inventory_only
research/logs/checkpoints/n30/chunk_000201.json,historical_logs_and_experiments,48579,9b852f6491735392626ee066a74cf051c8351b00d8178285d3c76855615be65d,.json,json_valid,mechanical_inventory_only
research/logs/checkpoints/n30/chunk_000202.json,historical_logs_and_experiments,48650,ae879f99d9bed9bfd90dc5b308e74f5a2e62147731091f4a6fbeb7e1491a682f,.json,json_valid,mechanical_inventory_only
research/logs/checkpoints/n30/chunk_000203.json,historical_logs_and_experiments,49028,ebef80aca5cd6b36a545395c43961f368a58585f95500903f0c6030beb45179d,.json,json_valid,mechanical_inventory_only
research/logs/checkpoints/n30/chunk_000204.json,historical_logs_and_experiments,49039,19864c6fff4e0bb6468d3be710d1dfdfeb2a4c762e32b4aa6abb10149b32d3bf,.json,json_valid,mechanical_inventory_only
research/logs/checkpoints/n30/chunk_000205.json,historical_logs_and_experiments,49033,acea9d76f6a2f5fe455e21ed09dfd2c81dab03db406270ef6ad1535e3e7376aa,.json,json_valid,mechanical_inventory_only
research/logs/checkpoints/n30/chunk_000206.json,historical_logs_and_experiments,49030,d9609f2dfe9693a244c665954bb44f9a1b17ca1a92b012b60ee3160c2b56a72f,.json,json_valid,mechanical_inventory_only
research/logs/checkpoints/n30/chunk_000207.json,historical_logs_and_experiments,48636,ad8252595652f91188dbbeb755d64efdccaa1fd8596e60cbc15b8bcdf9b0e8b1,.json,json_valid,mechanical_inventory_only
research/logs/checkpoints/n30/chunk_000208.json,historical_logs_and_experiments,48618,526ff9ca975595f02cab2e051a6ce3c5f7dcddafaad3c24df7e7542748b69589,.json,json_valid,mechanical_inventory_only
research/logs/checkpoints/n30/chunk_000209.json,historical_logs_and_experiments,49095,cbb7bcc0338c9cc2f3ababc78f5f78ab9d01a57683ccefd5d5469ece6e719faf,.json,json_valid,mechanical_inventory_only
research/logs/checkpoints/n30/chunk_000210.json,historical_logs_and_experiments,49143,355cf392909e5fa9a1250f7052975c57c29fd4b393caa660206fc61c98bc67dd,.json,json_valid,mechanical_inventory_only
research/logs/checkpoints/n30/chunk_000211.json,historical_logs_and_experiments,48047,6c129e953fdc2ec7a3fa9d5aa259c3ace4eec90aee67027d924766dc07bc8747,.json,json_valid,mechanical_inventory_only
research/logs/checkpoints/n30/chunk_000212.json,historical_logs_and_experiments,48123,d6519f1ab2c607d21a6c04d81248ec4d48790115fda2b2420ea5c2ba613a2a4d,.json,json_valid,mechanical_inventory_only
research/logs/checkpoints/n30/chunk_000213.json,historical_logs_and_experiments,48240,2208747bcba3c3c431ee287cda33b544d1f396f205ebd83f8d11fe1855ee5823,.json,json_valid,mechanical_inventory_only
research/logs/checkpoints/n30/chunk_000214.json,historical_logs_and_experiments,48139,a4b67532b527e9b91f3b02a990ef8778a9b54fd7fa2bdce7c42f12edb1f91fd8,.json,json_valid,mechanical_inventory_only
research/logs/checkpoints/n30/chunk_000215.json,historical_logs_and_experiments,48206,2b33304b461f5331b5965f5fc7bc059b2f9d25ab3956935b73610f5781b3284d,.json,json_valid,mechanical_inventory_only
research/logs/checkpoints/n30/chunk_000216.json,historical_logs_and_experiments,48185,8b9e4fe361327de0dc195791f7ac8e87e46b43ecdb7be3ac4d4acf2be3c29884,.json,json_valid,mechanical_inventory_only
research/logs/checkpoints/n30/chunk_000217.json,historical_logs_and_experiments,48179,30fc557e0a2694717e3647005f3fd752061cc38cae37ed4553a1c708410c19b1,.json,json_valid,mechanical_inventory_only
research/logs/checkpoints/n30/chunk_000218.json,historical_logs_and_experiments,47701,89b57a9f47feb6975890c057bc01381f2a9f59c0488c58fc2b765219fec3257a,.json,json_valid,mechanical_inventory_only
research/logs/checkpoints/n30/chunk_000219.json,historical_logs_and_experiments,48190,5d7daec38e35757fcf24a6289d2f15f872248815e9aef3112063adee3fd4d139,.json,json_valid,mechanical_inventory_only
research/logs/checkpoints/n30/chunk_000220.json,historical_logs_and_experiments,48194,1254147f9aa1dcdaf46654e7358dc2c8e627bfe260618abf9dee83b4af07af72,.json,json_valid,mechanical_inventory_only
research/logs/checkpoints/n30/chunk_000221.json,historical_logs_and_experiments,48611,cab2f0b8681a9058cb1973e1fa87d2a81443226a6701f19ac151d9bf15f08e3a,.json,json_valid,mechanical_inventory_only
research/logs/checkpoints/n30/chunk_000222.json,historical_logs_and_experiments,48150,1227206ae0356205f8ba18dd81cacdc707d6a03f43832abcb6ece3e6d7976b5a,.json,json_valid,mechanical_inventory_only
research/logs/checkpoints/n30/chunk_000223.json,historical_logs_and_experiments,48216,2df34873cfb4a435fe72e0297dbeae3113d48bd15a12e1189cd97d5308b1897a,.json,json_valid,mechanical_inventory_only
research/logs/checkpoints/n30/chunk_000224.json,historical_logs_and_experiments,48139,28731f53f76c6e47351a0ef78117f0ec988d8277f56e0d7f20a51f199ba9f262,.json,json_valid,mechanical_inventory_only
research/logs/checkpoints/n30/chunk_000225.json,historical_logs_and_experiments,48200,214dff6e89245023f25334ae504c080a2c352191ba3da796fb61d89b27f52aa7,.json,json_valid,mechanical_inventory_only
research/logs/checkpoints/n30/chunk_000226.json,historical_logs_and_experiments,48169,79d7f3d2a10f1823446b35fecbf730b5fdc191d33cb9c04537ecd64263d4f304,.json,json_valid,mechanical_inventory_only
research/logs/checkpoints/n30/chunk_000227.json,historical_logs_and_experiments,48130,f241ebbe6fb172199bbb1262db12de3ba9095a1ab0494dcb675d8ce518871caa,.json,json_valid,mechanical_inventory_only
research/logs/checkpoints/n30/chunk_000228.json,historical_logs_and_experiments,48187,6d66a4ac29734cfd7f5876c46bc3780c7ec7e7fd366e9aa65993f7daa5400519,.json,json_valid,mechanical_inventory_only
research/logs/checkpoints/n30/chunk_000229.json,historical_logs_and_experiments,48145,fef56afc61a9522fa47a8fa516eaa959412a335de124b6c5e2ff891910e4b377,.json,json_valid,mechanical_inventory_only
research/logs/checkpoints/n30/chunk_000230.json,historical_logs_and_experiments,48189,55e042c11c7d3f58a41af9e04e9c97765260d578e2eb7c2fc6dd2862ed2f7451,.json,json_valid,mechanical_inventory_only
research/logs/checkpoints/n30/chunk_000231.json,historical_logs_and_experiments,48243,8d32cb0ff76526593a1579d913862cd02bb690d6314cf1d4e95575aaea2ae26b,.json,json_valid,mechanical_inventory_only
research/logs/checkpoints/n30/chunk_000232.json,historical_logs_and_experiments,48126,d7b37a539328f640330296cf12170a3b187b47b0e85702b76d09580f8fd1fa07,.json,json_valid,mechanical_inventory_only
research/logs/checkpoints/n30/chunk_000233.json,historical_logs_and_experiments,48192,4fe4a1203aa996d7dce1b68f44b9363f4ec0cc40d91e8aa1324bd4b64244ef4c,.json,json_valid,mechanical_inventory_only
research/logs/checkpoints/n30/chunk_000234.json,historical_logs_and_experiments,48120,4adde7b1be5e9b23cd7667b8df5da2b4f4a961249914bc07986397647d460bba,.json,json_valid,mechanical_inventory_only
research/logs/checkpoints/n30/chunk_000235.json,historical_logs_and_experiments,48642,a1acfe3ce3312b4f94fdca95f269ca18913907fd6b7d067f6148ba700d009340,.json,json_valid,mechanical_inventory_only
research/logs/checkpoints/n30/chunk_000236.json,historical_logs_and_experiments,48160,bbae08f8de55455d579f445962f244d5c68879c0fcfa9d758c789d2a14ab52c2,.json,json_valid,mechanical_inventory_only
research/logs/checkpoints/n30/chunk_000237.json,historical_logs_and_experiments,48192,86cb931e764a2a122dc1b0f7187e1ba8a0db87a1f5f8269a4ec2ad8ffc39a1b1,.json,json_valid,mechanical_inventory_only
research/logs/checkpoints/n30/chunk_000238.json,historical_logs_and_experiments,48180,a440208f0fbfa756bf2a21f6ce00c74522bae8ae27595869edd07a460554c50c,.json,json_valid,mechanical_inventory_only
research/logs/checkpoints/n30/chunk_000239.json,historical_logs_and_experiments,48138,3f1af91f9d7e062f4a30056b6767bfefa8b248e6f2e15e4ca848e822f2b839ec,.json,json_valid,mechanical_inventory_only
research/logs/checkpoints/n30/chunk_000240.json,historical_logs_and_experiments,48653,9a3791c565e4a7a9b643783aaa68fe5d3d42edd412a49312e3447d8bd2540299,.json,json_valid,mechanical_inventory_only
research/logs/checkpoints/n30/chunk_000241.json,historical_logs_and_experiments,48212,cb48e5d70efb9e4dfa11dd60ae97eeb407b1a767b21bdd4bb86036cc850de1bc,.json,json_valid,mechanical_inventory_only
research/logs/checkpoints/n30/chunk_000242.json,historical_logs_and_experiments,48187,8e7624fac77e2623e72d4d85ddec8d94b8c2312beec102e9d280734af9685463,.json,json_valid,mechanical_inventory_only
research/logs/checkpoints/n30/chunk_000243.json,historical_logs_and_experiments,48595,cf0d8dda01de5a769652e3df3b09445dd2ff9023cdef3943407af28b068a5f9e,.json,json_valid,mechanical_inventory_only
research/logs/checkpoints/n30/chunk_000244.json,historical_logs_and_experiments,48300,dc3b56a341cfc0062b985f7dcbd81b206f758b164dfaa6d38c78e9b1865cc24a,.json,json_valid,mechanical_inventory_only
research/logs/checkpoints/n30/chunk_000245.json,historical_logs_and_experiments,48282,220fabbbb3d51484c5271c24b1ae24db2f1918e477546213a12f7a60d11d3a7b,.json,json_valid,mechanical_inventory_only
research/logs/checkpoints/n30/chunk_000246.json,historical_logs_and_experiments,48296,55f43ad201fc4479d73665ec278ea8179e63c6cb38f7553856c790a2d5c9bc43,.json,json_valid,mechanical_inventory_only
research/logs/checkpoints/n30/chunk_000247.json,historical_logs_and_experiments,48775,3739a4da8e7dc4f1fc206805f98b09f48ce719758970bb2c120a645743390286,.json,json_valid,mechanical_inventory_only
research/logs/checkpoints/n30/chunk_000248.json,historical_logs_and_experiments,48275,6963a70d37e79ef248b4482c8d8ea01379dac8b4f0c66b8bfd9bdac9b133a0cc,.json,json_valid,mechanical_inventory_only
research/logs/checkpoints/n30/chunk_000249.json,historical_logs_and_experiments,48256,c589a59e5de8316e7362e9cb02bcf745d96b7524f3676886c935440c985d8426,.json,json_valid,mechanical_inventory_only
research/logs/checkpoints/n30/chunk_000250.json,historical_logs_and_experiments,48731,788d4da34679318223918d11577899d3a6cf29e4b1a949d483ba816df4045d9f,.json,json_valid,mechanical_inventory_only
research/logs/checkpoints/n30/chunk_000251.json,historical_logs_and_experiments,48760,c4da809acf6e40ac0fb54d2167c896f7a3235cfc08ff7659b0c2340b5417efd3,.json,json_valid,mechanical_inventory_only
research/logs/checkpoints/n30/chunk_000252.json,historical_logs_and_experiments,48259,66092dd54774053525e8e5fcce3aa2030fb17a3d2b5668a19f9e7de4fcce7d46,.json,json_valid,mechanical_inventory_only
research/logs/checkpoints/n30/chunk_000253.json,historical_logs_and_experiments,48735,b55303f1c87cdf1dfefdf7e98db6142d6f2011cd2f1fa2f52c15177da46f7e51,.json,json_valid,mechanical_inventory_only
research/logs/checkpoints/n30/chunk_000254.json,historical_logs_and_experiments,48728,750224d59478b33ade9b29884491cb566fa8cea2846b6fc9f7773d3a95416caa,.json,json_valid,mechanical_inventory_only
research/logs/checkpoints/n30/chunk_000255.json,historical_logs_and_experiments,48720,3cc1f18423bd1f306bc2b6af99005690f29c6a127e00a25ecb3c10fe6d37e994,.json,json_valid,mechanical_inventory_only
research/logs/checkpoints/n30/chunk_000256.json,historical_logs_and_experiments,48710,fa3c9e81d834836c8d538bd04f32917681cdd5aab3038cfa858a03d145eca8a9,.json,json_valid,mechanical_inventory_only
research/logs/checkpoints/n30/chunk_000257.json,historical_logs_and_experiments,48725,e432d065794cc8faf3c9b97e455eebc0d389fd3739ce6db735c01305b333712c,.json,json_valid,mechanical_inventory_only
research/logs/checkpoints/n30/chunk_000258.json,historical_logs_and_experiments,48741,7fa85aa58d7eb13b5164ab225190ff1f71e5afcab32d8a6b2c49f83b19cae8c3,.json,json_valid,mechanical_inventory_only
research/logs/checkpoints/n30/chunk_000259.json,historical_logs_and_experiments,48280,812d159f5268ab273c13b0edb6c256765977b139a7d110e37727c2245291bd6b,.json,json_valid,mechanical_inventory_only
research/logs/checkpoints/n30/chunk_000260.json,historical_logs_and_experiments,48320,43e2e4b38f625b1c9d4c648f9f7f860d14ecb20717b26605b0887f844ee1d4af,.json,json_valid,mechanical_inventory_only
research/logs/checkpoints/n30/chunk_000261.json,historical_logs_and_experiments,48277,c4ba8b64c647a5c8d9f2d8ecc11a7c9e0dd3039dd781ef1deab18d03b6937ccd,.json,json_valid,mechanical_inventory_only
research/logs/checkpoints/n30/chunk_000262.json,historical_logs_and_experiments,48272,7c0f72e0d1b9f6bb944d3c694f26bea970bdbffaec1e9f8b084752d43df09b35,.json,json_valid,mechanical_inventory_only
research/logs/checkpoints/n30/chunk_000263.json,historical_logs_and_experiments,48259,4a5e4da83911f08f99a741095aad1c4a0305a8473ad179a82d9a41c6c152f3ef,.json,json_valid,mechanical_inventory_only
research/logs/checkpoints/n30/chunk_000264.json,historical_logs_and_experiments,48259,d162169d731553e4d288ece57b1a8bd7e510666642772f0145ad387bc4d46bdd,.json,json_valid,mechanical_inventory_only
research/logs/checkpoints/n30/chunk_000265.json,historical_logs_and_experiments,48238,950584691f2a960bee2ffe8eaabefad04ea62a51e9316370d4f249066aa16b7f,.json,json_valid,mechanical_inventory_only
research/logs/checkpoints/n30/chunk_000266.json,historical_logs_and_experiments,48263,14942757aad1bf3da8d938bf450a3d7ffaab3d81daffe710e2ab11fd9be6cc06,.json,json_valid,mechanical_inventory_only
research/logs/checkpoints/n30/chunk_000267.json,historical_logs_and_experiments,48789,0d4879918a0209a624c3edac0574e381b02a99d81842008894e3f92682c6278d,.json,json_valid,mechanical_inventory_only
research/logs/checkpoints/n30/chunk_000268.json,historical_logs_and_experiments,48313,751002a6f51477823a8dd5efb996e305038c400d268c6989b9f452a6b16cc22b,.json,json_valid,mechanical_inventory_only
research/logs/checkpoints/n30/chunk_000269.json,historical_logs_and_experiments,48277,a43de6368c9008b89d0643eee3312711752b22367d60d9efc2a0f5fee5c54df5,.json,json_valid,mechanical_inventory_only
research/logs/checkpoints/n30/chunk_000270.json,historical_logs_and_experiments,48306,0d5fb8f7fbc5d556827a654cde70a38828ffeae36d329a3c88d5b9c5273297ca,.json,json_valid,mechanical_inventory_only
research/logs/checkpoints/n30/chunk_000271.json,historical_logs_and_experiments,48738,4cfcadd58976775c34c5c3e22fb876ab561d7069d0119df718a7623b9718265f,.json,json_valid,mechanical_inventory_only
research/logs/checkpoints/n30/chunk_000272.json,historical_logs_and_experiments,48244,d73281476c1447d180c67f4dc7ca9ca4158ebb0a535b9098cfd7e1c34d036d94,.json,json_valid,mechanical_inventory_only
research/logs/checkpoints/n30/chunk_000273.json,historical_logs_and_experiments,48329,1aac1b39756cff51b10c94c2378dbb742eb636648b4502808c5d772c7a58bc5e,.json,json_valid,mechanical_inventory_only
research/logs/checkpoints/n30/chunk_000274.json,historical_logs_and_experiments,48293,d1f4ee475ac13b67a76c962bf7b09051a3194bbbff4d4defd786b91321102cf3,.json,json_valid,mechanical_inventory_only
research/logs/checkpoints/n30/chunk_000275.json,historical_logs_and_experiments,48276,90d97f6cba72f78ebe4e2a57f1b165caf0445320f1c338534e4adb55f5990b42,.json,json_valid,mechanical_inventory_only
research/logs/checkpoints/n30/chunk_000276.json,historical_logs_and_experiments,48299,9522a46ad56919275028312a9be9fbdcfea2ed098317766641a26f22baaa6d40,.json,json_valid,mechanical_inventory_only
research/logs/checkpoints/n30/chunk_000277.json,historical_logs_and_experiments,48337,869ef747c96c3ad978a16e5bd5570794f39f45983cfdacb70fd5ae60f87ab751,.json,json_valid,mechanical_inventory_only
research/logs/checkpoints/n30/chunk_000278.json,historical_logs_and_experiments,48755,ff1afacd9caa7013353715bfc4568519c1b65eb66263a6ffb9f5d9a11b3517ef,.json,json_valid,mechanical_inventory_only
research/logs/checkpoints/n30/chunk_000279.json,historical_logs_and_experiments,48309,f1f0f0aa8f7e11e61302afd7b924ed56fe571e2c26c0e67797c76c6527147e57,.json,json_valid,mechanical_inventory_only
research/logs/checkpoints/n30/chunk_000280.json,historical_logs_and_experiments,48308,0aef23a0b2dfeadd82d94ce48758df563cb3e3961e17e58af90673382f8c9209,.json,json_valid,mechanical_inventory_only
research/logs/checkpoints/n30/chunk_000281.json,historical_logs_and_experiments,48254,2e256bc5e7f2b47d6db356972448784af0623b2c07dbdb4f3785e96da7edb7f1,.json,json_valid,mechanical_inventory_only
research/logs/checkpoints/n30/chunk_000282.json,historical_logs_and_experiments,48274,82dbffa951629531a9345007e43cc62875dce2d56cb59150deb01480faf705e9,.json,json_valid,mechanical_inventory_only
research/logs/checkpoints/n30/chunk_000283.json,historical_logs_and_experiments,48201,de4d9ec49943a86acbd2e285827667f98b2eb2ed16ba94d816bbea46c57ff520,.json,json_valid,mechanical_inventory_only
research/logs/checkpoints/n30/chunk_000284.json,historical_logs_and_experiments,48318,295a010d03b451a06a9f2d110dbcac0405db23fba37a80bc3f703ed204ca8cd6,.json,json_valid,mechanical_inventory_only
research/logs/checkpoints/n30/chunk_000285.json,historical_logs_and_experiments,48751,0d322ef8e0eead18b76b339828260e24e68625c58083974155d73c5a8bef0363,.json,json_valid,mechanical_inventory_only
research/logs/checkpoints/n30/chunk_000286.json,historical_logs_and_experiments,48234,19cbc4c7a13051fd36d669d0f8252d3a587cc17aff8e7df4af21b54c6ca7f171,.json,json_valid,mechanical_inventory_only
research/logs/checkpoints/n30/chunk_000287.json,historical_logs_and_experiments,48280,105440c936e52a83c11f8397bb80c660e2e972a67f56e95cf51d8d5ca893549d,.json,json_valid,mechanical_inventory_only
research/logs/checkpoints/n30/chunk_000288.json,historical_logs_and_experiments,48240,c6b0bae6a646b0aa59778a93b5d2fbfe71f31a5ce685ff15e9b540c8d25a03a8,.json,json_valid,mechanical_inventory_only
research/logs/checkpoints/n30/chunk_000289.json,historical_logs_and_experiments,48362,b188d47e3dde056a396ea4aff36c4f6ddaf8558c024e02b123c78fc6ca458eac,.json,json_valid,mechanical_inventory_only
research/logs/checkpoints/n30/chunk_000290.json,historical_logs_and_experiments,48274,06b1fdfe14517eb922d135e102b8fc059661f6a5e2dc3ac281343bce1ddc67cf,.json,json_valid,mechanical_inventory_only
research/logs/checkpoints/n30/chunk_000291.json,historical_logs_and_experiments,48230,6b9981eb5c46f32eded806111b187a5ebf3772dc19ef4b22116fef46922c2f94,.json,json_valid,mechanical_inventory_only
research/logs/checkpoints/n30/chunk_000292.json,historical_logs_and_experiments,48796,4726fba20d6651f97b79abe6378ddd9137fdc0488884d582c5dd9fcae250ea7f,.json,json_valid,mechanical_inventory_only
research/logs/checkpoints/n30/chunk_000293.json,historical_logs_and_experiments,48776,986a23c8a14517b669dcaaf8bf33170d96b9f56675047ad189478e6ac1e62190,.json,json_valid,mechanical_inventory_only
research/logs/checkpoints/n30/chunk_000294.json,historical_logs_and_experiments,48225,705c0bee21e30f946fea009ab06bf52c2b8b5dc7fa54485ba97ea116256235bc,.json,json_valid,mechanical_inventory_only
research/logs/checkpoints/n30/chunk_000295.json,historical_logs_and_experiments,48313,6198393564544ba02ac5cb0195baeaeb3c9ee9e4cbc59b806e3da1532720737d,.json,json_valid,mechanical_inventory_only
research/logs/checkpoints/n30/chunk_000296.json,historical_logs_and_experiments,48736,f5fb6dd0559497b08950f8cd35c4525f4b3288b8387dd4edc048c8ccea2a39ea,.json,json_valid,mechanical_inventory_only
research/logs/checkpoints/n30/chunk_000297.json,historical_logs_and_experiments,48187,d38c53dc6775f8da21c5620f0418c5650c8eac01588c1bbafb9624049fe06acc,.json,json_valid,mechanical_inventory_only
research/logs/checkpoints/n30/chunk_000298.json,historical_logs_and_experiments,48713,6ec7c8aae34914161a93035ab31ed63f971b6289c97b8d02b4146ddd6ba6c4fc,.json,json_valid,mechanical_inventory_only
research/logs/checkpoints/n30/chunk_000299.json,historical_logs_and_experiments,48747,38d28d221d4a39531e313fc74d60a44915d7be31be19e08898dc2e10c32ea889,.json,json_valid,mechanical_inventory_only
research/logs/checkpoints/n30/chunk_000300.json,historical_logs_and_experiments,48643,7e3c1c0f0d2565af8dbe01c4eeea5ea96b2d8e7fb109fc5eb388f87bbd9fe23a,.json,json_valid,mechanical_inventory_only
research/logs/checkpoints/n30/chunk_000301.json,historical_logs_and_experiments,48701,4f975d82a899eb0452d3f20069ec89682ee8753019be8106f6caa59f0d7cbf9a,.json,json_valid,mechanical_inventory_only
research/logs/checkpoints/n30/chunk_000302.json,historical_logs_and_experiments,48650,80dd15a29d958bf66e79b6ea98361a185729c863a628451678dc68e5bec4dce4,.json,json_valid,mechanical_inventory_only
research/logs/checkpoints/n30/chunk_000303.json,historical_logs_and_experiments,48693,d0a0eb9581f0a85ad85df9af1e7de8c0c876a70d997507a0c8565ba80686c407,.json,json_valid,mechanical_inventory_only
research/logs/checkpoints/n30/chunk_000304.json,historical_logs_and_experiments,48709,8546d4ff485dd098e568e42dbf98b0e4a96f7bd5bd02ca1cb1266c99e2fd4e05,.json,json_valid,mechanical_inventory_only
research/logs/checkpoints/n30/chunk_000305.json,historical_logs_and_experiments,48252,9821533497e771b2773821133a8e7b4bd5a357b69de8373d40063ee70930afd5,.json,json_valid,mechanical_inventory_only
research/logs/checkpoints/n30/chunk_000306.json,historical_logs_and_experiments,48208,9b688edfdf4b599d1c6058161abb2a89d029ada3eaa90c24c7a820ab9cfcf5ac,.json,json_valid,mechanical_inventory_only
research/logs/checkpoints/n30/chunk_000307.json,historical_logs_and_experiments,48665,c5c436f233c4020198e5a7de7af54b392f6b64116e7e67f8b06f7a3f348d1c10,.json,json_valid,mechanical_inventory_only
research/logs/checkpoints/n30/chunk_000308.json,historical_logs_and_experiments,48667,484b204c98dd2626a1ca8e04e31eb1c87dd017ee66a2f1f7522338f10146d339,.json,json_valid,mechanical_inventory_only
research/logs/checkpoints/n30/chunk_000309.json,historical_logs_and_experiments,48713,e44b7c90f60d027273d97ab311e71e2da83e230439adbda019517abab75cf245,.json,json_valid,mechanical_inventory_only
research/logs/checkpoints/n30/chunk_000310.json,historical_logs_and_experiments,48759,2035fc2245f6026e33b0747075428aef969438180aecf839e96120469e64ce71,.json,json_valid,mechanical_inventory_only
research/logs/checkpoints/n30/chunk_000311.json,historical_logs_and_experiments,48726,153f62dac65601bed3716ef09d234eb490f8530dc239f4679a97d8363821fbbd,.json,json_valid,mechanical_inventory_only
research/logs/checkpoints/n30/chunk_000312.json,historical_logs_and_experiments,48702,abdb342c94e217902ef7ada9bca6aac94a2ca83a04abde25cd7cd2a38b9806c9,.json,json_valid,mechanical_inventory_only
research/logs/checkpoints/n30/chunk_000313.json,historical_logs_and_experiments,48701,adab5c3615132c25699870badb63bc122f05847be7ece52c30f86b1fdc40e29b,.json,json_valid,mechanical_inventory_only
research/logs/checkpoints/n30/chunk_000314.json,historical_logs_and_experiments,48300,3e652e1233d252d6ad82360d9632ff4d943896949bb38ae4d607535c27fc0d6a,.json,json_valid,mechanical_inventory_only
research/logs/checkpoints/n30/chunk_000315.json,historical_logs_and_experiments,48271,7a0be527f2b7011f4716d862fbe9c6ba0783a7c4e74d7533440cc230508e03e6,.json,json_valid,mechanical_inventory_only
research/logs/checkpoints/n30/chunk_000316.json,historical_logs_and_experiments,48238,7cfabc04ab8630b9402b7ead7835e270572fd32acf78d0f8eb04952b6627b0f5,.json,json_valid,mechanical_inventory_only
research/logs/checkpoints/n30/chunk_000317.json,historical_logs_and_experiments,48203,5cbbdbd8fbef98d40c4a7cc909578f09800bcb085ebfe09206fc20df80dc2942,.json,json_valid,mechanical_inventory_only
research/logs/checkpoints/n30/chunk_000318.json,historical_logs_and_experiments,48230,fbaed4d5deb980a963c4343c51ac7428fbdd6dfb9056f99ecc630cb0aa356b23,.json,json_valid,mechanical_inventory_only
research/logs/checkpoints/n30/chunk_000319.json,historical_logs_and_experiments,48230,9f171fba5fb03c7d6ad4b3e00020535a21fb780460d26671135b82ca70e7cb00,.json,json_valid,mechanical_inventory_only
research/logs/checkpoints/n30/chunk_000320.json,historical_logs_and_experiments,48243,b98680dcd5a8e87da42fbc83d16e8b7b24e2eb9d681a949d432661fdd414255f,.json,json_valid,mechanical_inventory_only
research/logs/checkpoints/n30/chunk_000321.json,historical_logs_and_experiments,48232,399ae0e08cefd8d7d93f66386ac414b5bc7301ba2d2d15cbc32962d8b662c10f,.json,json_valid,mechanical_inventory_only
research/logs/checkpoints/n30/chunk_000322.json,historical_logs_and_experiments,48221,1e77188ac7c18f1fc8384d1511ef59efb8955a2c29cefa983aef35bd0437241e,.json,json_valid,mechanical_inventory_only
research/logs/checkpoints/n30/chunk_000323.json,historical_logs_and_experiments,48193,d8df15e19130bc7d37e06364da07cdd753354cad502879afb6923f903fa45e09,.json,json_valid,mechanical_inventory_only
research/logs/checkpoints/n30/chunk_000324.json,historical_logs_and_experiments,48296,dc6a9aef4fcf32dcf529341224ab86b30040a8936152c1e6e097ea18851e499e,.json,json_valid,mechanical_inventory_only
research/logs/checkpoints/n30/chunk_000325.json,historical_logs_and_experiments,48302,0e48c1035370452bf0c421c6cd682373768c44e0c725f6823528bc929d999028,.json,json_valid,mechanical_inventory_only
research/logs/checkpoints/n30/chunk_000326.json,historical_logs_and_experiments,48256,312a2adbf69641ca08c731b628781e6d74a0100566b38472edf1119f7823f075,.json,json_valid,mechanical_inventory_only
research/logs/checkpoints/n30/chunk_000327.json,historical_logs_and_experiments,48789,7e09b9d71ee5ea3e31a609b957c912773dcb62c59a8ba79ce966fbed731cbe9b,.json,json_valid,mechanical_inventory_only
research/logs/checkpoints/n30/chunk_000328.json,historical_logs_and_experiments,48299,aba75e845984151f759440b73673d5a6181f815b7d8f3d16aa59d4e7e79cf283,.json,json_valid,mechanical_inventory_only
research/logs/checkpoints/n30/chunk_000329.json,historical_logs_and_experiments,48325,9b18bc75c1e7a6ff6ea48dd61a64cf5e1e942196cc249b856cbb32a2be1ee23c,.json,json_valid,mechanical_inventory_only
research/logs/checkpoints/n30/chunk_000330.json,historical_logs_and_experiments,48728,f3a9b6f6db0845275c3e0b12ea47e082ec04919a004ffbb1b45dd4eee380bdb5,.json,json_valid,mechanical_inventory_only
research/logs/checkpoints/n30/chunk_000331.json,historical_logs_and_experiments,48286,ce68966e5f5f786db4be2a707b74d130055ecbe8abe8340c46dc3a380074d7ab,.json,json_valid,mechanical_inventory_only
research/logs/checkpoints/n30/chunk_000332.json,historical_logs_and_experiments,48277,3fa6262e8bf794eb41a378a5a803b75ddf07d8bbe1129fe17036e780ca366275,.json,json_valid,mechanical_inventory_only
research/logs/checkpoints/n30/chunk_000333.json,historical_logs_and_experiments,48261,0ff890e8c8b90b81d5a7491276a0a76f4ac019491c82c5b3d31487c0cb985141,.json,json_valid,mechanical_inventory_only
research/logs/checkpoints/n30/chunk_000334.json,historical_logs_and_experiments,48251,dcd25200be8c4b728082f6fd9457ce98657573e8d240780102c002852af29fcb,.json,json_valid,mechanical_inventory_only
research/logs/checkpoints/n30/chunk_000335.json,historical_logs_and_experiments,48256,d43d2703cd5b1e7e4ee09ed169b8a6ece2683eb228624157a9eb4593490d9aa7,.json,json_valid,mechanical_inventory_only
research/logs/checkpoints/n30/chunk_000336.json,historical_logs_and_experiments,48273,2608701a730457f4c3c50de61170374556519f820fd058d3e0536aa9a9f9f874,.json,json_valid,mechanical_inventory_only
research/logs/checkpoints/n30/chunk_000337.json,historical_logs_and_experiments,48314,d0cd7af269a12a65d38bf2bd97d85c127d90c81120196d582018b210b47a238f,.json,json_valid,mechanical_inventory_only
research/logs/checkpoints/n30/chunk_000338.json,historical_logs_and_experiments,48217,36c13af8e53f9824208fd2a7d06c9f0c434b6bfbc73e974d1985f6cd4326a471,.json,json_valid,mechanical_inventory_only
research/logs/checkpoints/n30/chunk_000339.json,historical_logs_and_experiments,48235,46bec82c916338eebec31c7c573c1ed98d8cb2d71da169c29d516f9c8aa7f34d,.json,json_valid,mechanical_inventory_only
research/logs/checkpoints/n30/chunk_000340.json,historical_logs_and_experiments,48159,d4fb1263f328e137f74beba5ddfd945ebef3250af67074cbb7d3a6a46ea392f3,.json,json_valid,mechanical_inventory_only
research/logs/checkpoints/n30/chunk_000341.json,historical_logs_and_experiments,48285,67fa4de876fd9ef0f664fec7cb9bbd48bed523fd44bd37af34a055175a4d18b6,.json,json_valid,mechanical_inventory_only
research/logs/checkpoints/n30/chunk_000342.json,historical_logs_and_experiments,48250,6162248b5ae83a98c561fd0300885314ab3b12a9fb545eaac176592f5b215ca5,.json,json_valid,mechanical_inventory_only
research/logs/checkpoints/n30/chunk_000343.json,historical_logs_and_experiments,48293,bf741ca2d6f63160a6b142a2cc5cb6ac9dc063d0e064d5065d91718351a7863e,.json,json_valid,mechanical_inventory_only
research/logs/checkpoints/n30/chunk_000344.json,historical_logs_and_experiments,48270,ae53396ad36636b9b246bb27d4cb19eabb2ca2e8bbeb3ae9262ba64f86fdd690,.json,json_valid,mechanical_inventory_only
research/logs/checkpoints/n30/chunk_000345.json,historical_logs_and_experiments,48266,4126c394b2219ab94999f0f23a0c7a68c233742546588c4ee4dda761a405d7cb,.json,json_valid,mechanical_inventory_only
research/logs/checkpoints/n30/chunk_000346.json,historical_logs_and_experiments,48233,9194cea4ceb677a8a7b79fb630245e20b5c707331db900e32ce4f2ca70b66e11,.json,json_valid,mechanical_inventory_only
research/logs/checkpoints/n30/chunk_000347.json,historical_logs_and_experiments,48339,86b2e79070b3eb39cca34458ac6494aec1b8f01acabd2252122f381406183205,.json,json_valid,mechanical_inventory_only
research/logs/checkpoints/n30/chunk_000348.json,historical_logs_and_experiments,48304,c19e68d097342a44449643e7f1e05c8940e7d04bd856a5fecebea35ef4edd43f,.json,json_valid,mechanical_inventory_only
research/logs/checkpoints/n30/chunk_000349.json,historical_logs_and_experiments,48206,b37cbdfaf2a4ba987e3b2c10403a06beda9af1c9647da3b09e7218bf7dce5fb9,.json,json_valid,mechanical_inventory_only
research/logs/checkpoints/n30/chunk_000350.json,historical_logs_and_experiments,48326,50039a406a07f85e57827b9ebbf082748db3c0b5fa5f4777b888065cb939a314,.json,json_valid,mechanical_inventory_only
research/logs/checkpoints/n30/chunk_000351.json,historical_logs_and_experiments,48311,176b48602e581df6c58dcc2ca31546c563e7e778035e9ee9bb6e46355bc28376,.json,json_valid,mechanical_inventory_only
research/logs/checkpoints/n30/chunk_000352.json,historical_logs_and_experiments,48207,5da0ee10cfe1dc660dc3487e9588aa802a5ae90e334092d2a8367b1319dcb668,.json,json_valid,mechanical_inventory_only
research/logs/checkpoints/n30/chunk_000353.json,historical_logs_and_experiments,48208,f8217c161a129dd57aed5646e04f4e96c17e2b7f8bdfd270a17aeb1625e1785c,.json,json_valid,mechanical_inventory_only
research/logs/checkpoints/n30/chunk_000354.json,historical_logs_and_experiments,48221,5420cb12dc6c62bd1fb93de093b2cedd43deffe55d22a0809418d723de86e26c,.json,json_valid,mechanical_inventory_only
research/logs/checkpoints/n30/chunk_000355.json,historical_logs_and_experiments,48223,5732487d6785c0db5e210fe82a5752301b73e79ad0d0b53d5bf422a7800852a6,.json,json_valid,mechanical_inventory_only
research/logs/checkpoints/n30/chunk_000356.json,historical_logs_and_experiments,48254,8660d4f62abe040f76055c13d75d6c3fe556dfd38656a24ae1457455b4b96646,.json,json_valid,mechanical_inventory_only
research/logs/checkpoints/n30/chunk_000357.json,historical_logs_and_experiments,48274,57d17684e4f58876e34b00e24473ad093fc5f4e7ea460ff3270c768027ddb576,.json,json_valid,mechanical_inventory_only
research/logs/checkpoints/n30/chunk_000358.json,historical_logs_and_experiments,48202,5838b7336da4c7f1d6555e6562d353f593006c190ac042f8711cc9b940c63314,.json,json_valid,mechanical_inventory_only
research/logs/checkpoints/n30/chunk_000359.json,historical_logs_and_experiments,48177,fa49de7bb3e6960b27d54639d9e3be5869a59cbcedaab578619a7d6285fae333,.json,json_valid,mechanical_inventory_only
research/logs/checkpoints/n30/chunk_000360.json,historical_logs_and_experiments,48196,d74ed1ec3de10b84d6ff989f0933c8c19aac46f1a9e1923469b0c50b940e02c3,.json,json_valid,mechanical_inventory_only
research/logs/checkpoints/n30/chunk_000361.json,historical_logs_and_experiments,48218,52a89648e1469249911f8b6c899e24418709c4919a4b49e97f30bca1998af5de,.json,json_valid,mechanical_inventory_only
research/logs/checkpoints/n30/chunk_000362.json,historical_logs_and_experiments,48181,c797c6f9f8b39c43b9cbe8f21ec303daee4e21bf1274234e9e0e0c17196cdb73,.json,json_valid,mechanical_inventory_only
research/logs/checkpoints/n30/chunk_000363.json,historical_logs_and_experiments,48190,b815b2d72b2f1ade3e09ac2e22b230efeb393db896798dafae9cd95841369941,.json,json_valid,mechanical_inventory_only
research/logs/checkpoints/n30/chunk_000364.json,historical_logs_and_experiments,48298,6ab96725b6237b1b6a0a06930b4159e35ca301fb140ff5d97d3b90d898e1bd01,.json,json_valid,mechanical_inventory_only
research/logs/checkpoints/n30/chunk_000365.json,historical_logs_and_experiments,48283,aabf4a4c93826f7f480fafda9408f7a1fb19e411a286040f0d599c8840526885,.json,json_valid,mechanical_inventory_only
research/logs/checkpoints/n30/chunk_000366.json,historical_logs_and_experiments,48285,5cece53d343caea33ee8f6e19c9e6ad5cec48961eeb8ab193d572054521504d5,.json,json_valid,mechanical_inventory_only
research/logs/checkpoints/n30/chunk_000367.json,historical_logs_and_experiments,48233,db844a3629b150b94475dcf7c4cb1a6531bd72d588875b746340c50713b28255,.json,json_valid,mechanical_inventory_only
research/logs/checkpoints/n30/chunk_000368.json,historical_logs_and_experiments,48267,e291be806e587ea97fe5efa70d220cde8699729155bd44bc9988e04cced36664,.json,json_valid,mechanical_inventory_only
research/logs/checkpoints/n30/chunk_000369.json,historical_logs_and_experiments,48255,67a750ba1daadded3b10147db6a275d132904918cfc444b870208cdbdfa64d36,.json,json_valid,mechanical_inventory_only
research/logs/checkpoints/n30/chunk_000370.json,historical_logs_and_experiments,48261,b5c01711d965e303da71621465b82afbf3ef9650d00eb565429a6c4cbf89473d,.json,json_valid,mechanical_inventory_only
research/logs/checkpoints/n30/chunk_000371.json,historical_logs_and_experiments,48254,3efb98d1e37be40441c4e6171dde3b9307909cc4916594baa5477193c13aac80,.json,json_valid,mechanical_inventory_only
research/logs/checkpoints/n30/chunk_000372.json,historical_logs_and_experiments,48289,a73ba0bf7e22e895d306700fcdad8c9654d5b91796750bc1d998297f4462bd3b,.json,json_valid,mechanical_inventory_only
research/logs/checkpoints/n30/chunk_000373.json,historical_logs_and_experiments,48239,fdc5dc6d20c20d9fde42997a5d965a915923cbfb38a2fb64352e0da19060ffe8,.json,json_valid,mechanical_inventory_only
research/logs/checkpoints/n30/chunk_000374.json,historical_logs_and_experiments,48219,32a03b2da36bffb19d8b03c61bfd4b149ee3ba86fa1df1ebd70bda2c379f9cba,.json,json_valid,mechanical_inventory_only
research/logs/checkpoints/n30/chunk_000375.json,historical_logs_and_experiments,48685,e4a22d7937e65c7aa18e58285d6d89c8acf921997025d4db0e47fc5e42c15154,.json,json_valid,mechanical_inventory_only
research/logs/checkpoints/n30/chunk_000376.json,historical_logs_and_experiments,48183,11a706d078e2b3ed35076194b66a598b237ecfe405cdf513d25c12e08e1aaac2,.json,json_valid,mechanical_inventory_only
research/logs/checkpoints/n30/chunk_000377.json,historical_logs_and_experiments,48291,fab35cb827ca34518b74ef054df09856c2daaa53ebfaf8e0d6f3b46f0151d1c3,.json,json_valid,mechanical_inventory_only
research/logs/checkpoints/n30/chunk_000378.json,historical_logs_and_experiments,48701,842bd499c9558ac26bd33c7d1ccbbeb27f23a8d2edde90a9856d8257db3b3565,.json,json_valid,mechanical_inventory_only
research/logs/checkpoints/n30/chunk_000379.json,historical_logs_and_experiments,48217,a88a40ae20be614206a6c7af2df16317d37628e95091b79e14500839bbe4a4d8,.json,json_valid,mechanical_inventory_only
research/logs/checkpoints/n30/chunk_000380.json,historical_logs_and_experiments,48712,dcb53c1a9a174642e013ecd895ae29445bcac909f0e04a534f61223dc732f376,.json,json_valid,mechanical_inventory_only
research/logs/checkpoints/n30/chunk_000381.json,historical_logs_and_experiments,48654,14a0a6506c6056afea73a89a6c591d2b08c37b48f940e5eb037551fb46bdb53e,.json,json_valid,mechanical_inventory_only
research/logs/checkpoints/n30/chunk_000382.json,historical_logs_and_experiments,48685,38656544370e6cefc16fe30ff51edbdb04f477a13ea4ebd920745ee47eb9d4c0,.json,json_valid,mechanical_inventory_only
research/logs/checkpoints/n30/chunk_000383.json,historical_logs_and_experiments,48668,200ec1f92872aa0dfd82bf5cd080bda7c3182fa43d794eaf909e53442869e95f,.json,json_valid,mechanical_inventory_only
research/logs/checkpoints/n30/chunk_000384.json,historical_logs_and_experiments,48678,1ec610b1ff44f95ad7043b630cc8a184e3e193eddbd026585efbd583a45e706c,.json,json_valid,mechanical_inventory_only
research/logs/checkpoints/n30/chunk_000385.json,historical_logs_and_experiments,48683,829e2e43cd5dbeb2aa4106bb3ebd5585baeb556ff20230845a188ed4533838b8,.json,json_valid,mechanical_inventory_only
research/logs/checkpoints/n30/chunk_000386.json,historical_logs_and_experiments,48720,46fe58e5905863d9748e3fe77b68eb7f42163ea4adc146c182f51c4862c69892,.json,json_valid,mechanical_inventory_only
research/logs/checkpoints/n30/chunk_000387.json,historical_logs_and_experiments,48196,043e3db9c24e0ae80769d4de82b445d5b8ea793f3699c4eadbeb4555c73c4f74,.json,json_valid,mechanical_inventory_only
research/logs/checkpoints/n30/chunk_000388.json,historical_logs_and_experiments,48187,bb9f39f98abf5f912cb4c3e58ab4bb5f299e89c8db35f4b6370a007354c8cf07,.json,json_valid,mechanical_inventory_only
research/logs/checkpoints/n30/chunk_000389.json,historical_logs_and_experiments,48229,e33fad21b8ecb82278ade0f311ecce2d22194da21f2c85bbdb0ce3cfd423e114,.json,json_valid,mechanical_inventory_only
research/logs/checkpoints/n30/chunk_000390.json,historical_logs_and_experiments,48223,786591f1d551dbe5c59b0dd5540e30c405bda29642cdb4f6c8fceba52f52eb80,.json,json_valid,mechanical_inventory_only
research/logs/checkpoints/n30/chunk_000391.json,historical_logs_and_experiments,48185,343e1fade7a078c59c0d50b3456e4cf204f51833305bdd1f640b1b8cb85bc75a,.json,json_valid,mechanical_inventory_only
research/logs/checkpoints/n30/chunk_000392.json,historical_logs_and_experiments,48197,fbc3b4490869aa6a6f1adf4dff3f0aadc6df90adc288bd1a883e2d9f43a436cb,.json,json_valid,mechanical_inventory_only
research/logs/checkpoints/n30/chunk_000393.json,historical_logs_and_experiments,48239,a31c0ea5da62c6a5b921981a38c7c416636dbc8b22ca8adb39baf4e195b9f740,.json,json_valid,mechanical_inventory_only
research/logs/checkpoints/n30/chunk_000394.json,historical_logs_and_experiments,48283,d0a8f5632597d6c7acec71bbd354c3c5e1ef00b6b8055e5423df5ffa302995b5,.json,json_valid,mechanical_inventory_only
research/logs/checkpoints/n30/chunk_000395.json,historical_logs_and_experiments,48742,03176c203cbc3fac8f308ccb7986e31709ee8d7ec566e14accdc60ebb862ee1d,.json,json_valid,mechanical_inventory_only
research/logs/checkpoints/n30/chunk_000396.json,historical_logs_and_experiments,48726,b3b75422436fa82604156df1e35e84e53f608fbfd087aeda94474e5de85ef446,.json,json_valid,mechanical_inventory_only
research/logs/checkpoints/n30/chunk_000397.json,historical_logs_and_experiments,48231,4ab513a786af8383ee293562c65f2ef949f016bbff63bbde76f85a9e5322d5ac,.json,json_valid,mechanical_inventory_only
research/logs/checkpoints/n30/chunk_000398.json,historical_logs_and_experiments,48260,440fc3dbf6d8ec9cdc1dd642fa3dcc98a12501d5e85f052475190ccd833d95c0,.json,json_valid,mechanical_inventory_only
research/logs/checkpoints/n30/chunk_000399.json,historical_logs_and_experiments,48301,0dcbd0cedf0d0bf4842ab1e97948d4243c3f054d286686afa4a7c2e9bd4f62d8,.json,json_valid,mechanical_inventory_only
research/logs/checkpoints/n30/chunk_000400.json,historical_logs_and_experiments,48226,e0cabe8639cb5c2dd6f6a7ef96838860f6d813a95e46a4fb0d6d6764a7b8ccb0,.json,json_valid,mechanical_inventory_only
research/logs/checkpoints/n30/chunk_000401.json,historical_logs_and_experiments,48165,814f4c64ba5253e2080002bdc07de4d2e642920bf51463dac927e540dbbd8795,.json,json_valid,mechanical_inventory_only
research/logs/checkpoints/n30/chunk_000402.json,historical_logs_and_experiments,48312,c102b041b417ee03b6377e0f78a187bdbcf1906b4ad6c2af420b8e11d3606c1f,.json,json_valid,mechanical_inventory_only
research/logs/checkpoints/n30/chunk_000403.json,historical_logs_and_experiments,48306,4b5d2865da7679faec014fb955afc4353b9cf72846815ebf475bb495f1e81271,.json,json_valid,mechanical_inventory_only
research/logs/checkpoints/n30/chunk_000404.json,historical_logs_and_experiments,48788,c9aa9345a8556079613ce2320d05453520e8a3272721b9245a45ed5ce6d1453f,.json,json_valid,mechanical_inventory_only
research/logs/checkpoints/n30/chunk_000405.json,historical_logs_and_experiments,48723,6b82d5d96d20c7052267b6218ea5ddecebd2bb37dd1ccf704d7303e3235ad0ed,.json,json_valid,mechanical_inventory_only
research/logs/checkpoints/n30/chunk_000406.json,historical_logs_and_experiments,48783,9183885c53ccbece3163e6405b2c6c74c49bd3b0cfcd0e25df0fdddc7459de11,.json,json_valid,mechanical_inventory_only
research/logs/checkpoints/n30/chunk_000407.json,historical_logs_and_experiments,48698,2f24acb947d10b176565f2aef8cadd21c9267e9a48b56e8df9223dac4f47d2a3,.json,json_valid,mechanical_inventory_only
research/logs/checkpoints/n30/chunk_000408.json,historical_logs_and_experiments,49133,91b99fc10bb0b38217ee0f60e15b0c6c4f5db88508c733739b687ccaef4c8fd6,.json,json_valid,mechanical_inventory_only
research/logs/checkpoints/n30/chunk_000409.json,historical_logs_and_experiments,48265,413bab5b39cd3d68cb346fe225421bcc72343c460fb29470e3faca166b0e70a5,.json,json_valid,mechanical_inventory_only
research/logs/checkpoints/n30/chunk_000410.json,historical_logs_and_experiments,48639,e07665e47ba0913e20d5b476f0cc0634950d9c89ab8ad07d03b107852e5cb2ba,.json,json_valid,mechanical_inventory_only
research/logs/checkpoints/n30/chunk_000411.json,historical_logs_and_experiments,48588,7669e8c51b933f40a337de99f3187e1de83d7087d06fe2f8ffd7f26e5a59b6f0,.json,json_valid,mechanical_inventory_only
research/logs/checkpoints/n30/chunk_000412.json,historical_logs_and_experiments,48635,71c72a4da1496c4c7adc48a663168ed0415151850347f70647010a53489eb29a,.json,json_valid,mechanical_inventory_only
research/logs/checkpoints/n30/chunk_000413.json,historical_logs_and_experiments,48580,03d9ff64065532218b4f20885a4516fc61040d3c68b2c06e5064892ebbc284f0,.json,json_valid,mechanical_inventory_only
research/logs/checkpoints/n30/chunk_000414.json,historical_logs_and_experiments,48636,24283d4e8bc221b48c5d39d7f2cd5df3f8c199f4edee16f9c9dae539b3edf47e,.json,json_valid,mechanical_inventory_only
research/logs/checkpoints/n30/chunk_000415.json,historical_logs_and_experiments,48623,da36c7019473ac71583df8f8f15d9d99d0e3b1ccfba85dc58b48c547d130fa5c,.json,json_valid,mechanical_inventory_only
research/logs/checkpoints/n30/chunk_000416.json,historical_logs_and_experiments,48582,da3b9541f295158a3b99a86ca7633031bcec3675ca5cb1ee1d03937926087b2f,.json,json_valid,mechanical_inventory_only
research/logs/checkpoints/n30/chunk_000417.json,historical_logs_and_experiments,48630,c4cf40673279d545034590a3d4eedc2754a6c930abb7ee2f5bc46bdddaa6a2d9,.json,json_valid,mechanical_inventory_only
research/logs/checkpoints/n30/chunk_000418.json,historical_logs_and_experiments,48260,682d657472c7fa52c2111ddd7c534007fe94cdaeb854d47c2a4b6645306f7056,.json,json_valid,mechanical_inventory_only
research/logs/checkpoints/n30/chunk_000419.json,historical_logs_and_experiments,48202,6790d068f3a5c95df54cb29da7d8b3f656d7e28164f16bd2c27243a3c45ab76d,.json,json_valid,mechanical_inventory_only
research/logs/checkpoints/n30/chunk_000420.json,historical_logs_and_experiments,48188,f78b8f24409311e79e8d02e62147da007018bc9ebdda90805c05f87f18ca4fe8,.json,json_valid,mechanical_inventory_only
research/logs/checkpoints/n30/chunk_000421.json,historical_logs_and_experiments,48204,511e624c1be44dd32e561bfa4f916e89d4b1fb21a7aff5b782a9fcc3d00ba043,.json,json_valid,mechanical_inventory_only
research/logs/checkpoints/n30/chunk_000422.json,historical_logs_and_experiments,48229,1202413a4e15f6216acbeb2fabefac402f36e84746831ac6d02b0229a72f98ec,.json,json_valid,mechanical_inventory_only
research/logs/checkpoints/n30/chunk_000423.json,historical_logs_and_experiments,48305,53f15e390d1b89e8ab82c40e1e0b6d3a18fa8d7f0ad6d3732a41b34efc13f702,.json,json_valid,mechanical_inventory_only
research/logs/checkpoints/n30/chunk_000424.json,historical_logs_and_experiments,48235,aaf9581d67049d9512b94ce63baee9e5d89d19ed134fde90b018fe61a6380e74,.json,json_valid,mechanical_inventory_only
research/logs/checkpoints/n30/chunk_000425.json,historical_logs_and_experiments,48207,33c75bb0cbf13f6650e4630ac913f8b8f635a9f88d3871fb518be85b0519e7ff,.json,json_valid,mechanical_inventory_only
research/logs/checkpoints/n30/chunk_000426.json,historical_logs_and_experiments,48211,8b70c3b9dce88dc204f9bede2afdc4ea71027f47f72f2c2d0aa32f0610b19469,.json,json_valid,mechanical_inventory_only
research/logs/checkpoints/n30/chunk_000427.json,historical_logs_and_experiments,48220,4432868672567ae84e97ab47589779d7d9b02b4145e37a83908a66447d4b7e72,.json,json_valid,mechanical_inventory_only
research/logs/checkpoints/n30/chunk_000428.json,historical_logs_and_experiments,48201,6cf397b5c3238dda3690c809e0bef66f176611482ad6085c563c6973b78b9f75,.json,json_valid,mechanical_inventory_only
research/logs/checkpoints/n30/chunk_000429.json,historical_logs_and_experiments,48202,5e903174b27d6e176ed538b1deb2045d7c28ce3d8c76c3e62ab46ebbc383203b,.json,json_valid,mechanical_inventory_only
research/logs/checkpoints/n30/chunk_000430.json,historical_logs_and_experiments,48170,d6e3f77b2ec5a04fa978f2b49a82bd271b1cfd8157e7175c206dd45bef6f8ea3,.json,json_valid,mechanical_inventory_only
research/logs/checkpoints/n30/chunk_000431.json,historical_logs_and_experiments,48624,94fed1fa37bd4e607326db7a770f172da248d5a86f6e02565cdfe2350a96e0d4,.json,json_valid,mechanical_inventory_only
research/logs/checkpoints/n30/chunk_000432.json,historical_logs_and_experiments,48596,1eac477ba2c42bccc9aa9e3a97e2b5245362a1079bda3111a47e129e8791e558,.json,json_valid,mechanical_inventory_only
research/logs/checkpoints/n30/chunk_000433.json,historical_logs_and_experiments,48666,9edb86c27792bd93a67543643836138aaa437c209f098ae1dd281e436cf05496,.json,json_valid,mechanical_inventory_only
research/logs/checkpoints/n30/chunk_000434.json,historical_logs_and_experiments,48598,0e3db5b1abb1887063431c38d98151f194c92fa8101f4dfda07cac1be8894512,.json,json_valid,mechanical_inventory_only
research/logs/checkpoints/n30/chunk_000435.json,historical_logs_and_experiments,48630,0a4548bc7cd81247606045ec65f06bf40c24821bd24ac914f1e04ce6c1d56ec4,.json,json_valid,mechanical_inventory_only
research/logs/checkpoints/n30/chunk_000436.json,historical_logs_and_experiments,48656,a66bb3f614ea61a3eea4305342ff271237ebc437017d85cf46c6557122229275,.json,json_valid,mechanical_inventory_only
research/logs/checkpoints/n30/chunk_000437.json,historical_logs_and_experiments,48637,f730747835dd571827fcfad11d0d4f049dc3d7a2d37ef4475c7f2e3fc2c12a5a,.json,json_valid,mechanical_inventory_only
research/logs/checkpoints/n30/chunk_000438.json,historical_logs_and_experiments,48646,5f04bb53a52621f05247f61450c8db8f280c288387287216d6b358ee90061a51,.json,json_valid,mechanical_inventory_only
research/logs/checkpoints/n30/chunk_000439.json,historical_logs_and_experiments,48696,574f7431515553037486399411c3995679deffa889255015da6e22850543248d,.json,json_valid,mechanical_inventory_only
research/logs/checkpoints/n30/chunk_000440.json,historical_logs_and_experiments,48615,b639d07f1824b3582aa9252c96edb7ac8307dcea70f6d330bece24d425f80248,.json,json_valid,mechanical_inventory_only
research/logs/checkpoints/n30/chunk_000441.json,historical_logs_and_experiments,48676,a25defbd484a5f1ea0abfda12a8190f3a8ff50ec8f3d49e054ac7bb1273c1a6b,.json,json_valid,mechanical_inventory_only
research/logs/checkpoints/n30/chunk_000442.json,historical_logs_and_experiments,48206,7dfd020201cf0ee6bae80fc9c53c87ddd9936188752e65f1cb00b8f99a2dd24d,.json,json_valid,mechanical_inventory_only
research/logs/checkpoints/n30/chunk_000443.json,historical_logs_and_experiments,48655,b6fc3c74d0a9e6de52bf98e2defe69e266045b2dcc794eec74187fd9dd8070cb,.json,json_valid,mechanical_inventory_only
research/logs/checkpoints/n30/chunk_000444.json,historical_logs_and_experiments,48659,d2f6a45ea9715611299074f85dde939529552880070b595319907870901ea81e,.json,json_valid,mechanical_inventory_only
research/logs/checkpoints/n30/chunk_000445.json,historical_logs_and_experiments,48629,c6e2e28cbf51b58c681edc18561944ebfb6a75cdfd283f8ebd38f89810590bb9,.json,json_valid,mechanical_inventory_only
research/logs/checkpoints/n30/chunk_000446.json,historical_logs_and_experiments,48605,b0a7bbe601e5adee8aa98f37365723fe8d97d17393c2f5d09e32a6ac6de27c3c,.json,json_valid,mechanical_inventory_only
research/logs/checkpoints/n30/chunk_000447.json,historical_logs_and_experiments,48548,c049c2735aaa09562d1c8b62d5ce26ecaddc892b1e31e894888600b9f9811d17,.json,json_valid,mechanical_inventory_only
research/logs/checkpoints/n30/chunk_000448.json,historical_logs_and_experiments,48686,99d0358a8bc4108ce6104acfb31be612f87b9479c004f9c3f6dd3dbf331b2856,.json,json_valid,mechanical_inventory_only
research/logs/checkpoints/n30/chunk_000449.json,historical_logs_and_experiments,48635,38ba54eba550d337177343b640fd020bc4ed60d001f93334889ff9329dd0c0d4,.json,json_valid,mechanical_inventory_only
research/logs/checkpoints/n30/chunk_000450.json,historical_logs_and_experiments,48707,99d8337d6042fd204880bfad0611765cac7a57eb0d3d6b5ce0445085d79e9ca1,.json,json_valid,mechanical_inventory_only
research/logs/checkpoints/n30/chunk_000451.json,historical_logs_and_experiments,49188,11374b454a54d0ebfb35836ca55134be05099df96672821b0aae55bf311d5eef,.json,json_valid,mechanical_inventory_only
research/logs/checkpoints/n30/chunk_000452.json,historical_logs_and_experiments,48782,31a218c312f92c62fc431c71034d0e9c27945df9bbee72ad16afbcaa590067a0,.json,json_valid,mechanical_inventory_only
research/logs/checkpoints/n30/chunk_000453.json,historical_logs_and_experiments,48802,e81b78bbca2a40e129f9a806470aa923fcab92db58162f5018a2973a52b7245f,.json,json_valid,mechanical_inventory_only
research/logs/checkpoints/n30/chunk_000454.json,historical_logs_and_experiments,47717,ce0a7178c4c483e53ee0d218802cf096cd25b45fc3551583d9c3912f7bb1a88c,.json,json_valid,mechanical_inventory_only
research/logs/checkpoints/n30/chunk_000455.json,historical_logs_and_experiments,47688,d5f9e700872f10a05d2d7da5312f9e5d319eb0bf12a42a4751d0de24e0187fe1,.json,json_valid,mechanical_inventory_only
research/logs/checkpoints/n30/chunk_000456.json,historical_logs_and_experiments,48141,96e9f124adecc39c285b95f2fc779a7b859cd77bc4ed5ac6fe326e1ebd441b2f,.json,json_valid,mechanical_inventory_only
research/logs/checkpoints/n30/chunk_000457.json,historical_logs_and_experiments,48129,a8529ac0bdca358d524b53733f9d605711cdcdb8f79e6bf0ca5c5003e069d2e6,.json,json_valid,mechanical_inventory_only
research/logs/checkpoints/n30/chunk_000458.json,historical_logs_and_experiments,48149,8f47b94c4ab28718b9ab9815845e4a3c8e25da0e99969543765facc45959fe34,.json,json_valid,mechanical_inventory_only
research/logs/checkpoints/n30/chunk_000459.json,historical_logs_and_experiments,48125,d11c625a81cacdad10212f1c03dd02df96a494b4914f7bc099a1caa7d0b66cf7,.json,json_valid,mechanical_inventory_only
research/logs/checkpoints/n30/chunk_000460.json,historical_logs_and_experiments,48145,25f8f558eb59cb894c8093edecb496c0f3de945536209cc02f7a9ca288bbe67c,.json,json_valid,mechanical_inventory_only
research/logs/checkpoints/n30/chunk_000461.json,historical_logs_and_experiments,48132,b264d1f8d697ab3461c6ef1890d3a42afd319d88ab2998d47966fac1a83c7886,.json,json_valid,mechanical_inventory_only
research/logs/checkpoints/n30/chunk_000462.json,historical_logs_and_experiments,48142,01cb0e7292c0817052fc16ace2ac7ad28f84cbef293ccbbaff646b7cad2137d7,.json,json_valid,mechanical_inventory_only
research/logs/checkpoints/n30/chunk_000463.json,historical_logs_and_experiments,48119,38f79f9336a844c0344426b6b4063273ef870c457c377b63f4c3d15e3cf55d64,.json,json_valid,mechanical_inventory_only
research/logs/checkpoints/n30/chunk_000464.json,historical_logs_and_experiments,48229,7ef91d9b57c691e6fb1c7ba7bae70609c139b06d55d270ac38dae7372a2d2a4f,.json,json_valid,mechanical_inventory_only
research/logs/checkpoints/n30/chunk_000465.json,historical_logs_and_experiments,48263,41676ef41921d3f96ba18db9df86fb8c3bd52c362ff90957244e274812b7aaed,.json,json_valid,mechanical_inventory_only
research/logs/checkpoints/n30/chunk_000466.json,historical_logs_and_experiments,48270,3c6347c153103b69e2592eeaa423e81c37bfe24d3b02408f5202a7f38aefad6e,.json,json_valid,mechanical_inventory_only
research/logs/checkpoints/n30/chunk_000467.json,historical_logs_and_experiments,48295,fe0bcdaf21b132622302451c28d15963677c607787c6eb1723ca01508767817b,.json,json_valid,mechanical_inventory_only
research/logs/checkpoints/n30/chunk_000468.json,historical_logs_and_experiments,48198,7571e0bd82aa0ae1d84bc7f2272ac1c150b6beb7759b2a2c22c5d4d6cfe4993d,.json,json_valid,mechanical_inventory_only
research/logs/checkpoints/n30/chunk_000469.json,historical_logs_and_experiments,48365,573661e1b4a33e21d7d08b23ad05516a1b306a2efb3ce6b693c2a9eb01541175,.json,json_valid,mechanical_inventory_only
research/logs/checkpoints/n30/chunk_000470.json,historical_logs_and_experiments,48271,2b29579e1e04c462278c4177f0551784d8d123f7b2badd3dd9732121beb0b956,.json,json_valid,mechanical_inventory_only
research/logs/checkpoints/n30/chunk_000471.json,historical_logs_and_experiments,48239,b18c5cea683d8775fb466a56dcd07d747720f1661323bd747fbe916553b8758d,.json,json_valid,mechanical_inventory_only
research/logs/checkpoints/n30/chunk_000472.json,historical_logs_and_experiments,48242,1cfdc1778f8f24b3dee31535eeb1bd79e24d6144cd587c02d462e912ff84290d,.json,json_valid,mechanical_inventory_only
research/logs/checkpoints/n30/chunk_000473.json,historical_logs_and_experiments,48250,161f99d9dd6e7977e299850b41f2f715fb43abbcb7f7ede65766d6711e40d2a3,.json,json_valid,mechanical_inventory_only
research/logs/checkpoints/n30/chunk_000474.json,historical_logs_and_experiments,48317,9bbba200bb9373e1b8fee6446958a7d061a8e0c16d4fc19b17576d477c3c6b86,.json,json_valid,mechanical_inventory_only
research/logs/checkpoints/n30/chunk_000475.json,historical_logs_and_experiments,48289,1d857a985b48863505bcec11147f7fa3490e2a53c99e22cf941e64015bdbe8b6,.json,json_valid,mechanical_inventory_only
research/logs/checkpoints/n30/chunk_000476.json,historical_logs_and_experiments,48261,7de98dbc5781f9bc778c0ee3dbd4b94449b07d3505847693902d6d8b1d7f2496,.json,json_valid,mechanical_inventory_only
research/logs/checkpoints/n30/chunk_000477.json,historical_logs_and_experiments,48261,2fdc79b0182275349e7410e181a743df5fc72e7ac28e525f6f27913c510fb949,.json,json_valid,mechanical_inventory_only
research/logs/checkpoints/n30/chunk_000478.json,historical_logs_and_experiments,48257,64d92808e0f63b873eefada57fb4d285b7fc785a29aa0fdcdfa94ba91e0be09a,.json,json_valid,mechanical_inventory_only
research/logs/checkpoints/n30/chunk_000479.json,historical_logs_and_experiments,48211,b8c3112f28d55e6a6b8c91add4ab12923d74401592c229070a210ce1aa13c7ab,.json,json_valid,mechanical_inventory_only
research/logs/checkpoints/n30/chunk_000480.json,historical_logs_and_experiments,48240,ea70ea35ccee5c5797890de8228b509d9b2e5efd16d303fba36819b5ea85addc,.json,json_valid,mechanical_inventory_only
research/logs/checkpoints/n30/chunk_000481.json,historical_logs_and_experiments,48243,008d2cea1311b492aae59f73370e7450fc9058b93b4aa571da101ccba52e7616,.json,json_valid,mechanical_inventory_only
research/logs/checkpoints/n30/chunk_000482.json,historical_logs_and_experiments,48244,c697316d502ac6c028d8b763928970a445c08ecf5f404c0c3ade960a5c9ee409,.json,json_valid,mechanical_inventory_only
research/logs/checkpoints/n30/chunk_000483.json,historical_logs_and_experiments,47809,b25be21a681f5e353e01c6d5309524c614cc1c93ba751069a089742e4988f00d,.json,json_valid,mechanical_inventory_only
research/logs/checkpoints/n30/chunk_000484.json,historical_logs_and_experiments,48258,eece0f833f802719e1399155e58f875a6d349216d17be97815da82b9535cd683,.json,json_valid,mechanical_inventory_only
research/logs/checkpoints/n30/chunk_000485.json,historical_logs_and_experiments,48294,de5207cee1124c94478c068d140440df33da990e90b4268c60def78f866a12b4,.json,json_valid,mechanical_inventory_only
research/logs/checkpoints/n30/chunk_000486.json,historical_logs_and_experiments,48329,f57d387ad18ce2eb487d15865af2fc811d35396d69e3c140225eacd8d347938e,.json,json_valid,mechanical_inventory_only
research/logs/checkpoints/n30/chunk_000487.json,historical_logs_and_experiments,48280,f085822a1df547ad200f4e9c8a2af0e163dccc53bbcb37f814b47ec5a57de2d5,.json,json_valid,mechanical_inventory_only
research/logs/checkpoints/n30/chunk_000488.json,historical_logs_and_experiments,48243,d30a5bd896655e75c5aca7d09c928e9ab574266266d6dde7911cc738fd6d4df3,.json,json_valid,mechanical_inventory_only
research/logs/checkpoints/n30/chunk_000489.json,historical_logs_and_experiments,48225,e996041317a2b00d497152db54e8d6acea5333a70e9c3d6dee5700b80e1943bc,.json,json_valid,mechanical_inventory_only
research/logs/checkpoints/n30/chunk_000490.json,historical_logs_and_experiments,48253,c3470ed0a3e4402610aae464892d1590e17e8f8092186c535db0d972443e9413,.json,json_valid,mechanical_inventory_only
research/logs/checkpoints/n30/chunk_000491.json,historical_logs_and_experiments,48276,67bc7aa745abcbce59cc8d6f65fac62198f3d1ec3cb884f346e625f424cc76fa,.json,json_valid,mechanical_inventory_only
research/logs/checkpoints/n30/chunk_000492.json,historical_logs_and_experiments,48243,ecf99fb77318fa3e4d07d3f1c176dcd96091472f5cec2b6ef6fbd2fa922c7a72,.json,json_valid,mechanical_inventory_only
research/logs/checkpoints/n30/chunk_000493.json,historical_logs_and_experiments,48311,f1acea8c24393ca74388dcea4829af217cf35697be67d42fcfe3c4e89a89f45f,.json,json_valid,mechanical_inventory_only
research/logs/checkpoints/n30/chunk_000494.json,historical_logs_and_experiments,48342,7fea278c06c370a558b43fa22d5640b4c3a4b284ece002061ba9ffe074553951,.json,json_valid,mechanical_inventory_only
research/logs/checkpoints/n30/chunk_000495.json,historical_logs_and_experiments,48238,a70fc41ad83196950f811c50833c70d91ac3ad6ea1a111e155280ac403e65893,.json,json_valid,mechanical_inventory_only
research/logs/checkpoints/n30/chunk_000496.json,historical_logs_and_experiments,48279,3fc7cf26a3d5ee816e48b877e92371cb821c98fae4ae3205cd4d993cba3ca498,.json,json_valid,mechanical_inventory_only
research/logs/checkpoints/n30/chunk_000497.json,historical_logs_and_experiments,48296,5154b5f9cce937471ee954af55b2ff4d00a351a5f336d8942fb6effdf6eeff49,.json,json_valid,mechanical_inventory_only
research/logs/checkpoints/n30/chunk_000498.json,historical_logs_and_experiments,48315,fcaec0d9f0dd5dcf2f6cf58ffcb42dd09ef01ddaa683b9045241e9907e5316d2,.json,json_valid,mechanical_inventory_only
research/logs/checkpoints/n30/chunk_000499.json,historical_logs_and_experiments,48343,d646d7390d45f726d502772f72cf6594c3c1b5d3e55d654f7940b8c3f4ee0da6,.json,json_valid,mechanical_inventory_only
research/logs/checkpoints/n30/chunk_000500.json,historical_logs_and_experiments,48277,50978b2d4f10d52151968a78cd0d8a40d7f6fd3946124daae1c9e8b1d5287d39,.json,json_valid,mechanical_inventory_only
research/logs/checkpoints/n30/chunk_000501.json,historical_logs_and_experiments,48241,dd6ab8888e403cf1cb944d003fda2090c9d1f1636ec16ea3c24fdd2397d0e8f0,.json,json_valid,mechanical_inventory_only
research/logs/checkpoints/n30/chunk_000502.json,historical_logs_and_experiments,48229,db9211db39ff281aedfb56fe9695b8cc3eb6188076306962deb2f14a8842ba1a,.json,json_valid,mechanical_inventory_only
research/logs/checkpoints/n30/chunk_000503.json,historical_logs_and_experiments,48256,12ab14642851e4c3efef68250b9e8f051f6976e4f4a153bba6bfe97de61c7ca7,.json,json_valid,mechanical_inventory_only
research/logs/checkpoints/n30/chunk_000504.json,historical_logs_and_experiments,48222,de616d031535b28af49092767b637c34acdec9fa548debad49321dea444d7701,.json,json_valid,mechanical_inventory_only
research/logs/checkpoints/n30/chunk_000505.json,historical_logs_and_experiments,48274,1dc878df814e2bbeb274913ea0aa39ab508e02630df8be99f58762fd440c5bf8,.json,json_valid,mechanical_inventory_only
research/logs/checkpoints/n30/chunk_000506.json,historical_logs_and_experiments,48322,1529eda4bb3b0d5bfa0d67b42927ea91fc8c7d2e76df4f09ff33033be445a9c4,.json,json_valid,mechanical_inventory_only
research/logs/checkpoints/n30/chunk_000507.json,historical_logs_and_experiments,48338,9295ada21247a068c45d519ac911941430ee101b4309776a614a1e988acb7b7d,.json,json_valid,mechanical_inventory_only
research/logs/checkpoints/n30/chunk_000508.json,historical_logs_and_experiments,48266,f367eb6d87956277bc37fbcc5bd9d61d6e64cb12b7be05254de48207364ebc1f,.json,json_valid,mechanical_inventory_only
research/logs/checkpoints/n30/chunk_000509.json,historical_logs_and_experiments,48283,2ddcc7c4f59efca2d0813def2d6dea514c820091bba50dfbdf3225076a26a940,.json,json_valid,mechanical_inventory_only
research/logs/checkpoints/n30/chunk_000510.json,historical_logs_and_experiments,48340,8a007d8d4d64265a072bafdbe00a9f08e027c6a69b11120787a693124b009b4d,.json,json_valid,mechanical_inventory_only
research/logs/checkpoints/n30/chunk_000511.json,historical_logs_and_experiments,48316,62c94da275dfaaac6033a10b199fd1e75021cdf292c86f96b867fdb4e52b89de,.json,json_valid,mechanical_inventory_only
research/logs/checkpoints/n30/chunk_000512.json,historical_logs_and_experiments,48303,aa43665786af0d8840586f977a72201635f033adfdbe8673918b222788771a96,.json,json_valid,mechanical_inventory_only
research/logs/checkpoints/n30/chunk_000513.json,historical_logs_and_experiments,48318,061b73ec6b864171b98186c50abecf14ed916a3831c804c57b61e9f0ece06578,.json,json_valid,mechanical_inventory_only
research/logs/checkpoints/n30/chunk_000514.json,historical_logs_and_experiments,48287,064d3da4e74788ba290f16d0c573ad78ba61d1bf0fd02b23643090f019bced10,.json,json_valid,mechanical_inventory_only
research/logs/checkpoints/n30/chunk_000515.json,historical_logs_and_experiments,48276,db206bd07d8c6db10cc48926ba4d9a363c68c3f4e7447e8044f17a02aefa0aa3,.json,json_valid,mechanical_inventory_only
research/logs/checkpoints/n30/chunk_000516.json,historical_logs_and_experiments,48345,ab4ad9edccdf0c0912a7d0cc845a49b49ac34a30a82fbacb1abe3b70f4822bc1,.json,json_valid,mechanical_inventory_only
research/logs/checkpoints/n30/chunk_000517.json,historical_logs_and_experiments,48257,ea92b41d9fba07423b1356aee2816bdc9b52f93fb12ff03bc6eafae800105ca5,.json,json_valid,mechanical_inventory_only
research/logs/checkpoints/n30/chunk_000518.json,historical_logs_and_experiments,47778,2ccdea9ce7249216116c462d0e23fd0644f8a7002be7fe875f4f728c6b7b395c,.json,json_valid,mechanical_inventory_only
research/logs/checkpoints/n30/chunk_000519.json,historical_logs_and_experiments,48259,a43e072650429ca1bf4e137a33eb6c31dc7bf72bf3cb5e6c3b762d4547601412,.json,json_valid,mechanical_inventory_only
research/logs/checkpoints/n30/chunk_000520.json,historical_logs_and_experiments,48235,337eed78d60d5555b3b35f1a7e85126d2abc12f87cfc490c5239a62a49f98a2e,.json,json_valid,mechanical_inventory_only
research/logs/checkpoints/n30/chunk_000521.json,historical_logs_and_experiments,48235,50c2af41aa710dd619e8f2ca378d7ecdb53e5fa5c1849cbacd6380b146d1dca0,.json,json_valid,mechanical_inventory_only
research/logs/checkpoints/n30/chunk_000522.json,historical_logs_and_experiments,48276,f908628a1579d83c44da6e737102bfe70df6465055ace7dac71efc8314df163e,.json,json_valid,mechanical_inventory_only
research/logs/checkpoints/n30/chunk_000523.json,historical_logs_and_experiments,48345,f09c9b05d58f73e981907056a57c199658f86d791fd7d0988197219aeded47d5,.json,json_valid,mechanical_inventory_only
research/logs/checkpoints/n30/chunk_000524.json,historical_logs_and_experiments,48260,575fedff8ca62e978bc5faea411e52d20026d186f7cfa31efb2ef966932d7ff8,.json,json_valid,mechanical_inventory_only
research/logs/checkpoints/n30/chunk_000525.json,historical_logs_and_experiments,48224,f258101389009ff8931f13a5e59c59aa3477bda0258aac46c739bff5cc2170d6,.json,json_valid,mechanical_inventory_only
research/logs/checkpoints/n30/chunk_000526.json,historical_logs_and_experiments,48230,80d6b3b727fcdefef73759b7e4dd50b379a41479d90f1e52891759801320060f,.json,json_valid,mechanical_inventory_only
research/logs/checkpoints/n30/chunk_000527.json,historical_logs_and_experiments,48246,35aa2aca43662426b1457ac954cfeb1be540c7e1f45897ec9eaf552353bab84d,.json,json_valid,mechanical_inventory_only
research/logs/checkpoints/n30/chunk_000528.json,historical_logs_and_experiments,48289,046390aaca9c9d3d44b70638d7297b7737efdec7511b466d4c85af3c593991a7,.json,json_valid,mechanical_inventory_only
research/logs/checkpoints/n30/chunk_000529.json,historical_logs_and_experiments,48234,69b03bb3894e0a9a544b4c8aee5027923462ba212f1e52b88f8a71d97bda45f8,.json,json_valid,mechanical_inventory_only
research/logs/checkpoints/n30/chunk_000530.json,historical_logs_and_experiments,48255,7ddf3dc78ac55c1b7c52f8d2ba0f0244ec542a863957853a764d89c17079449e,.json,json_valid,mechanical_inventory_only
research/logs/checkpoints/n30/chunk_000531.json,historical_logs_and_experiments,48304,581e515e0fb47312128f6883edb170338673043cf2182d9d19176b864dd897d5,.json,json_valid,mechanical_inventory_only
research/logs/checkpoints/n30/chunk_000532.json,historical_logs_and_experiments,48288,dd21018a276a8e409313c3b064f7b1bf5490cd71cd0ef5bfd2d3a6c289a0b880,.json,json_valid,mechanical_inventory_only
research/logs/checkpoints/n30/chunk_000533.json,historical_logs_and_experiments,48236,8fd77ec565d8b606e910980eee4b2f474468e1249cb5d8730fa02486299309ee,.json,json_valid,mechanical_inventory_only
research/logs/checkpoints/n30/chunk_000534.json,historical_logs_and_experiments,48327,538e52bc251392748a40b0001288432d4a1b27db36fcd40edb2ed5cc61ff60cf,.json,json_valid,mechanical_inventory_only
research/logs/checkpoints/n30/chunk_000535.json,historical_logs_and_experiments,48327,c11caca7d44f316d33653a6479e7d2e05cb3960c8d94bc7cd346d4be82c25493,.json,json_valid,mechanical_inventory_only
research/logs/checkpoints/n30/chunk_000536.json,historical_logs_and_experiments,48329,aba27a012135be013d3ad22946bdd9fdfad3bbc64dcd7052d13f41a072a34560,.json,json_valid,mechanical_inventory_only
research/logs/checkpoints/n30/chunk_000537.json,historical_logs_and_experiments,47844,162507a39cdc9807eb848e1020cdecd8d2adf2bb4e4102dce286c47f1dbc7c3d,.json,json_valid,mechanical_inventory_only
research/logs/checkpoints/n30/chunk_000538.json,historical_logs_and_experiments,48243,7858a0193c871f1f3cd896b5ec62038db795750e90a6dffcec373d60fd3d5dbe,.json,json_valid,mechanical_inventory_only
research/logs/checkpoints/n30/chunk_000539.json,historical_logs_and_experiments,48240,a9291ecbeef027d4fa4797e172b8208871dab15afa9b9a6bb6ae52c61303a476,.json,json_valid,mechanical_inventory_only
research/logs/checkpoints/n30/chunk_000540.json,historical_logs_and_experiments,48304,2a578a8626bff9ddbed3ddd3e8b70eca65b10eaeb727cd49f06e1d39d8b5b0b3,.json,json_valid,mechanical_inventory_only
research/logs/checkpoints/n30/chunk_000541.json,historical_logs_and_experiments,48260,eabe94ac64f505bc5590f2163d19b998ed5f62acd9e3ad8bff8e774754e684ad,.json,json_valid,mechanical_inventory_only
research/logs/checkpoints/n30/chunk_000542.json,historical_logs_and_experiments,48256,a68dde6eddc3bb2cf2076eceefc11e5aa2b2f82f29b5ea28b0671c6d07b2a41b,.json,json_valid,mechanical_inventory_only
research/logs/checkpoints/n30/chunk_000543.json,historical_logs_and_experiments,48247,ef676e4f924f0080ad30bf38a9de34ce032f79cd47cb8b8e3f35244c58ec885f,.json,json_valid,mechanical_inventory_only
research/logs/checkpoints/n30/chunk_000544.json,historical_logs_and_experiments,48244,69a02f871847a722de116f743aea2a00c53cc42a1c66d3219f75dec804681325,.json,json_valid,mechanical_inventory_only
research/logs/checkpoints/n30/chunk_000545.json,historical_logs_and_experiments,48295,7b76a4f9da285d516856cbf1eb3a2067694ca2705df233cf4467548c0cfca8f5,.json,json_valid,mechanical_inventory_only
research/logs/checkpoints/n30/chunk_000546.json,historical_logs_and_experiments,48228,26ce0145a6cd8664cf50ec7c86cce55c3ce0401c2e1b77bf682280c4a7e8b5c4,.json,json_valid,mechanical_inventory_only
research/logs/checkpoints/n30/chunk_000547.json,historical_logs_and_experiments,48290,b8fdf6b15e5ab14b5d8711470a9d54c7c377f6f52c97e48256d0e42fb0dfb444,.json,json_valid,mechanical_inventory_only
research/logs/checkpoints/n30/chunk_000548.json,historical_logs_and_experiments,48290,7a91255c9d62c8c3fc4dcbf285c6667e15e59b75eb1946b67375adb63b8ebc7f,.json,json_valid,mechanical_inventory_only
research/logs/checkpoints/n30/chunk_000549.json,historical_logs_and_experiments,48331,186499cb681b00d67585d3c22e5506d3c645f654b880c6d14992402cc2b0374c,.json,json_valid,mechanical_inventory_only
research/logs/checkpoints/n30/chunk_000550.json,historical_logs_and_experiments,48267,b712a732324ee8d45e5024ee3bb3aeaf7e784c4dfee10cea8afda703d7e773c8,.json,json_valid,mechanical_inventory_only
research/logs/checkpoints/n30/chunk_000551.json,historical_logs_and_experiments,48323,a3b9e8e549dc0363f855e69b69f36366e365fef44d5422271f22f8b67fb514f3,.json,json_valid,mechanical_inventory_only
research/logs/checkpoints/n30/chunk_000552.json,historical_logs_and_experiments,48305,0576ded6deace6c9104e3ef4821e884d909dcbd59fd347c8f97432ee1bf3cdaf,.json,json_valid,mechanical_inventory_only
research/logs/checkpoints/n30/chunk_000553.json,historical_logs_and_experiments,48372,f71f33cb61f3820c9d7de0e8461ab51146e0d69c618a0d07e680258150f735f7,.json,json_valid,mechanical_inventory_only
research/logs/checkpoints/n30/chunk_000554.json,historical_logs_and_experiments,48327,0fa938c30e621c015c156b8333cd91fcdc51d3404077c8f110c2d91e7dff9227,.json,json_valid,mechanical_inventory_only
research/logs/checkpoints/n30/chunk_000555.json,historical_logs_and_experiments,48317,068d35448b5e6891022a488fede60dc4e62900bdfb5af829717497e64739a702,.json,json_valid,mechanical_inventory_only
research/logs/checkpoints/n30/chunk_000556.json,historical_logs_and_experiments,48331,3a71dc91b2944dac18601136c860a11562d18230305b98c548b811358a6f54e8,.json,json_valid,mechanical_inventory_only
research/logs/checkpoints/n30/chunk_000557.json,historical_logs_and_experiments,48229,1062a25512668cd82f22d5d324f96af2e66b626d77503dd75e05ff1297e22c9a,.json,json_valid,mechanical_inventory_only
research/logs/checkpoints/n30/chunk_000558.json,historical_logs_and_experiments,48194,0ffbd03765df2a4c153661a449ae149481265aeab6ba664e6e54ddf66c62af44,.json,json_valid,mechanical_inventory_only
research/logs/checkpoints/n30/chunk_000559.json,historical_logs_and_experiments,48236,43e88b6661d21478c1cef70c198db5cacdba702a52f16448c16b7f13fb6b87b3,.json,json_valid,mechanical_inventory_only
research/logs/checkpoints/n30/chunk_000560.json,historical_logs_and_experiments,48305,73584920f01b950d1dab9a8213565f69e7ddd3da601750b7808246339236d697,.json,json_valid,mechanical_inventory_only
research/logs/checkpoints/n30/chunk_000561.json,historical_logs_and_experiments,48322,649276b0ebdb7a65b42785690bc31fe0cb31fcc9b439cb3a4a8608cf73d73a76,.json,json_valid,mechanical_inventory_only
research/logs/checkpoints/n30/chunk_000562.json,historical_logs_and_experiments,47846,9e43e8fe9115d7641e54c02c99d6aa3c0399935f05cf6bb08c4ba56b6c1983ae,.json,json_valid,mechanical_inventory_only
research/logs/checkpoints/n30/chunk_000563.json,historical_logs_and_experiments,48342,8f1e624c7c63a8749a04af73d7d1d1c4c31614617e4e2bfecb740b37b892901f,.json,json_valid,mechanical_inventory_only
research/logs/checkpoints/n30/chunk_000564.json,historical_logs_and_experiments,48313,6ad793f4a3adf2ab81f11f57d1d3d1de2851eff3708f38acb6bd57be6b26f7ec,.json,json_valid,mechanical_inventory_only
research/logs/checkpoints/n30/chunk_000565.json,historical_logs_and_experiments,48313,24655066805fd20d45c47f8171b2322f1108a0c6cdc71820e8db0009c577fa04,.json,json_valid,mechanical_inventory_only
research/logs/checkpoints/n30/chunk_000566.json,historical_logs_and_experiments,48278,65f7a3767ad5f6cfaf0ece69f5971129eb8958711eb08bd7e88f2a7303b68fee,.json,json_valid,mechanical_inventory_only
research/logs/checkpoints/n30/chunk_000567.json,historical_logs_and_experiments,48346,f64efc54163044bd3ff90959d586109c73d0bc99d20d3d7ed212b611caaa4099,.json,json_valid,mechanical_inventory_only
research/logs/checkpoints/n30/chunk_000568.json,historical_logs_and_experiments,48297,b5898e769af7efe000f67507eccba84c283475a7b34582a2dda30e60aa64f6c3,.json,json_valid,mechanical_inventory_only
research/logs/checkpoints/n30/chunk_000569.json,historical_logs_and_experiments,48248,bceee3a70260b57d3e072ce09e36eb260d1994da1cb8b91dd12560ad13bd7121,.json,json_valid,mechanical_inventory_only
research/logs/checkpoints/n30/chunk_000570.json,historical_logs_and_experiments,48291,18f6e60964231cf3cad0127e0eba9b7e2dd5d33d0e093ed1a64c0d101214fb23,.json,json_valid,mechanical_inventory_only
research/logs/checkpoints/n30/chunk_000571.json,historical_logs_and_experiments,48287,46f2e3c0460906eb63f27c7a21a8aa17b0455089bdb139e110f0eca742502288,.json,json_valid,mechanical_inventory_only
research/logs/checkpoints/n30/chunk_000572.json,historical_logs_and_experiments,48246,b65ee4348db7e60ef0b8287ba699b3d65663431139e5a0bf38bc51536de5613c,.json,json_valid,mechanical_inventory_only
research/logs/checkpoints/n30/chunk_000573.json,historical_logs_and_experiments,48218,6d9a001aba07ba369344f6b5395af0ee5334202fedb4ad9c8fa4be6e0b7aaf13,.json,json_valid,mechanical_inventory_only
research/logs/checkpoints/n30/chunk_000574.json,historical_logs_and_experiments,48228,fbe67b56ec31ad0063b14226444ac96e099591eef685438c4034601fda71a275,.json,json_valid,mechanical_inventory_only
research/logs/checkpoints/n30/chunk_000575.json,historical_logs_and_experiments,48250,f72a1652ba32029572ece02a76ddad9d501784d4fe1bf284e7455766866d9221,.json,json_valid,mechanical_inventory_only
research/logs/checkpoints/n30/chunk_000576.json,historical_logs_and_experiments,48304,deaac7a685995a78bfae464db57f91984fb9761fcac53290c63a4c7f803d2220,.json,json_valid,mechanical_inventory_only
research/logs/checkpoints/n30/chunk_000577.json,historical_logs_and_experiments,48264,0e0bd8bec56bd7a86d21d508b23bea5598864435b1973dbcc70d04c1ce55136d,.json,json_valid,mechanical_inventory_only
research/logs/checkpoints/n30/chunk_000578.json,historical_logs_and_experiments,48244,3439e4c307f28e929d1f1da300069a5eaf322cbc28b3a60b23113b9f566e4c1f,.json,json_valid,mechanical_inventory_only
research/logs/checkpoints/n30/chunk_000579.json,historical_logs_and_experiments,48294,e33b404bc2baf54de4c3e8e857c7fd65caa6326e65a5f85c2c9db2a3202ca1c6,.json,json_valid,mechanical_inventory_only
research/logs/checkpoints/n30/chunk_000580.json,historical_logs_and_experiments,48314,5cd88faec656004284d26f1cb765456bc9e7f016042573905667263094c36492,.json,json_valid,mechanical_inventory_only
research/logs/checkpoints/n30/chunk_000581.json,historical_logs_and_experiments,48318,d66fc698f4d87e30ba09d2da29d8f6fa8fc73059353ce9353ccba70d8060d135,.json,json_valid,mechanical_inventory_only
research/logs/checkpoints/n30/chunk_000582.json,historical_logs_and_experiments,48293,229e5a3b26e53e042c3816c41cc281ea9722644aa3855818ac6cd26aaeac30be,.json,json_valid,mechanical_inventory_only
research/logs/checkpoints/n30/chunk_000583.json,historical_logs_and_experiments,48305,7fc9ebfb58a3becffd55214ed3db01e1dfff1eaab5f9ea8df58bfd2940183ae8,.json,json_valid,mechanical_inventory_only
research/logs/checkpoints/n30/chunk_000584.json,historical_logs_and_experiments,48309,ff8268f3af4402427939e8b9e6cd6dfdf5f78521895d4e7698177430d1ebdb80,.json,json_valid,mechanical_inventory_only
research/logs/checkpoints/n30/chunk_000585.json,historical_logs_and_experiments,48306,d0c1c8f98a7d025abc8f05a57b777d38a1954acaebba66c803256a94510fbeca,.json,json_valid,mechanical_inventory_only
research/logs/checkpoints/n30/chunk_000586.json,historical_logs_and_experiments,48257,a19eb58d6383310fb85c33b9fc30934003bed08f1a8b19d114384eeea6af1360,.json,json_valid,mechanical_inventory_only
research/logs/checkpoints/n30/chunk_000587.json,historical_logs_and_experiments,48296,7657e2669b73ddcbad9438980ac7221d78a8aae7c9d394a1e93915999105f893,.json,json_valid,mechanical_inventory_only
research/logs/checkpoints/n30/chunk_000588.json,historical_logs_and_experiments,48331,4cb37cfc4de300d51b439641c61c1d9ddcf88f13a9cf6620cd79eee1a060134c,.json,json_valid,mechanical_inventory_only
research/logs/checkpoints/n30/chunk_000589.json,historical_logs_and_experiments,48350,f4b8f5d51df9a1a6865a972482f7ace74877e1523154113e33e43834a7a24f56,.json,json_valid,mechanical_inventory_only
research/logs/checkpoints/n30/chunk_000590.json,historical_logs_and_experiments,48318,6cb81b681cef9a7c3326a020c5f84c00948ac9c72d1fc164e160a5c6bff47408,.json,json_valid,mechanical_inventory_only
research/logs/checkpoints/n30/chunk_000591.json,historical_logs_and_experiments,48299,50ee8de315ae67a400abd32ac4b14dacc6aac3eedb0c2e8e4131fe500aeef23d,.json,json_valid,mechanical_inventory_only
research/logs/checkpoints/n30/chunk_000592.json,historical_logs_and_experiments,48247,d4f2925eaafdf6e1a5918b879d3727fac74187a18e8d7911ba8bd07cbebcaf6f,.json,json_valid,mechanical_inventory_only
research/logs/checkpoints/n30/chunk_000593.json,historical_logs_and_experiments,48246,ca364c21f6997a2184ff04377715efd0127d914644007ed114937e420692c920,.json,json_valid,mechanical_inventory_only
research/logs/checkpoints/n30/chunk_000594.json,historical_logs_and_experiments,48268,0a1beb616074b54eef1e2894069b7ab9cb16d1cfab420159f78e440bdfc048ab,.json,json_valid,mechanical_inventory_only
research/logs/checkpoints/n30/chunk_000595.json,historical_logs_and_experiments,48263,1e4c2882b400b9e0921df725172b8621fcf64797c6a0b907c5e509fb1c687f6b,.json,json_valid,mechanical_inventory_only
research/logs/checkpoints/n30/chunk_000596.json,historical_logs_and_experiments,48203,a71a718521b1c08224a9cfe04c12673e1e0b7296885671ef730b8d88cee6dbb7,.json,json_valid,mechanical_inventory_only
research/logs/checkpoints/n30/chunk_000597.json,historical_logs_and_experiments,48665,482a7935172a395c65c177bc58984dcfebf35939e0837d87b7e0e6ddf9fc2945,.json,json_valid,mechanical_inventory_only
research/logs/checkpoints/n30/chunk_000598.json,historical_logs_and_experiments,48697,be1f96d6de1411d5e26b3cebaacd94d5160117e1cbd0d1bc6a175f0e726ce074,.json,json_valid,mechanical_inventory_only
research/logs/checkpoints/n30/chunk_000599.json,historical_logs_and_experiments,48651,c3b75a3a2f6e6a436e405b4fc98d8ca71925149d4f7b3726596972e159a03853,.json,json_valid,mechanical_inventory_only
research/logs/checkpoints/n30/chunk_000600.json,historical_logs_and_experiments,48758,bc2244b8fa43f23388102b0c9ae9b03f35f44e2ebf02348e6bedfbaa740caaba,.json,json_valid,mechanical_inventory_only
research/logs/checkpoints/n30/chunk_000601.json,historical_logs_and_experiments,48758,0f2e57f82bb8163b1e093b696392126785cafbdf04cf708b5a6e01e6a2e318f1,.json,json_valid,mechanical_inventory_only
research/logs/checkpoints/n30/chunk_000602.json,historical_logs_and_experiments,48691,0c8ae4e7930de0f4a130c27f2fd21985ee9a1c0c8c8fe54a9db25b8150ca815a,.json,json_valid,mechanical_inventory_only
research/logs/checkpoints/n30/chunk_000603.json,historical_logs_and_experiments,48748,395aff6f19af56b48726aa0833bcfc3744f3642e9eaa4a779149456c9d47c469,.json,json_valid,mechanical_inventory_only
research/logs/checkpoints/n30/chunk_000604.json,historical_logs_and_experiments,48747,0b87d15d1c89e570c3fa1366f63c1fa8b2b3b08496fe507dc4c03df9d1ae4605,.json,json_valid,mechanical_inventory_only
research/logs/checkpoints/n30/chunk_000605.json,historical_logs_and_experiments,48725,cb97ce83d86f3447e6a3ab46b80508c19cc4897ca6163978dae24f554e6d69ec,.json,json_valid,mechanical_inventory_only
research/logs/checkpoints/n30/chunk_000606.json,historical_logs_and_experiments,48283,bb7622e2f306fbd098dc8fa0b8833a55bc854d6b94a597d4e2393c154d3a4454,.json,json_valid,mechanical_inventory_only
research/logs/checkpoints/n30/chunk_000607.json,historical_logs_and_experiments,48317,509d412835fa2b656b9d1b9a4c27cbf0cfdb8a4bfccd0d9009872023fed3b0ef,.json,json_valid,mechanical_inventory_only
research/logs/checkpoints/n30/chunk_000608.json,historical_logs_and_experiments,48324,ff47ea8e62932b81fd9a27b0ff9e2d1285525e34e8bb6e9bf3cfab90a2e46fb6,.json,json_valid,mechanical_inventory_only
research/logs/checkpoints/n30/chunk_000609.json,historical_logs_and_experiments,48308,1ba412966502c325e7044880520780fd26e501c7727dcf59fff1aab8a9c5879f,.json,json_valid,mechanical_inventory_only
research/logs/checkpoints/n30/chunk_000610.json,historical_logs_and_experiments,48296,e3cbfd0a1b39816c1b201ce4e24e309a95f665542693631097efd93868a74608,.json,json_valid,mechanical_inventory_only
research/logs/checkpoints/n30/chunk_000611.json,historical_logs_and_experiments,48280,755229e73d838a8b35d5db0f2f795d717329354fb72a70e466c40f6e99c18610,.json,json_valid,mechanical_inventory_only
research/logs/checkpoints/n30/chunk_000612.json,historical_logs_and_experiments,48279,ca9efe65a579a874594955b5f6ad9826ec343ce14172589c5a97bfae63168189,.json,json_valid,mechanical_inventory_only
research/logs/checkpoints/n30/chunk_000613.json,historical_logs_and_experiments,48293,a555e7b6ca738ae79c0cadd0512f44b009851a81dd5c3514c5e28a21baf70f0b,.json,json_valid,mechanical_inventory_only
research/logs/checkpoints/n30/chunk_000614.json,historical_logs_and_experiments,48258,6f9743f5a4a73c6c175b253aa076a38d18edce1bcba55d677bfc1842d2848811,.json,json_valid,mechanical_inventory_only
research/logs/checkpoints/n30/chunk_000615.json,historical_logs_and_experiments,48243,f2eb0bb7f39af806b957d2aaf944f96d43da63b4a5ddf950a7fceda57f6f2e01,.json,json_valid,mechanical_inventory_only
research/logs/checkpoints/n30/chunk_000616.json,historical_logs_and_experiments,48281,9414f5e15e1cfb72f1cfcc33064ec3f4102ee93669d047b5b36677af1613531b,.json,json_valid,mechanical_inventory_only
research/logs/checkpoints/n30/chunk_000617.json,historical_logs_and_experiments,48290,e1683987af2ac6c0a0a712d4d197ba3341ad648fd6dc1907c5cd987f24cb4fd3,.json,json_valid,mechanical_inventory_only
research/logs/checkpoints/n30/chunk_000618.json,historical_logs_and_experiments,48257,ccd72cb9966b43db3a12a6a2b5e221a3084303b73233179937e395ba8a250d36,.json,json_valid,mechanical_inventory_only
research/logs/checkpoints/n30/chunk_000619.json,historical_logs_and_experiments,48249,4243e8b00eaf3e80b6f56b17ff389d3c1a44acc21c31fdb2adf997e69500a02b,.json,json_valid,mechanical_inventory_only
research/logs/checkpoints/n30/chunk_000620.json,historical_logs_and_experiments,48722,b533b10372a4ea6d5e7740900f3d3dc2d101e6e4bc5933184486958e2ffd7983,.json,json_valid,mechanical_inventory_only
research/logs/checkpoints/n30/chunk_000621.json,historical_logs_and_experiments,48308,431cb50806cc823a44b5d5e991ecb4e79e9b076902182b47fdccfcd6ef02b485,.json,json_valid,mechanical_inventory_only
research/logs/checkpoints/n30/chunk_000622.json,historical_logs_and_experiments,48259,37c01090dea372c223777598e94ddbbcfb4764d86cfffa7a345a220676a32e5c,.json,json_valid,mechanical_inventory_only
research/logs/checkpoints/n30/chunk_000623.json,historical_logs_and_experiments,48698,f2e6a14e1f7af301c1b781a2a9540b1da4ab10a5a7ef70e50d943d7d4d2e6562,.json,json_valid,mechanical_inventory_only
research/logs/checkpoints/n30/chunk_000624.json,historical_logs_and_experiments,48774,86a66374260479dda708f09a0a377cc7abd6c8314c076348db88f396c204639a,.json,json_valid,mechanical_inventory_only
research/logs/checkpoints/n30/chunk_000625.json,historical_logs_and_experiments,48667,7c3706483b4ba2680ec97871a4376bd47355f6246758e334bc66f60088eb8cc8,.json,json_valid,mechanical_inventory_only
research/logs/checkpoints/n30/chunk_000626.json,historical_logs_and_experiments,48274,5b112d662a5e71669f17f25003fd0bf1b67c5a2feef431388fb68d370b8517c0,.json,json_valid,mechanical_inventory_only
research/logs/checkpoints/n30/chunk_000627.json,historical_logs_and_experiments,48328,bb9ef5c8c1006707f314322c4773c3af48add216145d3872e0caebad867b2c81,.json,json_valid,mechanical_inventory_only
research/logs/checkpoints/n30/chunk_000628.json,historical_logs_and_experiments,48309,620ea622db38f437b5fdb0e030b4901f5fd243f7d7317c9d4a9f7e4b595f2338,.json,json_valid,mechanical_inventory_only
research/logs/checkpoints/n30/chunk_000629.json,historical_logs_and_experiments,48294,f36c847f9020769a67d7b88bfcc27b26a286853116b59dfc0c88ca9d3bfd88ad,.json,json_valid,mechanical_inventory_only
research/logs/checkpoints/n30/chunk_000630.json,historical_logs_and_experiments,48692,646c235111735eb3065404f0dcb241937758f7a5f2104fe6f5eb0f8830a3b22d,.json,json_valid,mechanical_inventory_only
research/logs/checkpoints/n30/chunk_000631.json,historical_logs_and_experiments,48776,89aa266ceee0cc2513434b4907fd52ae3606616152ba9fbcdddde7e3cb3cdd47,.json,json_valid,mechanical_inventory_only
research/logs/checkpoints/n30/chunk_000632.json,historical_logs_and_experiments,48288,1a8081b65433029127323a7828a51a14f2b6a08be370d3f7b2195295623c5bcd,.json,json_valid,mechanical_inventory_only
research/logs/checkpoints/n30/chunk_000633.json,historical_logs_and_experiments,48639,3d0820f59ea56228cd005d3300e60138d2f8002f0c47ba8b90f0b5bdd4058214,.json,json_valid,mechanical_inventory_only
research/logs/checkpoints/n30/chunk_000634.json,historical_logs_and_experiments,48677,0a797fab01023077a935ee3c7ed57acaeb159253f86698c83cf3ed8bcb13cec2,.json,json_valid,mechanical_inventory_only
research/logs/checkpoints/n30/chunk_000635.json,historical_logs_and_experiments,48658,5be55a1ccfb0b05bcf190cbb135f23266bd79eb6766c6c145f4c764de497d891,.json,json_valid,mechanical_inventory_only
research/logs/checkpoints/n30/chunk_000636.json,historical_logs_and_experiments,48708,1746be2e02736c737aa9cc7bb659c0caaad1ee9315886cd0aebd8f75f825b0df,.json,json_valid,mechanical_inventory_only
research/logs/checkpoints/n30/chunk_000637.json,historical_logs_and_experiments,48706,c02204b64e7bcdfd395b46c8b9fa8b7a574f2832db92f1be299b2058185e1c4c,.json,json_valid,mechanical_inventory_only
research/logs/checkpoints/n30/chunk_000638.json,historical_logs_and_experiments,48763,e0929f73071f3ad69b121a152c57a1ba8e8f78cf92625dc9de508a8cd1f170f4,.json,json_valid,mechanical_inventory_only
research/logs/checkpoints/n30/chunk_000639.json,historical_logs_and_experiments,48286,75ebb82f335d901ee86698a60e14e6b80d251134ae2227062214a0d1bcdaae50,.json,json_valid,mechanical_inventory_only
research/logs/checkpoints/n30/chunk_000640.json,historical_logs_and_experiments,48277,a9847299b3e8e16bbbe3277887adeff39477b02d916a7ab999539f29fa5ecd66,.json,json_valid,mechanical_inventory_only
research/logs/checkpoints/n30/chunk_000641.json,historical_logs_and_experiments,48751,8015951d52aa864bdb0bb949951e6ab44e81ab932e5c637a9e077dadf57aae02,.json,json_valid,mechanical_inventory_only
research/logs/checkpoints/n30/chunk_000642.json,historical_logs_and_experiments,48764,f13f21276b0d13f60813aef78e45b2d8abf17f1cfb1e1316eb19a83903231653,.json,json_valid,mechanical_inventory_only
research/logs/checkpoints/n30/chunk_000643.json,historical_logs_and_experiments,48751,ae49727df745fa96a0b3c09c174e8ebf24d5f8898d73e784891c800cd1c5d3dd,.json,json_valid,mechanical_inventory_only
research/logs/checkpoints/n30/chunk_000644.json,historical_logs_and_experiments,48660,f4df158e9a0cec91025b80349e7e0d01389888e57be287daa1aead52ab221617,.json,json_valid,mechanical_inventory_only
research/logs/checkpoints/n30/chunk_000645.json,historical_logs_and_experiments,48656,a2b28f8b7f679c28c233ee2e311e0f043c5dbc71341653d32f57bc7ea2681008,.json,json_valid,mechanical_inventory_only
research/logs/checkpoints/n30/chunk_000646.json,historical_logs_and_experiments,48717,937a12c1e5bc7cc428b08a57b31e7f1900cba9cd4647bddf0678b59eb1245c86,.json,json_valid,mechanical_inventory_only
research/logs/checkpoints/n30/chunk_000647.json,historical_logs_and_experiments,48762,210d0c72860b463b905919a3605139132d342f454edf3a955affba3b4f06c3e8,.json,json_valid,mechanical_inventory_only
research/logs/checkpoints/n30/chunk_000648.json,historical_logs_and_experiments,48725,79f569e2dd43c87b3345b7c77ed70a6efb2e4c83ebd74faf7638c614cbd877ac,.json,json_valid,mechanical_inventory_only
research/logs/checkpoints/n30/chunk_000649.json,historical_logs_and_experiments,48696,0d76481f5a4f82f3a6da31a29ddad99e21de4dac2898965a2312e75c43213ecd,.json,json_valid,mechanical_inventory_only
research/logs/checkpoints/n30/chunk_000650.json,historical_logs_and_experiments,48760,50e0dc2d385db65411157716eaff49f212fbc162c05d7c9a827826cea59178eb,.json,json_valid,mechanical_inventory_only
research/logs/checkpoints/n30/chunk_000651.json,historical_logs_and_experiments,48768,e6b02aca9b12a1048cd7b2c413172ec6db3dd10200c96294a38bb56aba851cd6,.json,json_valid,mechanical_inventory_only
research/logs/checkpoints/n30/chunk_000652.json,historical_logs_and_experiments,48747,d6978772e1a3031b5e8bc740accc32a72916b65ca6f7ee5c623644fd625e6cf5,.json,json_valid,mechanical_inventory_only
research/logs/checkpoints/n30/chunk_000653.json,historical_logs_and_experiments,48762,91628e10f809f9588c7b5d1ed4b78a0550fcefe5f0b613cf6884ab1503e41887,.json,json_valid,mechanical_inventory_only
research/logs/checkpoints/n30/chunk_000654.json,historical_logs_and_experiments,48741,94cee8a991a8b37ee6435338ca3a4e1ed795af39c0cb87b699e13c849fca62d6,.json,json_valid,mechanical_inventory_only
research/logs/checkpoints/n30/chunk_000655.json,historical_logs_and_experiments,48723,f47fbf2f6a8630df27b9cb369a31366af423fa6b0bf99cf7f65d6b7fd15a4de5,.json,json_valid,mechanical_inventory_only
research/logs/checkpoints/n30/chunk_000656.json,historical_logs_and_experiments,48700,ae408d803e3db71d488ecf1878a096ee69950183971667828763b4699447f7e4,.json,json_valid,mechanical_inventory_only
research/logs/checkpoints/n30/chunk_000657.json,historical_logs_and_experiments,48700,b212b26908115bcf22ccbda3d8bbd546e5cf43b462d702380cf8162c5ab8c980,.json,json_valid,mechanical_inventory_only
research/logs/checkpoints/n30/chunk_000658.json,historical_logs_and_experiments,48748,f7a6fd6661f2253933a620c661bf723e1b612b30b83449e3dd06478968151965,.json,json_valid,mechanical_inventory_only
research/logs/checkpoints/n30/chunk_000659.json,historical_logs_and_experiments,48702,22919ca33e396af008c083068554ee6e7bcf86cbcebb19ea71c646d9043ce7ef,.json,json_valid,mechanical_inventory_only
research/logs/checkpoints/n30/chunk_000660.json,historical_logs_and_experiments,48760,74ed71dfcf3e0336bba27edce8b490c840d7c113d691f278bc4c51c49f7bff72,.json,json_valid,mechanical_inventory_only
research/logs/checkpoints/n30/chunk_000661.json,historical_logs_and_experiments,48769,fe3b0ba39e2b9629bb874ffe799885aa3a8cbbec794c87b80f4189d5b46f03c3,.json,json_valid,mechanical_inventory_only
research/logs/checkpoints/n30/chunk_000662.json,historical_logs_and_experiments,48787,afd062df387a1139ae34fc1400ab51af325f2528df9615a43e33c51e890018d8,.json,json_valid,mechanical_inventory_only
research/logs/checkpoints/n30/chunk_000663.json,historical_logs_and_experiments,48349,cea2d49854a835bc17214c7831e3f15a115ae6870f6f0925445c99a53580457c,.json,json_valid,mechanical_inventory_only
research/logs/checkpoints/n30/chunk_000664.json,historical_logs_and_experiments,48752,45c651e72575045adece14997decc983992a797ebbda9404bbfbba4f3a5e0cba,.json,json_valid,mechanical_inventory_only
research/logs/checkpoints/n30/chunk_000665.json,historical_logs_and_experiments,48710,ab9d4e5a8e5b5e041e881b40a80dfc9a6397a9ff26469f5f0b57e8d2bd8c093e,.json,json_valid,mechanical_inventory_only
research/logs/checkpoints/n30/chunk_000666.json,historical_logs_and_experiments,48793,5be1d99c5aab22c73f6a52d30dd2ca3ec2a964b3dc0cd933be7689ee10499b09,.json,json_valid,mechanical_inventory_only
research/logs/checkpoints/n30/chunk_000667.json,historical_logs_and_experiments,48712,1bb4822ea09e96a8fcb29694209fff4306cfce9b6a57e613eea3d6b458fde740,.json,json_valid,mechanical_inventory_only
research/logs/checkpoints/n30/chunk_000668.json,historical_logs_and_experiments,48660,b7b48d2e966c1fadcef4b9a15e08a2cd27fe22b09ccbd312b83d0fabba1d23ea,.json,json_valid,mechanical_inventory_only
research/logs/checkpoints/n30/chunk_000669.json,historical_logs_and_experiments,48727,3315d92a6026aecf2b39b3d2f4218d0e1ad585ea92a0638304e77a767036e908,.json,json_valid,mechanical_inventory_only
research/logs/checkpoints/n30/chunk_000670.json,historical_logs_and_experiments,48711,19b2be13ad6452fc00aa4f5f6648c65c8c6beb8cf80ef1397dff72b5a9415799,.json,json_valid,mechanical_inventory_only
research/logs/checkpoints/n30/chunk_000671.json,historical_logs_and_experiments,48866,4116c10e7882364837949aed1b74ea887e7fc88b1d5f9e87741debb373587342,.json,json_valid,mechanical_inventory_only
research/logs/checkpoints/n30/chunk_000672.json,historical_logs_and_experiments,48840,94ada076d4c968f0654ae12de9b9c5ff8892636a3e4453d70268adb8a30d6b63,.json,json_valid,mechanical_inventory_only
research/logs/checkpoints/n30/chunk_000673.json,historical_logs_and_experiments,48836,c9657c89140e2bb597cb32b4d15286250c7232cb4e90bffd761b684312a76144,.json,json_valid,mechanical_inventory_only
research/logs/checkpoints/n30/chunk_000674.json,historical_logs_and_experiments,48848,bb2804baf37f9585cbde548d8f1d18d3419ce804bc355dee444fa97e3b0deaa4,.json,json_valid,mechanical_inventory_only
research/logs/checkpoints/n30/chunk_000675.json,historical_logs_and_experiments,48819,e7347e56dca3bb89d9ccfbe0a2e99d7b9c1610387bcbbb7040fc4d19f659f836,.json,json_valid,mechanical_inventory_only
research/logs/checkpoints/n30/chunk_000676.json,historical_logs_and_experiments,48383,5d802249cab0e2091c841e065a4d7623689ed1e7d0d60fd9b9017f3b21f170b8,.json,json_valid,mechanical_inventory_only
research/logs/checkpoints/n30/chunk_000677.json,historical_logs_and_experiments,48869,184f375e151d3ff49157649a1fdfd3b5eeb11b344216a2ee3a5dc41d8f860ba2,.json,json_valid,mechanical_inventory_only
research/logs/checkpoints/n30/chunk_000678.json,historical_logs_and_experiments,48381,3eab4ca16c94a4013cce8bce9c8a3cdad1d749362a18fa57a7c06f04dcdcd387,.json,json_valid,mechanical_inventory_only
research/logs/checkpoints/n30/chunk_000679.json,historical_logs_and_experiments,48405,f5140a9a6d43ec1d7210dbdf41bb40670fd9415525e45aa2ae342a8a5005e4e4,.json,json_valid,mechanical_inventory_only
research/logs/checkpoints/n30/chunk_000680.json,historical_logs_and_experiments,48863,bd0f34cb37511cce6afa0ed4fe074d79cb0476e32bfae81cd33401b5d4a4d96f,.json,json_valid,mechanical_inventory_only
research/logs/checkpoints/n30/chunk_000681.json,historical_logs_and_experiments,48885,33a05941b84c9a59446ad4eb74676047de3f13e3b06738298fc684648458892c,.json,json_valid,mechanical_inventory_only
research/logs/checkpoints/n30/chunk_000682.json,historical_logs_and_experiments,48880,193b6f3354ada4041b38da6af38845ee0760efeb7aef8398abbc020bfce3698b,.json,json_valid,mechanical_inventory_only
research/logs/checkpoints/n30/chunk_000683.json,historical_logs_and_experiments,48375,3bb6f85185c3501c9d354148e9597413ba103fffea48df29fdea5684cc8a3b38,.json,json_valid,mechanical_inventory_only
research/logs/checkpoints/n30/chunk_000684.json,historical_logs_and_experiments,48373,9d05628d1b1fe26b4b05f6de01d342863449d2a4dd7a07554409ebb7af408b1e,.json,json_valid,mechanical_inventory_only
research/logs/checkpoints/n30/chunk_000685.json,historical_logs_and_experiments,48377,cc633bea3fd0e419778fb6b3f34cc791a112fb74e5e93a89528f472624519ab1,.json,json_valid,mechanical_inventory_only
research/logs/checkpoints/n30/chunk_000686.json,historical_logs_and_experiments,48418,acb225da867084a30507c7d2057b6d4378c7f83dc8a322d1887e436a2708a87a,.json,json_valid,mechanical_inventory_only
research/logs/checkpoints/n30/chunk_000687.json,historical_logs_and_experiments,48370,ecf27cf6174ae6e6539d4d0743657f40e5303c32b93569ea1232d938fab50723,.json,json_valid,mechanical_inventory_only
research/logs/checkpoints/n30/chunk_000688.json,historical_logs_and_experiments,48374,909022283b185c5758048add41f9fd6f1494efa52dd56ac1971bbc7945e85aa9,.json,json_valid,mechanical_inventory_only
research/logs/checkpoints/n30/chunk_000689.json,historical_logs_and_experiments,48399,f820aea17fe998468db04bd4a902cfbc3300ea56a535886994b7c5a3cceaa820,.json,json_valid,mechanical_inventory_only
research/logs/checkpoints/n30/chunk_000690.json,historical_logs_and_experiments,48850,e1343b1b63953eb3176798f4985d5ece6d0083887791247ba46e7b38909ba280,.json,json_valid,mechanical_inventory_only
research/logs/checkpoints/n30/chunk_000691.json,historical_logs_and_experiments,48822,b530ad7a5daf9f382d5ff4702c09fc37718dbd4c1cd258e5f14d3d06a47b1c5d,.json,json_valid,mechanical_inventory_only
research/logs/checkpoints/n30/chunk_000692.json,historical_logs_and_experiments,48882,e9122e12674828f38147c52143ad04b833ac02d522dec84c373fe021ecde2700,.json,json_valid,mechanical_inventory_only
research/logs/checkpoints/n30/chunk_000693.json,historical_logs_and_experiments,48881,99629c1321e2acc69ce3d7e5decb424e3d6eaf752ab1e9b7c4cd98c68eb0dc80,.json,json_valid,mechanical_inventory_only
research/logs/checkpoints/n30/chunk_000694.json,historical_logs_and_experiments,48878,bc3e4f0bfc9234b34d661dbf81a7d19ffdaac5020a426354096e5c1fc20eff2f,.json,json_valid,mechanical_inventory_only
research/logs/checkpoints/n30/chunk_000695.json,historical_logs_and_experiments,48843,594b41b7937afd81c5da4414205b79af64ee67c82e52b2760b8b3dbfdbfff00a,.json,json_valid,mechanical_inventory_only
research/logs/checkpoints/n30/chunk_000696.json,historical_logs_and_experiments,48793,79ffbb88cc24d1e3c1fdbeb86e5f5a6261dcb4b6cff039b118d4b2bab54a20f5,.json,json_valid,mechanical_inventory_only
research/logs/checkpoints/n30/chunk_000697.json,historical_logs_and_experiments,48153,5f753e03a25dc0c4394371a5d975fc0260dd6d686fafa4eb61745de831e9aedb,.json,json_valid,mechanical_inventory_only
research/logs/checkpoints/n30/chunk_000698.json,historical_logs_and_experiments,48190,e241399a8714e285042eb9df18072683c666b6e6e3f657392bce691a6320ce6e,.json,json_valid,mechanical_inventory_only
research/logs/checkpoints/n30/chunk_000699.json,historical_logs_and_experiments,48267,be61fa7bec969c68ec1e3bd4f43fe5b307eb76c0cba1ce00ff6eb352f6dbb61b,.json,json_valid,mechanical_inventory_only
research/logs/checkpoints/n30/chunk_000700.json,historical_logs_and_experiments,48272,936b2856e20498f42a4245f72f26ec892953bdcabfdd4550002b7ce65eac1445,.json,json_valid,mechanical_inventory_only
research/logs/checkpoints/n30/chunk_000701.json,historical_logs_and_experiments,47810,aa510c370c98df59a42e4f4e8ae9ebd74fecb782ba11f84b0645ff86e916933e,.json,json_valid,mechanical_inventory_only
research/logs/checkpoints/n30/chunk_000702.json,historical_logs_and_experiments,48266,2ce66984e5625ae9c7b548657e54bf60fb08c70821dcc9b51932a5bd6cff65f0,.json,json_valid,mechanical_inventory_only
research/logs/checkpoints/n30/chunk_000703.json,historical_logs_and_experiments,47806,76506d2e568cc72854b6dd4d000df03205ed7252900ce5557faf9132f70e367f,.json,json_valid,mechanical_inventory_only
research/logs/checkpoints/n30/chunk_000704.json,historical_logs_and_experiments,48229,d77d7546a9a50a007f1a7fb90fc14cf03472f51a9338e6ed05f9d561a8a5a3dc,.json,json_valid,mechanical_inventory_only
research/logs/checkpoints/n30/chunk_000705.json,historical_logs_and_experiments,48217,744c7c8cd79f91b5df8c536b1879fafdcef2d0ea33faadabdfa723a7fc85b741,.json,json_valid,mechanical_inventory_only
research/logs/checkpoints/n30/chunk_000706.json,historical_logs_and_experiments,48243,c8794da671ee14c239659faa7710e57061b964ac0bdc6390fb98c4ef3955e1b1,.json,json_valid,mechanical_inventory_only
research/logs/checkpoints/n30/chunk_000707.json,historical_logs_and_experiments,48261,0cb1a393d2be7e9a2249d8df703bb9460b6a868b549c3a3af1af02ada07d4062,.json,json_valid,mechanical_inventory_only
research/logs/checkpoints/n30/chunk_000708.json,historical_logs_and_experiments,48241,b9f3d2ae5b407f907869a413f6ee55f13901d27e3d417982d22b2af6fae129bc,.json,json_valid,mechanical_inventory_only
research/logs/checkpoints/n30/chunk_000709.json,historical_logs_and_experiments,47811,b6b796d453a52ee624fc69d0145e90b4d0b93bc757d0da302db5748748acad5f,.json,json_valid,mechanical_inventory_only
research/logs/checkpoints/n30/chunk_000710.json,historical_logs_and_experiments,47824,2d40768466b2fefddae06b6ef7156789d76869538cd0338d149fa79387785535,.json,json_valid,mechanical_inventory_only
research/logs/checkpoints/n30/chunk_000711.json,historical_logs_and_experiments,47831,fa13c576c728e348020df9190260cd8b9c51ba6dc1488f94a03fc1bd66c44826,.json,json_valid,mechanical_inventory_only
research/logs/checkpoints/n30/chunk_000712.json,historical_logs_and_experiments,47784,040f12d3548a5e2cd5a08fffcf2d66342e2f59647731aadcbb210fd614b22572,.json,json_valid,mechanical_inventory_only
research/logs/checkpoints/n30/chunk_000713.json,historical_logs_and_experiments,47783,79754fee3fb2e80c99ec01b01da7cae8dfa66d8e023088fbccc13a0ef87d5c41,.json,json_valid,mechanical_inventory_only
research/logs/checkpoints/n30/chunk_000714.json,historical_logs_and_experiments,48243,4941f7b29e19c2f3592d8ad601f6d3861b2b81b78c6032436bad864b05fa4294,.json,json_valid,mechanical_inventory_only
research/logs/checkpoints/n30/chunk_000715.json,historical_logs_and_experiments,47805,d1a59c57f17be00f2b0e4d8b34067aba3949d2f5052f3ed790c7d36d1bb0aab7,.json,json_valid,mechanical_inventory_only
research/logs/checkpoints/n30/chunk_000716.json,historical_logs_and_experiments,47786,4d5c738f005aafc0941de3450cc6cab6460b11ae3f6b0a885e7df2af42f710cc,.json,json_valid,mechanical_inventory_only
research/logs/checkpoints/n30/chunk_000717.json,historical_logs_and_experiments,47775,33a90b5c7b65a4b8348ccbfd09feabcf0d4bfff8c0ec5f823e98a12d2ad9e4a3,.json,json_valid,mechanical_inventory_only
research/logs/checkpoints/n30/chunk_000718.json,historical_logs_and_experiments,47781,b2a07e4eec2b1001ca312c70609ecda4eeae359f7d72f931236c0bcab818f70c,.json,json_valid,mechanical_inventory_only
research/logs/checkpoints/n30/chunk_000719.json,historical_logs_and_experiments,47813,6c3ca9c25129c37b0ecde6ef6b2d5fa4f3ee28e77fe9274554bbe2791fb4ade8,.json,json_valid,mechanical_inventory_only
research/logs/checkpoints/n30/chunk_000720.json,historical_logs_and_experiments,47770,8c3514faa0e92125567aecb65ebdff0138d87a56abce68f4a13567d1a34bfe4a,.json,json_valid,mechanical_inventory_only
research/logs/checkpoints/n30/chunk_000721.json,historical_logs_and_experiments,48227,abcf30238864d86d5bf4901492777558dfecc7252fdeb2b27cdc380fbef0c398,.json,json_valid,mechanical_inventory_only
research/logs/checkpoints/n30/chunk_000722.json,historical_logs_and_experiments,48232,0524c754a8d1d458227415c363c7081025e6e4e16df0731c416be26ea32ded9b,.json,json_valid,mechanical_inventory_only
research/logs/checkpoints/n30/chunk_000723.json,historical_logs_and_experiments,48234,602227010987e2458eef2239ece19f7a52be680b0a04965264689f3e28ffaf43,.json,json_valid,mechanical_inventory_only
research/logs/checkpoints/n30/chunk_000724.json,historical_logs_and_experiments,48215,ba2912a62d3ccd1231c0f7849c70026a5313cc046fe706dadba74c9af2bb109e,.json,json_valid,mechanical_inventory_only
research/logs/checkpoints/n30/chunk_000725.json,historical_logs_and_experiments,48255,7bc2ffb4b173fd6099695aacebf25f1fe3db8830a4042ef29cc13e3443057047,.json,json_valid,mechanical_inventory_only
research/logs/checkpoints/n30/chunk_000726.json,historical_logs_and_experiments,47798,7f3d9bf41b779b8dafb6185235268578791783e75cf96db20753e3f3f5015376,.json,json_valid,mechanical_inventory_only
research/logs/checkpoints/n30/chunk_000727.json,historical_logs_and_experiments,47813,18eadeb1ea57417d450adb187c8e2eabb9e9d9c19b2567a7987ff6124151eeff,.json,json_valid,mechanical_inventory_only
research/logs/checkpoints/n30/chunk_000728.json,historical_logs_and_experiments,47803,4115bd37d864056f1717be13d649d43ec9d916251bba023b35eb1d3a3f795e84,.json,json_valid,mechanical_inventory_only
research/logs/checkpoints/n30/chunk_000729.json,historical_logs_and_experiments,47787,66cbe3a5e4bda482c6d066714e7764a5db27d8de3524d1c04abf1f3b6799aa3c,.json,json_valid,mechanical_inventory_only
research/logs/checkpoints/n30/chunk_000730.json,historical_logs_and_experiments,47806,ef63e7647763678db7c173c8e9bbd05d758727a3da84cd4e93a3aa13578c3cc4,.json,json_valid,mechanical_inventory_only
research/logs/checkpoints/n30/chunk_000731.json,historical_logs_and_experiments,47775,ccbe557f8f39cf13bd2e4c6b0f14c04ba1473e0e48179515f847b1abe94da020,.json,json_valid,mechanical_inventory_only
research/logs/checkpoints/n30/chunk_000732.json,historical_logs_and_experiments,47815,54490888ed247d55f7267df56d8d395c2c605be495bff78d16cf8ffb3313b72b,.json,json_valid,mechanical_inventory_only
research/logs/checkpoints/n30/chunk_000733.json,historical_logs_and_experiments,47763,c669e2fdcf82981e14eddcadca269ad41d407b72bbe48c9b4810ca1ef6c8e294,.json,json_valid,mechanical_inventory_only
research/logs/checkpoints/n30/chunk_000734.json,historical_logs_and_experiments,48256,aa1658db6944b3718b4d54120c500f1642513f09dff303ae1714c76d63c1872a,.json,json_valid,mechanical_inventory_only
research/logs/checkpoints/n30/chunk_000735.json,historical_logs_and_experiments,47783,a5d85b9c8a853cb9da0803291e543038bd72ba0d8fdf42e20f30e982ff157ceb,.json,json_valid,mechanical_inventory_only
research/logs/checkpoints/n30/chunk_000736.json,historical_logs_and_experiments,47787,92592a8a7b26ecffec8e4d354fc9632bee6d16c971e2b54ad31de33f13e1e93a,.json,json_valid,mechanical_inventory_only
research/logs/checkpoints/n30/chunk_000737.json,historical_logs_and_experiments,48264,b831c910bc63e48620e261f45c3d9e5d4176fce1bce7fa4a1a5da53ac10652e3,.json,json_valid,mechanical_inventory_only
research/logs/checkpoints/n30/chunk_000738.json,historical_logs_and_experiments,48294,4b8d9ed909e77e440f3a19ff080c727a2bd3c65bd8b8ed67450a21a44fa4ddfb,.json,json_valid,mechanical_inventory_only
research/logs/checkpoints/n30/chunk_000739.json,historical_logs_and_experiments,48212,23417e8742f11a0e0d7514509d265f590e6fe4ead980373bd8e8c0397ff72350,.json,json_valid,mechanical_inventory_only
research/logs/checkpoints/n30/chunk_000740.json,historical_logs_and_experiments,48252,73b7b2d7c539ea92986b8f6c5102eeadf99ec27ee5d9b29ee80bc5aa3190ebf5,.json,json_valid,mechanical_inventory_only
research/logs/checkpoints/n30/chunk_000741.json,historical_logs_and_experiments,47743,96b425038b6e09c37d8c7f522966d794019a5d8c6922c5abfc7f9d5df65347a6,.json,json_valid,mechanical_inventory_only
research/logs/checkpoints/n30/chunk_000742.json,historical_logs_and_experiments,47772,7e098f15a1f898cf39af71117a922d867d92148e74c72117bd8f501e974969a7,.json,json_valid,mechanical_inventory_only
research/logs/checkpoints/n30/chunk_000743.json,historical_logs_and_experiments,48255,4bcf9cab0177065e980cf440278954aaf807925b1f1a98ff509a1e1d9075f82d,.json,json_valid,mechanical_inventory_only
research/logs/checkpoints/n30/chunk_000744.json,historical_logs_and_experiments,48267,e6a2f31de92ba10ce135dbd990d7a69181c34f077d032310e88c573de9042ad8,.json,json_valid,mechanical_inventory_only
research/logs/checkpoints/n30/chunk_000745.json,historical_logs_and_experiments,48271,814eb198409acdfbe2642f4b0b44d735368f53b1c4ecea3008c5c72c6fbfa66d,.json,json_valid,mechanical_inventory_only
research/logs/checkpoints/n30/chunk_000746.json,historical_logs_and_experiments,48276,6c9c0ac31dfad153272de07ec9a428b8a8f97a7f326e34a6de12abeae5042e1e,.json,json_valid,mechanical_inventory_only
research/logs/checkpoints/n30/chunk_000747.json,historical_logs_and_experiments,48252,e00b23104ac8364e8fcbbbaf71fd46c9fdb9e83c1dff15f63997e2ad2495fdf2,.json,json_valid,mechanical_inventory_only
research/logs/checkpoints/n30/chunk_000748.json,historical_logs_and_experiments,48705,340c392ae42c8f262d385fa54b15e2cfbce51073eed04aad944fc7e3ce35f864,.json,json_valid,mechanical_inventory_only
research/logs/checkpoints/n30/chunk_000749.json,historical_logs_and_experiments,48261,d9f895d49eae8d7c3e2c5a87821e386c3923dfba70a69c277596ee1daa69e211,.json,json_valid,mechanical_inventory_only
research/logs/checkpoints/n30/chunk_000750.json,historical_logs_and_experiments,48267,9de2d624a9a9828986a96fd150917edf9359a93026d0deddf40b6fcf61b939c8,.json,json_valid,mechanical_inventory_only
research/logs/checkpoints/n30/chunk_000751.json,historical_logs_and_experiments,48192,a96514bde84f8e4eceddd51fcbc9692a4a361f493c68a164f07fa59628aff820,.json,json_valid,mechanical_inventory_only
research/logs/checkpoints/n30/chunk_000752.json,historical_logs_and_experiments,47796,41e8ef04adb1e2826c6c6f1e9448b31b70bc8ab66db5716806bf4feb6109bd48,.json,json_valid,mechanical_inventory_only
research/logs/checkpoints/n30/chunk_000753.json,historical_logs_and_experiments,47768,5c3b07ca3cb2f08dc654cdd05896f0b17897e673de71331d656a077ff8882b36,.json,json_valid,mechanical_inventory_only
research/logs/checkpoints/n30/chunk_000754.json,historical_logs_and_experiments,47788,b0c9bbf63159b3b7ba5200ca8d3434d2553d8b3e20046038acb35becf2cbad25,.json,json_valid,mechanical_inventory_only
research/logs/checkpoints/n30/chunk_000755.json,historical_logs_and_experiments,47833,1c120efc4e96d9fe0b4adfb95a91c046066f7b42772ee11cd464709feb970748,.json,json_valid,mechanical_inventory_only
research/logs/checkpoints/n30/chunk_000756.json,historical_logs_and_experiments,48297,86e6f1063b545bf891679db39c5de1fe7cac6e2cb99fbea0d0e0517643449433,.json,json_valid,mechanical_inventory_only
research/logs/checkpoints/n30/chunk_000757.json,historical_logs_and_experiments,48244,69277727d9e0f6392d261b5eba6dd49fa48f1af9da9bf78e348c89fb9cf5eaf5,.json,json_valid,mechanical_inventory_only
research/logs/checkpoints/n30/chunk_000758.json,historical_logs_and_experiments,48269,898e6f226b134b5655e7bf2e21700879ba7aefcc921acbd5da6f8b653e8f7ecb,.json,json_valid,mechanical_inventory_only
research/logs/checkpoints/n30/chunk_000759.json,historical_logs_and_experiments,48259,66119d76b853e7dffff007aa4fe7888740520a9a649cdc7fca693438a79fe54e,.json,json_valid,mechanical_inventory_only
research/logs/checkpoints/n30/chunk_000760.json,historical_logs_and_experiments,48259,4e30e1de1fac2acafcd892cb7f615d91dc3177b959825b06a33a18b25eb9c283,.json,json_valid,mechanical_inventory_only
research/logs/checkpoints/n30/chunk_000761.json,historical_logs_and_experiments,48251,58e587b00a775965f1f0616baf5870823f7f0b76795bcee8b0a4eb31ccb0dbeb,.json,json_valid,mechanical_inventory_only
research/logs/checkpoints/n30/chunk_000762.json,historical_logs_and_experiments,48229,ec8de063be40fc0a1c2e076e364ef260ae621ffe098e6508a3ba969a5817bcb8,.json,json_valid,mechanical_inventory_only
research/logs/checkpoints/n30/chunk_000763.json,historical_logs_and_experiments,48242,3b47ea8f0df0dd437ddae5f8297204b09e6640cf835050ba608686f7d475a8c0,.json,json_valid,mechanical_inventory_only
research/logs/checkpoints/n30/chunk_000764.json,historical_logs_and_experiments,48271,868f4a774045946ed1146ab0c38eb6f55637a3b254780159bef35f24424ad013,.json,json_valid,mechanical_inventory_only
research/logs/checkpoints/n30/chunk_000765.json,historical_logs_and_experiments,48272,7e2c039631f790b704b8aca51bcab77e72bc40888f7e1466f749372d068960f4,.json,json_valid,mechanical_inventory_only
research/logs/checkpoints/n30/chunk_000766.json,historical_logs_and_experiments,48248,63b9f44bfcf156e44579cf05d8d3011114a9473b0258c172eb30cafd280b55dd,.json,json_valid,mechanical_inventory_only
research/logs/checkpoints/n30/chunk_000767.json,historical_logs_and_experiments,48256,dcbcf55b337a3c195dcfc74d39f05ac5bc0b0f6a7f9e3eed8b3b5d2bb75bb915,.json,json_valid,mechanical_inventory_only
research/logs/checkpoints/n30/chunk_000768.json,historical_logs_and_experiments,48252,084356e96065d39cb3a9d7b4bd616f6a89bc90d6aaf361479be9dba08277bf96,.json,json_valid,mechanical_inventory_only
research/logs/checkpoints/n30/chunk_000769.json,historical_logs_and_experiments,48200,0dc5ae4784c0234f6749210e723835a1b85013d4afb150f87688054e509e3267,.json,json_valid,mechanical_inventory_only
research/logs/checkpoints/n30/chunk_000770.json,historical_logs_and_experiments,48220,f24c14103904a5f2de053a30405016f28a1890d6f8bcc20ac5f1033646c99ed5,.json,json_valid,mechanical_inventory_only
research/logs/checkpoints/n30/chunk_000771.json,historical_logs_and_experiments,48262,35a78c1ccb1887b895c18b117065532b1fcfed9f8b2aefb78274ba4f5500c512,.json,json_valid,mechanical_inventory_only
research/logs/checkpoints/n30/chunk_000772.json,historical_logs_and_experiments,48222,d9e9ea21d2fe878366ae3853b2765fcadb5cc6c3fdae70dbb11a297903faade0,.json,json_valid,mechanical_inventory_only
research/logs/checkpoints/n30/chunk_000773.json,historical_logs_and_experiments,48243,21b825e84389ec3c8aa1add07b6d3376d286ead0fd150ecbbb4a7aa6a8f9e707,.json,json_valid,mechanical_inventory_only
research/logs/checkpoints/n30/chunk_000774.json,historical_logs_and_experiments,48293,5832879d71bcdc5322d34e45b31137a7b15fe0c31fcad867ec1236085fa24c97,.json,json_valid,mechanical_inventory_only
research/logs/checkpoints/n30/chunk_000775.json,historical_logs_and_experiments,48255,174098987206b5bb88f94912a180a4e313f2d5d13460a950ac5a828a735dc6d7,.json,json_valid,mechanical_inventory_only
research/logs/checkpoints/n30/chunk_000776.json,historical_logs_and_experiments,48215,c1dd3d709e0da4cd535f43172dc07f961bf96d81fe68a8762b1883e3a5832a38,.json,json_valid,mechanical_inventory_only
research/logs/checkpoints/n30/chunk_000777.json,historical_logs_and_experiments,48233,7eea8d7b643f0dfd6ad236907b6712b0923c343fe53f537d8c36e1f933f1e9c7,.json,json_valid,mechanical_inventory_only
research/logs/checkpoints/n30/chunk_000778.json,historical_logs_and_experiments,48276,c8b6f690be4e4a39836fa168e29b19c08171df0adbeb1679ecab465104190b99,.json,json_valid,mechanical_inventory_only
research/logs/checkpoints/n30/chunk_000779.json,historical_logs_and_experiments,48256,0a2b4646ea20c051e37c3b5baa1b6ff5a025444c1efd681790cb5971db327141,.json,json_valid,mechanical_inventory_only
research/logs/checkpoints/n30/chunk_000780.json,historical_logs_and_experiments,48260,95a98c017fc5acd6ee5f11dbb3aa14d8935bba54adc98653022149d316dfdc89,.json,json_valid,mechanical_inventory_only
research/logs/checkpoints/n30/chunk_000781.json,historical_logs_and_experiments,47785,d458a649383b54b2f447f7edd7ccb73402b1adca5ef79cf8ed3db85854445ccf,.json,json_valid,mechanical_inventory_only
research/logs/checkpoints/n30/chunk_000782.json,historical_logs_and_experiments,48252,3a714ce45e49d54cd17059c6ed15b643646401a5d452a7df4783237b8d372d8f,.json,json_valid,mechanical_inventory_only
research/logs/checkpoints/n30/chunk_000783.json,historical_logs_and_experiments,48282,8f00c45fb653cadb1d051d2c56504736cdb5c9fd386c57c74f4f2c7bf4ad1290,.json,json_valid,mechanical_inventory_only
research/logs/checkpoints/n30/chunk_000784.json,historical_logs_and_experiments,48317,a8c07badf96a243f403003847eb566c8fc6b8cf6f4035686785a0aaf231bf205,.json,json_valid,mechanical_inventory_only
research/logs/checkpoints/n30/chunk_000785.json,historical_logs_and_experiments,48229,f70ed79cd7c532b4689436014c4945d6b315d772466560838ae70adfd58d8810,.json,json_valid,mechanical_inventory_only
research/logs/checkpoints/n30/chunk_000786.json,historical_logs_and_experiments,48253,8cb5ba389ab5a9489b499d06e4ed1accda110f292d49e494145091c939a9cb7b,.json,json_valid,mechanical_inventory_only
research/logs/checkpoints/n30/chunk_000787.json,historical_logs_and_experiments,48229,6bc24e760cb7620a6747ba4ab3d099251db7d2bdfc1012c9f72cfbaf7636f8fc,.json,json_valid,mechanical_inventory_only
research/logs/checkpoints/n30/chunk_000788.json,historical_logs_and_experiments,48309,48213dcf9547788003f4f19169d6738c3931c0a35889ae40814bec5f9c375ffa,.json,json_valid,mechanical_inventory_only
research/logs/checkpoints/n30/chunk_000789.json,historical_logs_and_experiments,48281,af522585d84161aa7a1b98fc4f66fb298ce7101b74661d3ae7022b8b786a9d29,.json,json_valid,mechanical_inventory_only
research/logs/checkpoints/n30/chunk_000790.json,historical_logs_and_experiments,48217,7dcc215e24bb88d40a2894da79f01e4600f8d22cc74adac3bbe77888d82285b9,.json,json_valid,mechanical_inventory_only
research/logs/checkpoints/n30/chunk_000791.json,historical_logs_and_experiments,48269,d495b0b8a17327531bca576a2fc5510457aa0214fef8d6df101c31af1c5c6fe7,.json,json_valid,mechanical_inventory_only
research/logs/checkpoints/n30/chunk_000792.json,historical_logs_and_experiments,48258,c88b20b390503396c8863f0139241f9c4c9dd719ec318e10799f1a6b8b73e7aa,.json,json_valid,mechanical_inventory_only
research/logs/checkpoints/n30/chunk_000793.json,historical_logs_and_experiments,48352,e2004ff37c0fdc34684994b9f504918a76a66fdf4cfbdc03c2abbd0a3bff894d,.json,json_valid,mechanical_inventory_only
research/logs/checkpoints/n30/chunk_000794.json,historical_logs_and_experiments,48339,b9c755fb6f9203e4d4d484a079d9ca43b153a96536a78c238698cbf80e1a6aae,.json,json_valid,mechanical_inventory_only
research/logs/checkpoints/n30/chunk_000795.json,historical_logs_and_experiments,48356,8c6cf705e206125ab0d2c74db9ca18e652db9fb796bf2039d5efc8e90e325fa1,.json,json_valid,mechanical_inventory_only
research/logs/checkpoints/n30/chunk_000796.json,historical_logs_and_experiments,48380,01f5e8d1f76c2821e171f7098f2d4168d49a6e9ec2f51d5388507b51edd47059,.json,json_valid,mechanical_inventory_only
research/logs/checkpoints/n30/chunk_000797.json,historical_logs_and_experiments,48350,8048214a36ca3622ea3a2a156d8e7b1f006a8b70b16010ca0be033a70f4c086c,.json,json_valid,mechanical_inventory_only
research/logs/checkpoints/n30/chunk_000798.json,historical_logs_and_experiments,48398,d528b313adaf65178221a52f862121d13e8f4e056aedfb5c196ee5f5118c051a,.json,json_valid,mechanical_inventory_only
research/logs/checkpoints/n30/chunk_000799.json,historical_logs_and_experiments,48392,1dd05400a28a101707d91e95c204d55335653076e74052862c3cbe578c4b1a23,.json,json_valid,mechanical_inventory_only
research/logs/checkpoints/n30/chunk_000800.json,historical_logs_and_experiments,48369,3a1a2d3d68ea473337d6c0b25d4f29b7e2ce19b856689fb9c01912e5259b06e5,.json,json_valid,mechanical_inventory_only
research/logs/checkpoints/n30/chunk_000801.json,historical_logs_and_experiments,47906,01f10754ff556cef7611a8d41d75627403240304fd060112fefeba9e24703978,.json,json_valid,mechanical_inventory_only
research/logs/checkpoints/n30/chunk_000802.json,historical_logs_and_experiments,47931,d997b50a75ab3768d95045dbcfb00d6b0f87b1da16c4d43731addfacafe69f1b,.json,json_valid,mechanical_inventory_only
research/logs/checkpoints/n30/chunk_000803.json,historical_logs_and_experiments,47969,460cd162c76528319f48420dbe56db6369abb34c0bdb00753945a4ba56142eeb,.json,json_valid,mechanical_inventory_only
research/logs/checkpoints/n30/chunk_000804.json,historical_logs_and_experiments,48365,4c8e268022575a0ca5cded6cd233f8da709ca8246ca4af7cc9e9630773cb7c2d,.json,json_valid,mechanical_inventory_only
research/logs/checkpoints/n30/chunk_000805.json,historical_logs_and_experiments,48411,8429414d93243e5ed1f604053101403daad6db4ddddd40ea8353ab8999edbf2c,.json,json_valid,mechanical_inventory_only
research/logs/checkpoints/n30/chunk_000806.json,historical_logs_and_experiments,48364,cd73c57bd3e1fbac113f2691db81105c6641dafc5dd2c61016a017c320819482,.json,json_valid,mechanical_inventory_only
research/logs/checkpoints/n30/chunk_000807.json,historical_logs_and_experiments,48406,5c418e8edf4bf887a38face6fd492401d11d7d08aa72de29af2b92e2c2308e4d,.json,json_valid,mechanical_inventory_only
research/logs/checkpoints/n30/chunk_000808.json,historical_logs_and_experiments,48376,1f427ad81d2139f394a11f801a915aeaa74e3399c8a0b02cd25206bc7faabdc3,.json,json_valid,mechanical_inventory_only
research/logs/checkpoints/n30/chunk_000809.json,historical_logs_and_experiments,48431,42b628687c39ba807e33b0c70d76c8c20d3bd977c5985f61694ae1c474698a28,.json,json_valid,mechanical_inventory_only
research/logs/checkpoints/n30/chunk_000810.json,historical_logs_and_experiments,48371,775e724b7b50078f94791225d029e3008719e78caba310f3b140080fd1c3ebc3,.json,json_valid,mechanical_inventory_only
research/logs/checkpoints/n30/chunk_000811.json,historical_logs_and_experiments,48392,87a26e60e458eb4381ab109dea08409a0d6fa79fdfb5f2de6f748ea2e42cb036,.json,json_valid,mechanical_inventory_only
research/logs/checkpoints/n30/chunk_000812.json,historical_logs_and_experiments,48343,fced4865add0dc4bd9cd2d206b2f86978d08bcfa964087c8b6adbed6742fb82a,.json,json_valid,mechanical_inventory_only
research/logs/checkpoints/n30/chunk_000813.json,historical_logs_and_experiments,48792,05804f17e3631ba8dfabfbb2d7791cc6fe9cba3069295b1fbdf4812af69bce28,.json,json_valid,mechanical_inventory_only
research/logs/checkpoints/n30/chunk_000814.json,historical_logs_and_experiments,47863,3c75d418352a8e069bc59c1564774cbaf51b2dbdf54ed1f8c4f8fea8c598351b,.json,json_valid,mechanical_inventory_only
research/logs/checkpoints/n30/chunk_000815.json,historical_logs_and_experiments,48360,d411506783f4431f9ae9476eeba5328ecc35f2d0f00ca2b203396792ca74eaa4,.json,json_valid,mechanical_inventory_only
research/logs/checkpoints/n30/chunk_000816.json,historical_logs_and_experiments,47868,1e422de7c0425566b1bc58487640c65129d9217c14c9975508449059533b0c68,.json,json_valid,mechanical_inventory_only
research/logs/checkpoints/n30/chunk_000817.json,historical_logs_and_experiments,48389,ddf90bb7d69ef37e53fc998148d751c0c1d114a3315d9a9fd4bdaaf15c0c8239,.json,json_valid,mechanical_inventory_only
research/logs/checkpoints/n30/chunk_000818.json,historical_logs_and_experiments,48352,ffbc95885b286f21263cff7875f25d2237cac23bfb425e325b846a8371d58661,.json,json_valid,mechanical_inventory_only
research/logs/checkpoints/n30/chunk_000819.json,historical_logs_and_experiments,48323,f5c96ec8b646a8e5b9222445b3005c81f4cee042fe8fd40d7955061e4573fcee,.json,json_valid,mechanical_inventory_only
research/logs/checkpoints/n30/chunk_000820.json,historical_logs_and_experiments,48403,388480f35b5ac17313a45f7a076b5d564c80275e429a8d85f9122c1b209fb3aa,.json,json_valid,mechanical_inventory_only
research/logs/checkpoints/n30/chunk_000821.json,historical_logs_and_experiments,48400,aceab26a7178069743cd65fcaa84148dad937d32e831b832ed8645e6c3fd59fa,.json,json_valid,mechanical_inventory_only
research/logs/checkpoints/n30/chunk_000822.json,historical_logs_and_experiments,48366,c8b0606e35200c05c9f413d178b0abd71a7de8742e900516ca820f52f2d891f5,.json,json_valid,mechanical_inventory_only
research/logs/checkpoints/n30/chunk_000823.json,historical_logs_and_experiments,48327,3e6fc3eab80f55c5b81ca7f90b27b21547829d5de4718e04a0e017077eb330da,.json,json_valid,mechanical_inventory_only
research/logs/checkpoints/n30/chunk_000824.json,historical_logs_and_experiments,47917,c468aef3927a2b2e5ce07323babf36ca115deb439b6e9c806e7605f523c9040b,.json,json_valid,mechanical_inventory_only
research/logs/checkpoints/n30/chunk_000825.json,historical_logs_and_experiments,48385,07305ec0e509eba62b2cc088be207e092056239c053c12b6ae23358f687e0e99,.json,json_valid,mechanical_inventory_only
research/logs/checkpoints/n30/chunk_000826.json,historical_logs_and_experiments,48805,843a3aa85c974861eb12101b207366094e006bc9300508eb9328f02e27a4942e,.json,json_valid,mechanical_inventory_only
research/logs/checkpoints/n30/chunk_000827.json,historical_logs_and_experiments,48804,a41bc95d961d61f59d668192471fce7fd5f8042b6b2f51450e40ac55ba0d6df7,.json,json_valid,mechanical_inventory_only
research/logs/checkpoints/n30/chunk_000828.json,historical_logs_and_experiments,48854,a11ead6dc8beb13e21dcd2093bf4a8d49db8198b3be7cd136bc49cbf59165d73,.json,json_valid,mechanical_inventory_only
research/logs/checkpoints/n30/chunk_000829.json,historical_logs_and_experiments,48867,860107170c26847b19d1eb2ab0f0c81d91d5b5991671ea379db7fed110f46928,.json,json_valid,mechanical_inventory_only
research/logs/checkpoints/n30/chunk_000830.json,historical_logs_and_experiments,48822,fb1b4bd2f4666dc3df55f82a8e52ceb6c095b3ee08a07f66331098a4205e7502,.json,json_valid,mechanical_inventory_only
research/logs/checkpoints/n30/chunk_000831.json,historical_logs_and_experiments,48437,d8fd34d01dcc526b77d8abce457faf5888aa3098749de2164737155b1b39fd2d,.json,json_valid,mechanical_inventory_only
research/logs/checkpoints/n30/chunk_000832.json,historical_logs_and_experiments,48399,292cec6b70576c85e88217d179c31a6c21d22ce37bbede9f87690930b38e4642,.json,json_valid,mechanical_inventory_only
research/logs/checkpoints/n30/chunk_000833.json,historical_logs_and_experiments,48356,22dc8f62c1f8d839c581d5df778038aae02c7b4105f8feea76e4ca6176661e75,.json,json_valid,mechanical_inventory_only
research/logs/checkpoints/n30/chunk_000834.json,historical_logs_and_experiments,48339,8e6de31813ea29db1380a14df3dfc8b0f9765fccbe25dbee443c3250c7763456,.json,json_valid,mechanical_inventory_only
research/logs/checkpoints/n30/chunk_000835.json,historical_logs_and_experiments,48408,dad927ef8f0b6fc80e1e6334b8db1a1bc5ae7e5126edb7e13d5501beca63995d,.json,json_valid,mechanical_inventory_only
research/logs/checkpoints/n30/chunk_000836.json,historical_logs_and_experiments,48867,02f750c69e11a9402f8e6b0f9be17887a178c0fed35e4a9258eb38f001b38878,.json,json_valid,mechanical_inventory_only
research/logs/checkpoints/n30/chunk_000837.json,historical_logs_and_experiments,48451,a5ed8c774558f77b80d71b64c33389fdb1c90ab97afaa3a2864f68444e03f7c1,.json,json_valid,mechanical_inventory_only
research/logs/checkpoints/n30/chunk_000838.json,historical_logs_and_experiments,48855,43b8709e9ed2751a4bd24d1d56a285f61094e20818f78bfd674dc89b4bc53f7d,.json,json_valid,mechanical_inventory_only
research/logs/checkpoints/n30/chunk_000839.json,historical_logs_and_experiments,48870,8a5e9f0600abdac3d50315f0c2825d7931b9e65881f6f59d3c1e42a8494c1af8,.json,json_valid,mechanical_inventory_only
research/logs/checkpoints/n30/chunk_000840.json,historical_logs_and_experiments,48823,cf06a807473f82458278b53340321ca127105726397b651efb47aca4a2d49bcb,.json,json_valid,mechanical_inventory_only
research/logs/checkpoints/n30/chunk_000841.json,historical_logs_and_experiments,48788,564df687ca5eaecf4f40297729fe785ee8a765cd4a3e16240d3fef285b9923fe,.json,json_valid,mechanical_inventory_only
research/logs/checkpoints/n30/chunk_000842.json,historical_logs_and_experiments,47780,8fdb88552a6084e7de8867040f097a2f8059f50ea25a3604d3d466902016a687,.json,json_valid,mechanical_inventory_only
research/logs/checkpoints/n30/chunk_000843.json,historical_logs_and_experiments,47789,08abb3d00d8511741576473cad29b7ea8c86ced21c7b14020f326b0530c5958d,.json,json_valid,mechanical_inventory_only
research/logs/checkpoints/n30/chunk_000844.json,historical_logs_and_experiments,47744,0b8a5056667aedeca9f6108c1c8b21476ab7399de43781c9be6fca322c2bbb8f,.json,json_valid,mechanical_inventory_only
research/logs/checkpoints/n30/chunk_000845.json,historical_logs_and_experiments,47819,5211b057e217a5b68430fb282c0233563919f9c44fccc254ef2833f8f47bc5c2,.json,json_valid,mechanical_inventory_only
research/logs/checkpoints/n30/chunk_000846.json,historical_logs_and_experiments,47739,56909c6cb35ef9896ece6cbedc62eccd12f652e2defe1dd4c209e56bbc310754,.json,json_valid,mechanical_inventory_only
research/logs/checkpoints/n30/chunk_000847.json,historical_logs_and_experiments,47761,b515e9a931582449fd520097b4e69d051bb729e758f30f7f8d8a8428bab293b9,.json,json_valid,mechanical_inventory_only
research/logs/checkpoints/n30/chunk_000848.json,historical_logs_and_experiments,47797,b2bf6abf39bdabc8508df9eef673c5c12668d4cd92ea622e5e3ce34968caa799,.json,json_valid,mechanical_inventory_only
research/logs/checkpoints/n30/chunk_000849.json,historical_logs_and_experiments,47781,453ecc5d2a9b1e89048076aef7d62e1ce529c515292f2c40ba953cc3d628eb41,.json,json_valid,mechanical_inventory_only
research/logs/checkpoints/n30/chunk_000850.json,historical_logs_and_experiments,48208,efeb66a7d6dfd42437110873ed13ce27febfe8455e7f02deec83fa92431d3e5e,.json,json_valid,mechanical_inventory_only
research/logs/checkpoints/n30/chunk_000851.json,historical_logs_and_experiments,48194,b6023ffce2c13edb78edc1b7d4a6ed24fbd1c17143f4aa5e5d94c7de243cfa32,.json,json_valid,mechanical_inventory_only
research/logs/checkpoints/n30/chunk_000852.json,historical_logs_and_experiments,48287,910145d811b447965aa9cedd28d954f09003de146e6c0e5d924fcfb225267436,.json,json_valid,mechanical_inventory_only
research/logs/checkpoints/n30/chunk_000853.json,historical_logs_and_experiments,48254,d2c33dc7e6cce5c7dc8c256228e4f0eeae9e63ea4436cb39ef2a30d90b42c6e2,.json,json_valid,mechanical_inventory_only
research/logs/checkpoints/n30/chunk_000854.json,historical_logs_and_experiments,48224,185daed6f59c7172541f522ccf76ca711d7c20027bbb52fb623f883cb428faf4,.json,json_valid,mechanical_inventory_only
research/logs/checkpoints/n30/chunk_000855.json,historical_logs_and_experiments,48312,73ad42451467d26218f9568c1399b8b5c7c364e2b9cac3eff519c4cd216e7599,.json,json_valid,mechanical_inventory_only
research/logs/checkpoints/n30/chunk_000856.json,historical_logs_and_experiments,48256,a65797c72be9f1533d4b3874de2c27bf8258d11e549204b8dd8e2e37bdf02563,.json,json_valid,mechanical_inventory_only
research/logs/checkpoints/n30/chunk_000857.json,historical_logs_and_experiments,48232,8b3583eab02ff51bf6e669f12ba1fe55d984627493d0b4be1bfef1da478d8aec,.json,json_valid,mechanical_inventory_only
research/logs/checkpoints/n30/chunk_000858.json,historical_logs_and_experiments,48272,a61120ea511f042e1a3ff5b1c49f905cd5dc7007a73c6ef48661d7ed7ca212f3,.json,json_valid,mechanical_inventory_only
research/logs/checkpoints/n30/chunk_000859.json,historical_logs_and_experiments,48264,5581760a67a4bd31e0336850a4e7fddb9beb9235316d3b360558e980f771378f,.json,json_valid,mechanical_inventory_only
research/logs/checkpoints/n30/chunk_000860.json,historical_logs_and_experiments,48353,4e0aaa8130eaed604790f762d013c7c73abf69814db1d358a2adbfac13b340ff,.json,json_valid,mechanical_inventory_only
research/logs/checkpoints/n30/chunk_000861.json,historical_logs_and_experiments,48394,474e3b4f9eade8fbbd252cb45c37546284944713b2631a2d9250806a2633a296,.json,json_valid,mechanical_inventory_only
research/logs/checkpoints/n30/chunk_000862.json,historical_logs_and_experiments,48372,b30d04dfe88b3b23f2daea2f99dce2a0dfb3f594b6435fdcfbce7dfec9767d77,.json,json_valid,mechanical_inventory_only
research/logs/checkpoints/n30/chunk_000863.json,historical_logs_and_experiments,48384,9a01f0ed2b051a64316546080fb5cc1f7aa9da6c846b9cc53b716c127359c4d8,.json,json_valid,mechanical_inventory_only
research/logs/checkpoints/n30/chunk_000864.json,historical_logs_and_experiments,48361,d358dffa26646042a54a3101ef3fba73210b904c51a5ff3e1a46842498472801,.json,json_valid,mechanical_inventory_only
research/logs/checkpoints/n30/chunk_000865.json,historical_logs_and_experiments,48372,eabd93f485cb30c8b151c94b2d0dcd5bf00458279716bed23362175a6ca03bc7,.json,json_valid,mechanical_inventory_only
research/logs/checkpoints/n30/chunk_000866.json,historical_logs_and_experiments,48305,5ecbe51917d7f2c29d19b36a9f1b1ac16569f500f68954faf250016984b0012a,.json,json_valid,mechanical_inventory_only
research/logs/checkpoints/n30/chunk_000867.json,historical_logs_and_experiments,48398,76134d9cc0e432bb29957ad2a8e3b96dc491825c6de85d75fe9b36e8e032378a,.json,json_valid,mechanical_inventory_only
research/logs/checkpoints/n30/chunk_000868.json,historical_logs_and_experiments,48375,91f21491240bd11a92fbfc141d256b68b32ac941a309b6a95c3068f2c799aacb,.json,json_valid,mechanical_inventory_only
research/logs/checkpoints/n30/chunk_000869.json,historical_logs_and_experiments,48329,9c407bf5bb12f0bf0c6db6e194682eb26f1468a872bf11210db8b43e73050df8,.json,json_valid,mechanical_inventory_only
research/logs/checkpoints/n30/chunk_000870.json,historical_logs_and_experiments,48359,db40f59ecd7883a9c24c058245df9226ffedace64578e2a83f6e813ea6a77307,.json,json_valid,mechanical_inventory_only
research/logs/checkpoints/n30/chunk_000871.json,historical_logs_and_experiments,47925,466c7b06415b05e405fb1a60a595b99811c8ba1a3d6d3207ad9fd3e6f4748dab,.json,json_valid,mechanical_inventory_only
research/logs/checkpoints/n30/chunk_000872.json,historical_logs_and_experiments,48385,3c8d3ae9115f05b7517caffddcc050183fc6e1e8d9cded5f01365e67a3240c93,.json,json_valid,mechanical_inventory_only
research/logs/checkpoints/n30/chunk_000873.json,historical_logs_and_experiments,48343,0bdaaa33881dabca147346474eef68d56df239b0b9d8141c2d777c95e4e59198,.json,json_valid,mechanical_inventory_only
research/logs/checkpoints/n30/chunk_000874.json,historical_logs_and_experiments,48347,4747615e0202a679683768d087ec1f96908f2be522eb5de26715c51ea00fec9d,.json,json_valid,mechanical_inventory_only
research/logs/checkpoints/n30/chunk_000875.json,historical_logs_and_experiments,48332,55e95cd3cbf508e2723a28c743284eb287eb9f90136d8c0c1570d27458676567,.json,json_valid,mechanical_inventory_only
research/logs/checkpoints/n30/chunk_000876.json,historical_logs_and_experiments,48370,af5ce345e609c7ec7da7d6b3eb9e5f876c8080ac5dfb9b734b4217aa56fc531a,.json,json_valid,mechanical_inventory_only
research/logs/checkpoints/n30/chunk_000877.json,historical_logs_and_experiments,48333,d6026f0817fefc1968eb7ad1728a119f44b37450b23c54441f92a4504a8c4172,.json,json_valid,mechanical_inventory_only
research/logs/checkpoints/n30/chunk_000878.json,historical_logs_and_experiments,48385,4fff4510589673006631016e41880e98792f4d9676eb29b01fad07820704ea1e,.json,json_valid,mechanical_inventory_only
research/logs/checkpoints/n30/chunk_000879.json,historical_logs_and_experiments,48378,398362cf62fb2a3546cc610d8c2607e66368acad533dd0ab562f241b2d987f31,.json,json_valid,mechanical_inventory_only
research/logs/checkpoints/n30/chunk_000880.json,historical_logs_and_experiments,48363,6449076b9d932a1c03245140787d2a9559d35f3d5431f60e1b2e55bf9af35d5b,.json,json_valid,mechanical_inventory_only
research/logs/checkpoints/n30/chunk_000881.json,historical_logs_and_experiments,48361,f41eb6573b7543cacb2ada287a4777e57386bc5ecb32b4027ce60ba83a28e558,.json,json_valid,mechanical_inventory_only
research/logs/checkpoints/n30/chunk_000882.json,historical_logs_and_experiments,48327,c69bf82d7aa9e80fe9cdf58f6ef8fb9982affee4047c84363bc5cca69316319c,.json,json_valid,mechanical_inventory_only
research/logs/checkpoints/n30/chunk_000883.json,historical_logs_and_experiments,48359,d22e4454e7921c22ca324f3e5e152a4a645d8f8ff4132b75416bfe6db3c5909b,.json,json_valid,mechanical_inventory_only
research/logs/checkpoints/n30/chunk_000884.json,historical_logs_and_experiments,48339,1cf24f2225615bc036495d6d9ddcf2f88bd7e41f360170cdb7111a8eaea6475b,.json,json_valid,mechanical_inventory_only
research/logs/checkpoints/n30/chunk_000885.json,historical_logs_and_experiments,48334,312b49256cb6d0b91e5bbad63c6ee5154bb993c973c187ade971f362315c65fd,.json,json_valid,mechanical_inventory_only
research/logs/checkpoints/n30/chunk_000886.json,historical_logs_and_experiments,48361,19348477fe273f02650a3787d626442c914d19bd0ff6f6d8bcc4ab3c19dfc126,.json,json_valid,mechanical_inventory_only
research/logs/checkpoints/n30/chunk_000887.json,historical_logs_and_experiments,48373,52ebc3a89abb60cb86bbde9b151bf75002ea88b40a57c0149f624bbb97d5352e,.json,json_valid,mechanical_inventory_only
research/logs/checkpoints/n30/chunk_000888.json,historical_logs_and_experiments,48380,2b59080822aae3f766d08fe94934e63f12aa5e7334bfa6487874043046c25a0a,.json,json_valid,mechanical_inventory_only
research/logs/checkpoints/n30/chunk_000889.json,historical_logs_and_experiments,48335,ab48b49d36ba11eb1d979a3a0452644c5b06ea75cd86fbcd24cec5b9653d5cc6,.json,json_valid,mechanical_inventory_only
research/logs/checkpoints/n30/chunk_000890.json,historical_logs_and_experiments,48336,c18b8458f0f829009e1f2bfb98e730710f449aea49e03faac65f964f2425d57b,.json,json_valid,mechanical_inventory_only
research/logs/checkpoints/n30/chunk_000891.json,historical_logs_and_experiments,48327,ac5015252efaa80cc6805549dde907b07f995eb104d44048cf9307c26e250915,.json,json_valid,mechanical_inventory_only
research/logs/checkpoints/n30/chunk_000892.json,historical_logs_and_experiments,48346,2b1a7a9a364f14d3e6020b3741f8dde89a694f1d74cfd408e799d9ef94cc31f6,.json,json_valid,mechanical_inventory_only
research/logs/checkpoints/n30/chunk_000893.json,historical_logs_and_experiments,48260,625f0f8213b88e0f13ae208bb3d2dbc66c240fd7a7aa29201d9101c46e89e31e,.json,json_valid,mechanical_inventory_only
research/logs/checkpoints/n30/chunk_000894.json,historical_logs_and_experiments,47826,26195007dc92198cad0810efc66bf808a8e53101fd7f30652c9d6626cbbb395d,.json,json_valid,mechanical_inventory_only
research/logs/checkpoints/n30/chunk_000895.json,historical_logs_and_experiments,47883,f78f8cdfdbf60cdc7383d6c973b66dd0511790039c198c1183344745337bd90c,.json,json_valid,mechanical_inventory_only
research/logs/checkpoints/n30/chunk_000896.json,historical_logs_and_experiments,48339,ce246a3bb3df6ac9a7af6cee36e6c23f7125c6255034bb1784f4f68e4941abfc,.json,json_valid,mechanical_inventory_only
research/logs/checkpoints/n30/chunk_000897.json,historical_logs_and_experiments,48360,c92a6820e122c709f7ad1d284ecfe26394f017f4a1acad112dc13930ae33424e,.json,json_valid,mechanical_inventory_only
research/logs/checkpoints/n30/chunk_000898.json,historical_logs_and_experiments,48315,7a6b7c022c6a50d24f682203ecde5f69701d55432d856366a37edc7167dfadbb,.json,json_valid,mechanical_inventory_only
research/logs/checkpoints/n30/chunk_000899.json,historical_logs_and_experiments,48371,033039720ec1a9fcf4d0f1064719d85661630865f368dd87e0e421fc30b97d75,.json,json_valid,mechanical_inventory_only
research/logs/checkpoints/n30/chunk_000900.json,historical_logs_and_experiments,47920,5ed031017b5efd150d02aa3a9ce44dadf6d49ba2c34f379e57f364f0efe9d680,.json,json_valid,mechanical_inventory_only
research/logs/checkpoints/n30/chunk_000901.json,historical_logs_and_experiments,47879,c20e3aa71a4be2b12a0dcb7ad59371412d5a7ee7aea9258bc51be152edee8aca,.json,json_valid,mechanical_inventory_only
research/logs/checkpoints/n30/chunk_000902.json,historical_logs_and_experiments,48310,2e53a9a999056aa0d8e82d25e8b2baa5a38e433492b3bd0333ef57703621ea74,.json,json_valid,mechanical_inventory_only
research/logs/checkpoints/n30/chunk_000903.json,historical_logs_and_experiments,47893,98c94fd268c5d12533b7eca15db7ae418d50646b13d6c33eb2ac1101df8eff3d,.json,json_valid,mechanical_inventory_only
research/logs/checkpoints/n30/chunk_000904.json,historical_logs_and_experiments,47874,9c83f90a9e63ae229df495fbaf7c539ea8e2d1d736d848570c8dcc3a11532646,.json,json_valid,mechanical_inventory_only
research/logs/checkpoints/n30/chunk_000905.json,historical_logs_and_experiments,47835,0e159584a06765f406374dce0d56d7f1fe3e701a5e04db8bc06a223c82467c64,.json,json_valid,mechanical_inventory_only
research/logs/checkpoints/n30/chunk_000906.json,historical_logs_and_experiments,15372,fedd76b7d3e95759caea84a56e77205b7f23d70c9d25f2168d6644656bf8d289,.json,json_valid,mechanical_inventory_only
research/logs/checkpoints/n30/chunk_000907.json,historical_logs_and_experiments,2469,58add03ac2b5165947ccaac3804fddebfbee6194b273bc682d7788865ee504f3,.json,json_valid,mechanical_inventory_only
research/logs/checkpoints/n30/manifest.json,historical_logs_and_experiments,211797,56b0cc2c8d12da9d99ca49d66d136d7b40a517cb4211f8fed5eb7b69c83ec7d4,.json,json_valid,mechanical_inventory_only
research/logs/target_a_flux_atlas_n10.json,historical_logs_and_experiments,23772,289a960be208338114d676d780685e600f1f1767653be32d3fa4da7cd22ace77,.json,json_valid,mechanical_inventory_only
research/logs/target_a_flux_atlas_n12.json,historical_logs_and_experiments,28787,8fa3968e10443f669c8e5ce789c6027c04023c6f8e0ea242222ef04e2357f6fd,.json,json_valid,mechanical_inventory_only
research/logs/target_a_flux_atlas_n14.json,historical_logs_and_experiments,36167,fa2761848dec33fa28b2cef338f570b82fe2e3f9fdbe747d6a71c35c4fd270ff,.json,json_valid,mechanical_inventory_only
research/logs/target_a_flux_atlas_n16.json,historical_logs_and_experiments,42034,8c1a726df3d888714119b021add9296b0c44deaa0ace9858a30dcd15f30ba5b7,.json,json_valid,mechanical_inventory_only
research/logs/target_a_flux_atlas_n18.json,historical_logs_and_experiments,49502,ef5af13b0e938e4593fb9bf973f3495e29af4b211c2f4aa170f84fcc3e1c718f,.json,json_valid,mechanical_inventory_only
research/logs/target_a_flux_atlas_n20.json,historical_logs_and_experiments,57821,7fdf97370ae165bf513783936893652371741c74d8150031f8e70d816db2abc1,.json,json_valid,mechanical_inventory_only
research/logs/target_a_flux_atlas_n8.json,historical_logs_and_experiments,17834,04f8765c6b1f003ba86005f7e8e291b75be18f5cc7d6b31a55b1f35aa0d230e7,.json,json_valid,mechanical_inventory_only
research/logs/target_a_flux_search_n22.json,historical_logs_and_experiments,66156,588c5998a83d01c0db9cbc81d0551cbd04d66823c58ce7f506b259e8125264be,.json,json_valid,mechanical_inventory_only
research/logs/target_a_flux_search_n22_d0_6.json,historical_logs_and_experiments,35987,c0b79e58262cc8fc0eceb90be10a8c487b61890f6f196911d04f66b81e23a3be,.json,json_valid,mechanical_inventory_only
research/logs/target_a_period4_diagnostic_n24_28.json,historical_logs_and_experiments,4484,4ca339da81a7f8b7c2df35d468896c20c1014d78f06d33c8bbbc229c2929ce63,.json,json_valid,mechanical_inventory_only
research/logs/target_a_period4_diagnostic_n24_30.json,historical_logs_and_experiments,8171,1d5975b4649759c3ae979d188bceeb27af15d4088520f85fc4fa5efce37a8e3b,.json,json_valid,mechanical_inventory_only
research/logs/target_a_reproduction_n8_18.json,historical_logs_and_experiments,10373,141d0253159acde39473cf4f825f65d438cd56e8433e407c3302fe048ad3715e,.json,json_valid,mechanical_inventory_only
research/logs/target_a_search_n20.json,historical_logs_and_experiments,2335,20a0d812a268d51c4c52188c63827732216815f20901ef83ad680816d82fbcc4,.json,json_valid,mechanical_inventory_only
research/logs/target_a_search_n24.json,historical_logs_and_experiments,122492,3fea700914b3c2d8a08a26bbaf490432123ed1a877c231f0d53ddbdf8f394a51,.json,json_valid,mechanical_inventory_only
research/logs/target_a_search_n26.json,historical_logs_and_experiments,142976,9cb022a9bc7ba5e2ad7d8d1d0427ec3073a64aae60a09ef032f0a2286875f815,.json,json_valid,mechanical_inventory_only
research/logs/target_a_search_n28.json,historical_logs_and_experiments,166572,07644fbae5bbb93da64bc9d532a1a4a41bc38d013dd96ab2b19524f0fe524269,.json,json_valid,mechanical_inventory_only
research/logs/target_a_search_n30.json,historical_logs_and_experiments,176126,34bbeba4b07723eff94eb8cc7b19f640ea2c07674e72cb5b91b3c74ba1a0b449,.json,json_valid,mechanical_inventory_only
research/logs/target_a_structured_search_n100_p12.json,historical_logs_and_experiments,33755,1cfd9b91a686ee25f668e65281b994754fcdff95e87797758fd936516aebee19,.json,json_valid,mechanical_inventory_only
research/notebooks/.gitkeep,other_research_records,1,01ba4719c80b6fe911b091a7c05124b64eeece964e09c058ef8f9805daca546b,none,not_applicable,mechanical_inventory_only
research/paper/.gitkeep,historical_paper_packages,1,01ba4719c80b6fe911b091a7c05124b64eeece964e09c058ef8f9805daca546b,none,not_applicable,mechanical_inventory_only
research/paper/TARGET_A_CHINESE_LANGUAGE_AUDIT.md,historical_paper_packages,1611,c3a2dc0c61b295d4623226c13633a4bf8b1673edea4d6985abd8732b4415669b,.md,not_applicable,mechanical_inventory_only
research/paper/TARGET_A_CHINESE_METADATA.md,historical_paper_packages,972,1fc3bc57bf3a916003a02c11eac7d5f9af5ec3777cec7979efc7d4e8d8f01f32,.md,not_applicable,mechanical_inventory_only
research/paper/TARGET_A_CHINESE_POLISH_PLAN.md,historical_paper_packages,1525,66d9c153606ae4eeabbeffb3ff3395dacf57e8f54bb5f644816ad2c7307eacae,.md,not_applicable,mechanical_inventory_only
research/paper/TARGET_A_CHINESE_PUBLICATION_STATUS.md,historical_paper_packages,1087,ff630992b0cab6a94df360f24e0f30cc3c53e0e6a546ecf7951b363e6cf10b0c,.md,not_applicable,mechanical_inventory_only
research/paper/TARGET_A_CHINESE_PUBLICATION_VISUAL_AUDIT.md,historical_paper_packages,809,ed3c5c5342cc7a7c9800f5a280b4b60db8adf45ec3369d14b7ec61fab0f35b6e,.md,not_applicable,mechanical_inventory_only
research/paper/TARGET_A_CHINESE_TERMINOLOGY.md,historical_paper_packages,1664,ce6fb479c9aa3e903e06c351ef650f76ef13c68c9507f9a180b84b80c4b33873,.md,not_applicable,mechanical_inventory_only
research/paper/TARGET_A_CLAIM_EVIDENCE_MATRIX.md,historical_paper_packages,3873,11a554855ffd0db4189a6d0a2e2fec013b219c126310402f4370bca194529b26,.md,not_applicable,mechanical_inventory_only
research/paper/TARGET_A_CLAIM_INVENTORY.md,historical_paper_packages,4074,03477307b7c423969158f5b8c971c226bb53e3354f8d9b87a1f52aa5c795dbbe,.md,not_applicable,mechanical_inventory_only
research/paper/TARGET_A_FINITE_COMPUTATION_TRUST_MODEL.md,historical_paper_packages,2818,b353fea74b899c2eb85ef6350684c6954d5fb59ddcb54ec259a1ab5cf1ffc65b,.md,not_applicable,mechanical_inventory_only
research/paper/TARGET_A_JOURNAL_VARIANT_NOTES.md,historical_paper_packages,1585,f86502dabfd7a86b12a8838ee1b058c088b82dc7debf466f37c56020689e7d5e,.md,not_applicable,mechanical_inventory_only
research/paper/TARGET_A_LATEX_RECONSTRUCTION_PLAN.md,historical_paper_packages,3046,ee555c946539f77c721bd7a901a8c9b7b708931bd6a11bc582d61fcf38e56605,.md,not_applicable,mechanical_inventory_only
research/paper/TARGET_A_MAJOR_REVISION_PLAN.md,historical_paper_packages,5187,c78e15b82adb93ca808e07c5f193da56c371648c0c224ec30cdf1311711eb7bb,.md,not_applicable,mechanical_inventory_only
research/paper/TARGET_A_MANUSCRIPT_ARCHITECTURE.md,historical_paper_packages,6274,f5855ab0ba2faf523a6a4a6096705767d4315a1d5e1db441f764f9f73a13f1eb,.md,not_applicable,mechanical_inventory_only
research/paper/TARGET_A_METADATA_SUGGESTIONS.md,historical_paper_packages,1387,5b1a8e4424e0271a5de678a6dafb5d027955d09d461a2e1354bc0ece09cd32c3,.md,not_applicable,mechanical_inventory_only
research/paper/TARGET_A_NOTATION.md,historical_paper_packages,3375,dabffdf9a5a2fb02e969edddcbc8bb256a22cd4023f35b509aa2b672a778d28e,.md,not_applicable,mechanical_inventory_only
research/paper/TARGET_A_PRE_SUBMISSION_NOVELTY_REFRESH_PLAN.md,historical_paper_packages,1190,3ef8dc0c8ed28187684e9c98b69cb12d8c5e65663858e585e37aa506feb45322,.md,not_applicable,mechanical_inventory_only
research/paper/TARGET_A_PROOF_CLASSIFICATION.md,historical_paper_packages,2950,30d7c9311665fd7ed8fa500fb3bcd3d0cf77127bf197c31e803479f053d3df68,.md,not_applicable,mechanical_inventory_only
research/paper/TARGET_A_PROOF_COMPRESSION.md,historical_paper_packages,3467,ccbeb194239c75e470242acbd4dd3d2a620d6a3cf599f6498d2fa38cb0531d92,.md,not_applicable,mechanical_inventory_only
research/paper/TARGET_A_PUBLICATION_LATEX_STATUS.md,historical_paper_packages,2541,25d75285864d1d984c52e872ee59034ec5ffdd3700e113b30d6d3a006511a647,.md,not_applicable,mechanical_inventory_only
research/paper/TARGET_A_PUBLICATION_VISUAL_AUDIT.md,historical_paper_packages,2137,ce1b440615b8ccc92f5fed6a6738d5d7d760cdf2c829d62635fc3968fb03ea25,.md,not_applicable,mechanical_inventory_only
research/paper/TARGET_A_RELATED_WORK_MATRIX.md,historical_paper_packages,7780,b5983f5a67c950d51fc4191acd1906bb610e6938b1a7e4c98eec2dcf1d2e83f6,.md,not_applicable,mechanical_inventory_only
research/paper/TARGET_A_REPRODUCIBILITY_STATEMENT.md,historical_paper_packages,2040,d5c07cd4ea2484c7b56c68d964d4cf157a934a7585baf9f3bd36a3b07456a344,.md,not_applicable,mechanical_inventory_only
research/paper/TARGET_A_REVIEWER_TWO_PUBLICATION_REVIEW.md,historical_paper_packages,1527,8a117985ed3bb6d14dd28a93f2ed353796fc1177f267d30005c0cc471a508aea,.md,not_applicable,mechanical_inventory_only
research/paper/TARGET_A_THEOREM_DEPENDENCY_GRAPH.md,historical_paper_packages,1805,9b949541e2b3fbf63cfef7b921d9d97810fafca4b9723df5065587cacc6d2c4e,.md,not_applicable,mechanical_inventory_only
research/paper/TARGET_A_VISUAL_AUDIT_MAJOR_REVISION.md,historical_paper_packages,1595,84db16aacadabf218a713e7695b664397d69d90d122d780f568f68fcee0faa50,.md,not_applicable,mechanical_inventory_only
research/paper/manuscript_md/00_NARRATIVE_AND_SOURCE_MAP.md,historical_paper_packages,4633,4998e4cc149a24db46ea0fa5b0eebaf8525e6d0a9022ad6f16d57d34d54b6379,.md,not_applicable,mechanical_inventory_only
research/paper/manuscript_md/01_TITLE_AND_ABSTRACT.md,historical_paper_packages,2250,35152f9c97e32e36ba1713c197b59ecc35d137141639cc030eda554e867bd7a0,.md,not_applicable,mechanical_inventory_only
research/paper/manuscript_md/02_INTRODUCTION.md,historical_paper_packages,8030,6bba0ce9ff2bbc659768384d519bcc085ff9eb2b9098854c3e6a756b9d1f7f18,.md,not_applicable,mechanical_inventory_only
research/paper/manuscript_md/03_PRELIMINARIES.md,historical_paper_packages,7919,df1a7ef161acc1767f500c3024b21dd48a36019877ff3e9cbf122ec7d2ce8b7d,.md,not_applicable,mechanical_inventory_only
research/paper/manuscript_md/04_SMALLEST_COUNTEREXAMPLE.md,historical_paper_packages,5225,5934f45868300d10b3400bde5d43ab03136775590601450a9fb7529eb0372f1c,.md,not_applicable,mechanical_inventory_only
research/paper/manuscript_md/05_PERIODIC_FLOQUET.md,historical_paper_packages,3688,645dbf8ea8a8df068627a3a9d889cf7d816204ec9171940d5c12d3c244ac402d,.md,not_applicable,mechanical_inventory_only
research/paper/manuscript_md/06_PERIOD8_SPECTRAL_EDGE.md,historical_paper_packages,3940,58033b10f09fd7d4fa0d5c5ce7cd28dfaab8604a497caac8631eb553ad6a5967,.md,not_applicable,mechanical_inventory_only
research/paper/manuscript_md/07_EIGHT_BARRIER.md,historical_paper_packages,6485,c5daba698fa50fe9a7fa2516f1d06e9d709a710ba39a909f139158fea98c59fb,.md,not_applicable,mechanical_inventory_only
research/paper/manuscript_md/08_GENERAL_PERIOD.md,historical_paper_packages,4634,e04708db23d2bb1500703ec9ba2aa06c8e7e37a9d0d8531e14f4ed2e70dec59d,.md,not_applicable,mechanical_inventory_only
research/paper/manuscript_md/09_LOW_PERIOD_FRONTIER.md,historical_paper_packages,4026,95c838a68e6abd5b0249ae85a83390702f09a56f653bc9c5c40aef3f5ba15021,.md,not_applicable,mechanical_inventory_only
research/paper/manuscript_md/10_COMPUTATIONAL_VERIFICATION.md,historical_paper_packages,5813,726a9aa7892b36e82403750fdee83d2b44985fe5620a0194b779d098c5b5f23b,.md,not_applicable,mechanical_inventory_only
research/paper/manuscript_md/11_DISCUSSION.md,historical_paper_packages,3048,72df7c657790381816a58bec28bafb991551b6a49b3fef0792e93b8c8dcb732b,.md,not_applicable,mechanical_inventory_only
research/paper/manuscript_md/12_APPENDIX_ORBIT_COMPLETENESS.md,historical_paper_packages,4336,c4e79bd5a502dd70e09238134485f325ec61eff7cb16c4a3fdb41710498e5343,.md,not_applicable,mechanical_inventory_only
research/paper/manuscript_md/13_APPENDIX_EXACT_CERTIFICATES.md,historical_paper_packages,5272,2b85bab1f84dcff81b4bd260edf26b8a848f6fa31999e037e68f4622bec950f7,.md,not_applicable,mechanical_inventory_only
research/paper/manuscript_md/14_APPENDIX_COMPUTATION.md,historical_paper_packages,6409,628159a4816f0bd0b4c92f6ae4f1ffe075a7de259e7bc9f2bd1c675d532c6368,.md,not_applicable,mechanical_inventory_only
research/paper/manuscript_md/15_REFERENCES.md,historical_paper_packages,740,771bd84e3134491fc27a3b7004e2e2fa90abb42e11fa42f866e06fae56e83029,.md,not_applicable,mechanical_inventory_only
research/paper/manuscript_md/TARGET_A_MANUSCRIPT_GUIDE_CN.md,historical_paper_packages,7956,98e5a66505b53c7c4ee33358877c82c3c566a0c9908c55ea8350e291fdde369d,.md,not_applicable,mechanical_inventory_only
research/paper/manuscript_md/TARGET_A_MANUSCRIPT_V1.md,historical_paper_packages,61394,d95e22a2a8028988402aa964bf95a143cf29136502398d7c50e59c7467105ba8,.md,not_applicable,mechanical_inventory_only
research/paper/manuscript_md/TARGET_A_MANUSCRIPT_V2.md,historical_paper_packages,71147,d7b9e35acd57b2ab9916bf82bf8d52359ee30ab13cda09efebf0f93f8e76ce6b,.md,not_applicable,mechanical_inventory_only
research/paper/manuscript_period8_rebuild/CURRENT_STATUS_AND_CONSTRUCTION_REQUIREMENTS.md,historical_paper_packages,8007,885a5b5516626439b3338ecfda4175a17b9b158ef96617a0060a8dee267d2d14,.md,not_applicable,mechanical_inventory_only
research/paper/manuscript_period8_rebuild/JGT_DETAILED_WRITING_PLAN.md,historical_paper_packages,14508,987edf3c3c334e08b6499088e20f2711c085089e1c3a129d5d2551dd70746abc,.md,not_applicable,mechanical_inventory_only
research/paper/manuscript_period8_rebuild/PAPER_CONFIGURATION_RECORD.md,historical_paper_packages,2212,e54bb78e1e0b92f7da21ac74e66787042a15c8eb116b4bee2bebc1b0fae84a52,.md,not_applicable,mechanical_inventory_only
research/paper/manuscript_period8_rebuild/REFERENCE_WORKLIST.md,historical_paper_packages,2202,67610a21cbdcd0c1e5a984daf3375712808af9f1defab0901fccf65e7dcd394c,.md,not_applicable,mechanical_inventory_only
research/paper/manuscript_period8_rebuild/manuscript_en.md,historical_paper_packages,3494,6538703bccb1fec7d987771ff83bdae88fddac4fbf2af87b698ced7d6b046385,.md,not_applicable,mechanical_inventory_only
research/paper/manuscript_period8_rebuild/manuscript_zh.md,historical_paper_packages,1481,466f4fe883d63f362252baeef2a297f6ea8af3e1639ace42be16b6bf4a37934f,.md,not_applicable,mechanical_inventory_only
research/paper/manuscript_period8_rebuild/sections_2_to_5_draft.md,historical_paper_packages,3168,4edb58cda0e0e192e0be876e1f0e6e12551abf3f1235e35218ce72abdf193448,.md,not_applicable,mechanical_inventory_only
research/paper/manuscript_period8_rebuild/sections_6_to_7_draft.md,historical_paper_packages,2977,f5d0104cea377efe3c9fd037bba22f75144c5bd7b8aaeff53ccda16e3e15101b,.md,not_applicable,mechanical_inventory_only
research/paper/manuscript_period8_rebuild/theorem_dependency_map.md,historical_paper_packages,1446,79132adddf1e213803d3127b696e95eadf99bfd37c8f29814bc3335274d910fa,.md,not_applicable,mechanical_inventory_only
research/paper/manuscript_tex/appendices/12_appendix_orbit_completeness.tex,historical_paper_packages,4664,653de053e6910897ac509b30b35a1546263caffbb7f4321f572e58a73be5461c,.tex,not_applicable,mechanical_inventory_only
research/paper/manuscript_tex/appendices/13_appendix_exact_certificates.tex,historical_paper_packages,5935,fcdacf219c514d3e2dced8e2d43da277e16ae17b4007e1dd8f39815a7d4ee9de,.tex,not_applicable,mechanical_inventory_only
research/paper/manuscript_tex/appendices/14_appendix_computation.tex,historical_paper_packages,6931,887ed7fde037eb0102fc19d35da9f1d7d1ad36c0b946c2246a658f529acf6e46,.tex,not_applicable,mechanical_inventory_only
research/paper/manuscript_tex/main.pdf,historical_paper_packages,179781,ec8dea78f7e46a5380dd32e28248102cd77601acf48dc3fe992bd61be0b7a826,.pdf,not_applicable,mechanical_inventory_only
research/paper/manuscript_tex/main.tex,historical_paper_packages,3484,bb3f009a7bf5df655ea293217738c09fd633e96c91bfe81451f70e935fb076ea,.tex,not_applicable,mechanical_inventory_only
research/paper/manuscript_tex/references.bib,historical_paper_packages,1163,0905972d10586b2888566fc7c4765580010eccfffa87f8f275d1019dfd013b2a,.bib,not_applicable,mechanical_inventory_only
research/paper/manuscript_tex/sections/02_introduction.tex,historical_paper_packages,8592,0a37051d641ada8f81245028f0d5ef3450f66eb9ae04e9c78d361a731d76f470,.tex,not_applicable,mechanical_inventory_only
research/paper/manuscript_tex/sections/03_preliminaries.tex,historical_paper_packages,9123,588ff98668e37f12b81be279f860369a6765ed11d146e1694ae7db00c2168155,.tex,not_applicable,mechanical_inventory_only
research/paper/manuscript_tex/sections/04_smallest_counterexample.tex,historical_paper_packages,5835,e5a07cc588d9aa7a34f09c2dc23e90ff3f29b9fa38b9b4e0753d2a9ba36282c0,.tex,not_applicable,mechanical_inventory_only
research/paper/manuscript_tex/sections/05_periodic_floquet.tex,historical_paper_packages,4307,71f796dca74b2a13414d6858b1957151f7c56defae420f596fead5b02a88fc21,.tex,not_applicable,mechanical_inventory_only
research/paper/manuscript_tex/sections/06_period8_spectral_edge.tex,historical_paper_packages,4676,37264c0f247624f956b7e1c2970980dc52f4b99aa6bbc043f92dd589394cd6f4,.tex,not_applicable,mechanical_inventory_only
research/paper/manuscript_tex/sections/07_eight_barrier.tex,historical_paper_packages,7479,42c44176add367167d4353507297d86b24539a215f56d2d93cddd8e34f146aa0,.tex,not_applicable,mechanical_inventory_only
research/paper/manuscript_tex/sections/08_general_period.tex,historical_paper_packages,5198,dbbc8752a3ec35b7ca131eccd627a034e0e908c9ae3d4ba4933fab3e20fa8ebe,.tex,not_applicable,mechanical_inventory_only
research/paper/manuscript_tex/sections/09_low_period_frontier.tex,historical_paper_packages,4499,51848bb5e8ef2b9cc4621f1e43c72fba7f477deb0882ac15a7f06331b12a3183,.tex,not_applicable,mechanical_inventory_only
research/paper/manuscript_tex/sections/10_computational_verification.tex,historical_paper_packages,6131,12f69c3f80b2f41ff97a4a57ab55bf23e8c68cf7eab237ae2ad32c2c8323d66f,.tex,not_applicable,mechanical_inventory_only
research/paper/manuscript_tex/sections/11_discussion.tex,historical_paper_packages,3083,8eebc6df3fcf2749f5bad39c7acd1751414d25af75950184f8e85f71f75fde4c,.tex,not_applicable,mechanical_inventory_only
research/paper/manuscript_tex_pub/README.md,historical_paper_packages,573,24447457be01f0147543190ef1167e2b346379cdd738fb0faa96524436168da1,.md,not_applicable,mechanical_inventory_only
research/paper/manuscript_tex_pub/appendices/12_appendix_orbit_completeness.tex,historical_paper_packages,5876,9296c0256a449779a5131707c29a6f03e10b607cdd47536e8aedd105f59d38f7,.tex,not_applicable,mechanical_inventory_only
research/paper/manuscript_tex_pub/appendices/13_appendix_exact_certificates.tex,historical_paper_packages,7260,dd63fdf06e9058ef4acf0c9a150aad374393529e982341de3cebf09b20190273,.tex,not_applicable,mechanical_inventory_only
research/paper/manuscript_tex_pub/appendices/14_appendix_computation.tex,historical_paper_packages,8687,b72d0c6e2a85517963d8f9e2fc830636ae02fde66d90d1e5a4b2f038f4ae7e7e,.tex,not_applicable,mechanical_inventory_only
research/paper/manuscript_tex_pub/body.tex,historical_paper_packages,575,6733b56b3177730ed38e2b6ecbdb3faa187677f7f1fba71339726d18ef8269b2,.tex,not_applicable,mechanical_inventory_only
research/paper/manuscript_tex_pub/build_audit.json,historical_paper_packages,1640,eb1dd1d1a494dc6ffb423c09dfe4aac7a784c6e5f843fbe419fa63a75f4d4b90,.json,json_valid,mechanical_inventory_only
research/paper/manuscript_tex_pub/figures/.gitkeep,historical_paper_packages,0,e3b0c44298fc1c149afbf4c8996fb92427ae41e4649b934ca495991b7852b855,none,not_applicable,mechanical_inventory_only
research/paper/manuscript_tex_pub/figures/figure_flux_coordinates.tex,historical_paper_packages,1199,c6d02f698fa9f6caff184e250569cf7a02e55419c00646ebfe49d43c1c1565f3,.tex,not_applicable,mechanical_inventory_only
research/paper/manuscript_tex_pub/figures/figure_period8_target.tex,historical_paper_packages,1211,cf382945f4bf0860403f2de01f9929a2dda84de72467cbc65279acd35667c7aa,.tex,not_applicable,mechanical_inventory_only
research/paper/manuscript_tex_pub/frontmatter.tex,historical_paper_packages,2355,61055754ac6f333244d415bb5f422e776c16fae344e9389bf8a0caa0f4e91346,.tex,not_applicable,mechanical_inventory_only
research/paper/manuscript_tex_pub/main.pdf,historical_paper_packages,224373,fa6fe877621594d5afb12a27cf036cf4761a508293bff36dd30d8473f5ea3735,.pdf,not_applicable,mechanical_inventory_only
research/paper/manuscript_tex_pub/main.tex,historical_paper_packages,178,68de6f86e7d0e5d3cc44bdb032e602115e9c94afe3e5ddb110a9db70b0841981,.tex,not_applicable,mechanical_inventory_only
research/paper/manuscript_tex_pub/main_anonymous.pdf,historical_paper_packages,224216,9263903ae59ccc2be01b3ec73aea0dbb0437a8c56ed2f6ea33ba1f97104d0683,.pdf,not_applicable,mechanical_inventory_only
research/paper/manuscript_tex_pub/main_anonymous.tex,historical_paper_packages,211,be3edd1d16708099a33a024e4abfdd3250021578872cd265002aae5331f1a6b4,.tex,not_applicable,mechanical_inventory_only
research/paper/manuscript_tex_pub/main_jgt.pdf,historical_paper_packages,224373,fe2ae75631490441a4ff7b143f15bae2199540e812c0e56a34a8e1d09d976a65,.pdf,not_applicable,mechanical_inventory_only
research/paper/manuscript_tex_pub/main_jgt.tex,historical_paper_packages,233,0b6d78b968522ba6bbd13004e5e73e8cde259a551e1097301a411cf296439265,.tex,not_applicable,mechanical_inventory_only
research/paper/manuscript_tex_pub/main_sidma.pdf,historical_paper_packages,225586,ca9dd2ac0e45b2fb499f6f9f08ad62aefe64b7a8b487f221c6ffb96c763bd4d5,.pdf,not_applicable,mechanical_inventory_only
research/paper/manuscript_tex_pub/main_sidma.tex,historical_paper_packages,241,69a8b5bbac7d87ce298619aedd3b366092e41e526dd674c07bfc039da2a72a64,.tex,not_applicable,mechanical_inventory_only
research/paper/manuscript_tex_pub/publication-preamble.tex,historical_paper_packages,1066,f1731d98993c486df901321d552603628e4a403af5ed5964c416c1821fe6cee6,.tex,not_applicable,mechanical_inventory_only
research/paper/manuscript_tex_pub/references.bib,historical_paper_packages,4963,a182d35ee4c47177ae3fff1ee39a84a9fd8484d1577f2db6b416f2a54137c196,.bib,not_applicable,mechanical_inventory_only
research/paper/manuscript_tex_pub/sections/02_introduction.tex,historical_paper_packages,11229,b612c24844a36b3ff233be360f2ac3364c73a9a8e592e81224bf94e0cb7d4791,.tex,not_applicable,mechanical_inventory_only
research/paper/manuscript_tex_pub/sections/03_preliminaries.tex,historical_paper_packages,10093,56d81e149eeb1e19e78717b0234d4e74043c0a750748e11a0ddda2589d5baf7c,.tex,not_applicable,mechanical_inventory_only
research/paper/manuscript_tex_pub/sections/04_smallest_counterexample.tex,historical_paper_packages,6817,21817305938a2023678f1d668c6b53f3716866c91b99ed81a92ed048ca984ea6,.tex,not_applicable,mechanical_inventory_only
research/paper/manuscript_tex_pub/sections/05_periodic_floquet.tex,historical_paper_packages,4953,aa9489b288ea564022195a8319f287a672820ce7caf80447a9935a0c1c7703a5,.tex,not_applicable,mechanical_inventory_only
research/paper/manuscript_tex_pub/sections/06_period8_spectral_edge.tex,historical_paper_packages,5528,a818563abd4f190e1fd76d6f3a22da529a6bf4c1fef4a98fda473081e8adc918,.tex,not_applicable,mechanical_inventory_only
research/paper/manuscript_tex_pub/sections/07_eight_barrier.tex,historical_paper_packages,8479,b90029f153d8c049a0cb45a01ba8bfc131bb643842ffb05a28a4b7393624c38f,.tex,not_applicable,mechanical_inventory_only
research/paper/manuscript_tex_pub/sections/08_general_period.tex,historical_paper_packages,6157,6661b8df767acd2506a1eb17642ff12e457ce8825fa0818e315945bf93e3e03c,.tex,not_applicable,mechanical_inventory_only
research/paper/manuscript_tex_pub/sections/09_low_period_frontier.tex,historical_paper_packages,5116,e071b59e27b36b66909396cbd340049ac1184a9f1637d59809e6c27a2e6c0f81,.tex,not_applicable,mechanical_inventory_only
research/paper/manuscript_tex_pub/sections/10_computational_verification.tex,historical_paper_packages,9316,067e32864d13faf121b913a0a97de0fd169ce9e94c648e377766e25aa5284436,.tex,not_applicable,mechanical_inventory_only
research/paper/manuscript_tex_pub/sections/11_discussion.tex,historical_paper_packages,4585,e7081142ed4edd6695e427f4788186bc0492e3c2dab4748bfe2483dda104f9cf,.tex,not_applicable,mechanical_inventory_only
research/paper/manuscript_tex_pub/sections/12_data_code_availability.tex,historical_paper_packages,1167,e4962a53d292e7fb75668542e0d86a857f44f5e8728861e92e034131d4638bd9,.tex,not_applicable,mechanical_inventory_only
research/paper/manuscript_tex_pub_zh/README.md,historical_paper_packages,903,c8dd0c6b386c643d5ccd7a91b93f219005cee7a114641c99fc66e1412c8099b0,.md,not_applicable,mechanical_inventory_only
research/paper/manuscript_tex_pub_zh/appendices/12_appendix_orbit_completeness.tex,historical_paper_packages,5173,04882f1d6fba18f1328128a79a1f54d7db0f42e17cbd127458f102659bafc257,.tex,not_applicable,mechanical_inventory_only
research/paper/manuscript_tex_pub_zh/appendices/13_appendix_exact_certificates.tex,historical_paper_packages,6601,01675cdf528e8839819804f667fb406e4cef65997427e98277ace40d9ef469eb,.tex,not_applicable,mechanical_inventory_only
research/paper/manuscript_tex_pub_zh/appendices/14_appendix_computation.tex,historical_paper_packages,8069,99c956e953ebbe1ee81d012cbc2196a0525b0b6ea6cc644f5f2a51a7be09fecd,.tex,not_applicable,mechanical_inventory_only
research/paper/manuscript_tex_pub_zh/body.tex,historical_paper_packages,575,6733b56b3177730ed38e2b6ecbdb3faa187677f7f1fba71339726d18ef8269b2,.tex,not_applicable,mechanical_inventory_only
research/paper/manuscript_tex_pub_zh/build_audit.json,historical_paper_packages,534,622c6c85dd46725bac23862d8ecab39b14a9d0610b94d9b0e5b9537dc1efd516,.json,json_valid,mechanical_inventory_only
research/paper/manuscript_tex_pub_zh/english-abstract-interface.tex,historical_paper_packages,2040,69453e734c44aeae7161620b21e3706ddef7bb1ba28eb60dd612e3eb05c4d0e2,.tex,not_applicable,mechanical_inventory_only
research/paper/manuscript_tex_pub_zh/figures/.gitkeep,historical_paper_packages,0,e3b0c44298fc1c149afbf4c8996fb92427ae41e4649b934ca495991b7852b855,none,not_applicable,mechanical_inventory_only
research/paper/manuscript_tex_pub_zh/figures/figure_flux_coordinates.tex,historical_paper_packages,1199,c6d02f698fa9f6caff184e250569cf7a02e55419c00646ebfe49d43c1c1565f3,.tex,not_applicable,mechanical_inventory_only
research/paper/manuscript_tex_pub_zh/figures/figure_period8_target.tex,historical_paper_packages,1209,3817f59572243a72649945167d491062a3c01c580608da809e4d1b3c7335f4dd,.tex,not_applicable,mechanical_inventory_only
research/paper/manuscript_tex_pub_zh/frontmatter.tex,historical_paper_packages,2073,6c5c90ddbcd101644a75a0833a12f8dbf476cd9cadd9b2fa958b5130cfa580aa,.tex,not_applicable,mechanical_inventory_only
research/paper/manuscript_tex_pub_zh/main.pdf,historical_paper_packages,457573,71aabf664240637173400adbda0f47ff1cf9e22776ce3dc1ac9db5c394f38cbc,.pdf,not_applicable,mechanical_inventory_only
research/paper/manuscript_tex_pub_zh/main.tex,historical_paper_packages,190,ed9ba02a0bdf6216024c2ae546c1878bfd77f53c290ca985ca6c185d463d458c,.tex,not_applicable,mechanical_inventory_only
research/paper/manuscript_tex_pub_zh/publication-preamble.tex,historical_paper_packages,2576,6d3fbf609ef211d52ca0f7ec0349b73dff7b0c4e64e2cc48784c7be892322d14,.tex,not_applicable,mechanical_inventory_only
research/paper/manuscript_tex_pub_zh/references.bib,historical_paper_packages,4963,a182d35ee4c47177ae3fff1ee39a84a9fd8484d1577f2db6b416f2a54137c196,.bib,not_applicable,mechanical_inventory_only
research/paper/manuscript_tex_pub_zh/sections/02_introduction.tex,historical_paper_packages,9919,28efd4f719d9e0d56fcfeaaf4776f0b143ed539e32ef1f7088b2c0e2539d27c2,.tex,not_applicable,mechanical_inventory_only
research/paper/manuscript_tex_pub_zh/sections/03_preliminaries.tex,historical_paper_packages,9406,6250fb11f471658fc1f957abc283052245d267c494353340dc2be786dc1e4501,.tex,not_applicable,mechanical_inventory_only
research/paper/manuscript_tex_pub_zh/sections/04_smallest_counterexample.tex,historical_paper_packages,6208,b331b32ed433c350f215d4724ddd65e9a0ed2792ab357c1392e90db833ff8af2,.tex,not_applicable,mechanical_inventory_only
research/paper/manuscript_tex_pub_zh/sections/05_periodic_floquet.tex,historical_paper_packages,4763,2590a27a92f253ec85530048324a1e990a13d2054f4804390740f1e0afcffaa0,.tex,not_applicable,mechanical_inventory_only
research/paper/manuscript_tex_pub_zh/sections/06_period8_spectral_edge.tex,historical_paper_packages,5241,3e318bd194cb2a8b8bcba05e2563a7c7da4945d4776ae1b7030b053bf6e284c6,.tex,not_applicable,mechanical_inventory_only
research/paper/manuscript_tex_pub_zh/sections/07_eight_barrier.tex,historical_paper_packages,7872,e340d36f976a9077196ac40ecfe0207d042e16bc49c6aab613cac1a2177a0053,.tex,not_applicable,mechanical_inventory_only
research/paper/manuscript_tex_pub_zh/sections/08_general_period.tex,historical_paper_packages,5696,2aaa0abf5c152e23800eefc8096d5a63201a3e7524bdccfd79c2848b4aba7e9a,.tex,not_applicable,mechanical_inventory_only
research/paper/manuscript_tex_pub_zh/sections/09_low_period_frontier.tex,historical_paper_packages,4869,708f219dc5c29d1d9e91e20e76eeb9697b0234e1126814754d73a621622ec545,.tex,not_applicable,mechanical_inventory_only
research/paper/manuscript_tex_pub_zh/sections/10_computational_verification.tex,historical_paper_packages,7609,b426907c3b48894a3859b6a5bd70a1cabe40bcaa083b7a745b63ce188327df29,.tex,not_applicable,mechanical_inventory_only
research/paper/manuscript_tex_pub_zh/sections/11_discussion.tex,historical_paper_packages,3906,666855bc2898c4d3f6959b0b0c14f29d9256787cfc038a45376c8703b2a0cdf1,.tex,not_applicable,mechanical_inventory_only
research/paper/manuscript_tex_pub_zh/sections/12_data_code_availability.tex,historical_paper_packages,880,fe25c8d29309fcbd672eecaccfa1b805fadfa4641d1ef620db9f90aa7a94befc,.tex,not_applicable,mechanical_inventory_only
research/paper/manuscript_tex_task58/README.md,historical_paper_packages,1056,108ad8ef912f4334ce3e4284b4aae024c3a1348956c2332ca953ca5ba0d953ef,.md,not_applicable,mechanical_inventory_only
research/paper/manuscript_tex_task58/appendices/appendix_a_g6_certification.tex,historical_paper_packages,22465,ceac05777cb32419a0e1434fa9e56c053784633ffce73389cd6871138069caf2,.tex,not_applicable,mechanical_inventory_only
research/paper/manuscript_tex_task58/appendices/appendix_b_finite_classification.tex,historical_paper_packages,17687,515f72a3dfa65900c62fb1f9308e7b091188d2d1135cc58a737568aaaa96ab7d,.tex,not_applicable,mechanical_inventory_only
research/paper/manuscript_tex_task58/body.tex,historical_paper_packages,446,13ed9d85f95917f1b06f7cbc11f072b28412d4389a5640a427a566ffc27745e3,.tex,not_applicable,mechanical_inventory_only
research/paper/manuscript_tex_task58/figures/figure_cycle_switching.tex,historical_paper_packages,1868,5a0a000abcb4122743f06b192f990926d86a33d0b27cd4ad1202ef42004d3fd7,.tex,not_applicable,mechanical_inventory_only
research/paper/manuscript_tex_task58/figures/figure_patch_localization.tex,historical_paper_packages,2957,81442d294ae4bf413deb7e51e2e9da3513792c52c07fc6689976a7fd9ea120fc,.tex,not_applicable,mechanical_inventory_only
research/paper/manuscript_tex_task58/figures/figure_reference_slips.tex,historical_paper_packages,2447,7c5c1ea9dca69efd61dc21c2408f3393aa5d8d1cfc16f8c6d7c651d19a0c870b,.tex,not_applicable,mechanical_inventory_only
research/paper/manuscript_tex_task58/frontmatter.tex,historical_paper_packages,1879,1fb03df20f040998cb9dc02049d62045dd59ee86919124e34b435cbbfdf7c972,.tex,not_applicable,mechanical_inventory_only
research/paper/manuscript_tex_task58/main.pdf,historical_paper_packages,239709,2d99a7514f5c0d3a68833f8db8a25d3142cdf45bf81a2d51b52e67eb2fff3cc5,.pdf,not_applicable,mechanical_inventory_only
research/paper/manuscript_tex_task58/main.tex,historical_paper_packages,225,146ceace735b608b71ed030be0e83ccb28edc9688af15e29d1ede55d44e76455,.tex,not_applicable,mechanical_inventory_only
research/paper/manuscript_tex_task58/main_anonymous.pdf,historical_paper_packages,234436,0018e02f2bcdf229b089b2c6fcf28b79e4426de8fe1d372fb50147ae6f28e011,.pdf,not_applicable,mechanical_inventory_only
research/paper/manuscript_tex_task58/main_anonymous.tex,historical_paper_packages,259,c492a70374ed83a44f50d9af4cb3f6596e3dbef166c61867e6398b0811ee7cb1,.tex,not_applicable,mechanical_inventory_only
research/paper/manuscript_tex_task58/publication-preamble.tex,historical_paper_packages,1730,2fee553aa31da340cdb6def232c6f100746a4166a90f5b9a09b296e2fb95ec5e,.tex,not_applicable,mechanical_inventory_only
research/paper/manuscript_tex_task58/references.bib,historical_paper_packages,6701,23b5e9ce9fe30e16f401d843405d900b531c9ed289237b3071a7c0ab9de2dbbf,.bib,not_applicable,mechanical_inventory_only
research/paper/manuscript_tex_task58/sections/01_introduction.tex,historical_paper_packages,9605,13879d6c05f9dc377bb22d58faa0adca01b50f934d89be5d70bf3ab9846d1801,.tex,not_applicable,mechanical_inventory_only
research/paper/manuscript_tex_task58/sections/02_switching_reference.tex,historical_paper_packages,10088,6a67eb80de89200316c23a57f66896987419953cd324e29f168219118be9fa02,.tex,not_applicable,mechanical_inventory_only
research/paper/manuscript_tex_task58/sections/03_gaps_charges_sectors.tex,historical_paper_packages,4474,7410629aa71b83dc97a7567e7b2e44c89a549ee0eb28a4181d207137f20bb778,.tex,not_applicable,mechanical_inventory_only
research/paper/manuscript_tex_task58/sections/04_elementary_g6.tex,historical_paper_packages,10517,b090ef96b37d801ce69302d5c273cb17836750eda2f28b7f45dc0be03e3f5585,.tex,not_applicable,mechanical_inventory_only
research/paper/manuscript_tex_task58/sections/05_single_gap.tex,historical_paper_packages,5270,2c1bba6bd7e862ee9642536e705cbe387215eaff4e240ad8154530f7b10a120e,.tex,not_applicable,mechanical_inventory_only
research/paper/manuscript_tex_task58/sections/06_finite_rings.tex,historical_paper_packages,10726,3174ebb7df4902bb18c2addab2bfea2ea7094e915d14c23fa11506cad3015a8a,.tex,not_applicable,mechanical_inventory_only
research/paper/manuscript_tex_task58/sections/07_finite_completion.tex,historical_paper_packages,9946,20c7913917c8bb88174fab1a3ed841a22e44427c8f0223e8d465656eda729cf3,.tex,not_applicable,mechanical_inventory_only
research/paper/manuscript_tex_task58/sections/08_concluding.tex,historical_paper_packages,1543,3fffc796e5330cd3e2118bc3df7c183baa18b59935ec935181c7632764c87501,.tex,not_applicable,mechanical_inventory_only
research/paper/manuscript_tex_task58/sections/09_data_code_availability.tex,historical_paper_packages,1180,7582d105e9a9df9bcce5ac8dd12f32848d6fbebc23749a7e949266f6b4b4de27,.tex,not_applicable,mechanical_inventory_only
research/paper/manuscript_tex_task58_supplement/README.md,historical_paper_packages,1394,f878aed792c0b0e9e792b2430aed3a508864ebbbbf99a04e6e22da427241235e,.md,not_applicable,mechanical_inventory_only
research/paper/manuscript_tex_task58_supplement/content.tex,historical_paper_packages,96,5d891577bf139c3f2a8e8293a83a20795423c0948e2dc47b28c598f4c05ab41c,.tex,not_applicable,mechanical_inventory_only
research/paper/manuscript_tex_task58_supplement/frontmatter.tex,historical_paper_packages,1055,355bbe7406b53ce925c845f251ffbfb8e653ee42c9f631ed64aedeaedbdd86e7,.tex,not_applicable,mechanical_inventory_only
research/paper/manuscript_tex_task58_supplement/main.pdf,historical_paper_packages,106900,540fca79a98bb438b5ccfcac7da1a50f98fb8971aa27713173ba9ae602d5e473,.pdf,not_applicable,mechanical_inventory_only
research/paper/manuscript_tex_task58_supplement/main.tex,historical_paper_packages,117,a58edea7a9f6092f80f5f46768f08f064d1a0f9fa6cc74d23418afd72ff0eea7,.tex,not_applicable,mechanical_inventory_only
research/paper/manuscript_tex_task58_supplement/preamble.tex,historical_paper_packages,1690,e4338b518bf7822928b0a30245f88ae601ce787e7a7deb6fb59ca9c337a9ae3f,.tex,not_applicable,mechanical_inventory_only
research/paper/manuscript_tex_task58_supplement/sections/01_exact_2r.tex,historical_paper_packages,14898,bac96cc79fb7f4541560966f2340d9a1972e3e1a2574e28d8ef5adaca3b2c68b,.tex,not_applicable,mechanical_inventory_only
research/paper/manuscript_tex_task58_supplement/sections/02_single_gap.tex,historical_paper_packages,6548,a980749781a7c2a0982df54c9032c6694d9ffa09a6edc83ec5a8a38578239d90,.tex,not_applicable,mechanical_inventory_only
research/paper/manuscript_tex_task58_supplement/sections/03_reproducibility.tex,historical_paper_packages,7644,f9da8acd2c0a1962c4da14b2cd7154f34543d78838879a3f47eab90643da2e9d,.tex,not_applicable,mechanical_inventory_only
research/paper/manuscript_tex_task59/README.md,historical_paper_packages,1154,c6cea00f6d07ae6a6341525e6db71fa4b2fe0da515b15baf82b762701ef33acc,.md,not_applicable,mechanical_inventory_only
research/paper/manuscript_tex_task59/appendices/appendix_a_g6_certification.tex,historical_paper_packages,20620,42b72a44dca0a547985b7c913ac2a5f2523539fa5f7b44d4adccfd24941d5190,.tex,not_applicable,mechanical_inventory_only
research/paper/manuscript_tex_task59/appendices/appendix_b_finite_classification.tex,historical_paper_packages,17165,dccf31ffa106d07745da1b203b2bce5bcc46ce32566819e5419177cebcebf45b,.tex,not_applicable,mechanical_inventory_only
research/paper/manuscript_tex_task59/body.tex,historical_paper_packages,435,bb1c264a0964d3aad29560fbb5743cd12818c35b3025ecc981dc293ea663c197,.tex,not_applicable,mechanical_inventory_only
research/paper/manuscript_tex_task59/figures/figure_cycle_switching.tex,historical_paper_packages,1784,e682d769983b8b08f15392bbbd7c458b9f173e6be28c55a571383d0b0a73d83a,.tex,not_applicable,mechanical_inventory_only
research/paper/manuscript_tex_task59/figures/figure_patch_localization.tex,historical_paper_packages,2233,7a49f03ff5ae6f3b00f3672d50ab6514acf1980a072e28cad07eb7bce0200c10,.tex,not_applicable,mechanical_inventory_only
research/paper/manuscript_tex_task59/figures/figure_reference_g6.tex,historical_paper_packages,1802,9161aae2b2066f5107c7f4e1ab6821da3e738929c2f51a9865e5e96b630dc4e0,.tex,not_applicable,mechanical_inventory_only
research/paper/manuscript_tex_task59/figures/figure_residue_rings.tex,historical_paper_packages,1107,5c20c8d29582cc675beabeb7714082bfe5dca7775a697a645807cc58e60cb96c,.tex,not_applicable,mechanical_inventory_only
research/paper/manuscript_tex_task59/frontmatter.tex,historical_paper_packages,1957,df59ce0b0fe57ef6ebfc1491c29babac583e5cf43d41ef89b63e13954a7aa5d0,.tex,not_applicable,mechanical_inventory_only
research/paper/manuscript_tex_task59/main.pdf,historical_paper_packages,246004,e61d9028137931401720c199e06f0e7d9c847fd81081c86ec10258b25479f1fe,.pdf,not_applicable,mechanical_inventory_only
research/paper/manuscript_tex_task59/main.tex,historical_paper_packages,225,146ceace735b608b71ed030be0e83ccb28edc9688af15e29d1ede55d44e76455,.tex,not_applicable,mechanical_inventory_only
research/paper/manuscript_tex_task59/main_anonymous.pdf,historical_paper_packages,240349,1014f0a3530dfc2018cc9e835f0d4aa08ff5012ffb7bf70f192f67122985af81,.pdf,not_applicable,mechanical_inventory_only
research/paper/manuscript_tex_task59/main_anonymous.tex,historical_paper_packages,259,c492a70374ed83a44f50d9af4cb3f6596e3dbef166c61867e6398b0811ee7cb1,.tex,not_applicable,mechanical_inventory_only
research/paper/manuscript_tex_task59/publication-preamble.tex,historical_paper_packages,1759,d7f23b2e68295e3e07bb6387f37e406d828cbd130e9d0b90bfadd5e20180308b,.tex,not_applicable,mechanical_inventory_only
research/paper/manuscript_tex_task59/references.bib,historical_paper_packages,8496,d9c221cc31ca1012845df84c015c35939c71cae1b91ca873e3137b740ead983f,.bib,not_applicable,mechanical_inventory_only
research/paper/manuscript_tex_task59/sections/01_introduction.tex,historical_paper_packages,7888,c6431796dfed0958631cf2b2002a691e0d4ee8f2d82a4dad2b3c2d74be01163f,.tex,not_applicable,mechanical_inventory_only
research/paper/manuscript_tex_task59/sections/02_switching_reference.tex,historical_paper_packages,9931,a7d8697ae997fa8f72219fb301895dd45770d8f44063244aa24e3eac8874d270,.tex,not_applicable,mechanical_inventory_only
research/paper/manuscript_tex_task59/sections/03_gaps_charges_sectors.tex,historical_paper_packages,4404,49955a4c156d274b89bd7af5e8478a07336540a30a1a348ddeb27fddf55cdbb2,.tex,not_applicable,mechanical_inventory_only
research/paper/manuscript_tex_task59/sections/04_elementary_g6.tex,historical_paper_packages,10509,5020dc274b17fb5e4ef5c9ff4862ea5021a3ce4169df73955bc0c59a49906e02,.tex,not_applicable,mechanical_inventory_only
research/paper/manuscript_tex_task59/sections/05_single_gap.tex,historical_paper_packages,5145,c024af955882b64114e2f96889216aee48c284ae0101ef3b1abf4206c7e7d361,.tex,not_applicable,mechanical_inventory_only
research/paper/manuscript_tex_task59/sections/06_finite_rings.tex,historical_paper_packages,9422,3d3e6b11201b63bcb069f0842ab03c89d4b9249e2cc1a9b82e8da5d85aec1f22,.tex,not_applicable,mechanical_inventory_only
research/paper/manuscript_tex_task59/sections/07_finite_completion.tex,historical_paper_packages,9267,4194280030489d9a76e1621077cbffcbc92dcb229353b0df151a594bb5ceb51b,.tex,not_applicable,mechanical_inventory_only
research/paper/manuscript_tex_task59/sections/08_concluding.tex,historical_paper_packages,1532,7aafee36ead5fe4e601892fd908b6da04992f07a01676f3c20cf12ffdf4cc477,.tex,not_applicable,mechanical_inventory_only
research/paper/manuscript_tex_task59/sections/09_data_code_availability.tex,historical_paper_packages,1232,7a9f4df03df3e36e25e47264ecb3451048e97b02f0ad30a2fb2909d899cba918,.tex,not_applicable,mechanical_inventory_only
research/paper/manuscript_tex_task59_supplement/README.md,historical_paper_packages,1767,c34a8afb1ddfdbf5477ca062114a1b648d38d48e191c371a49fc1f1ee0917bef,.md,not_applicable,mechanical_inventory_only
research/paper/manuscript_tex_task59_supplement/content.tex,historical_paper_packages,139,b744ca25bc380f9b3f71764b5c40b2740ef5c317b17dc78cd1b9ff84ce52cdec,.tex,not_applicable,mechanical_inventory_only
research/paper/manuscript_tex_task59_supplement/frontmatter.tex,historical_paper_packages,737,22a357e55aa01500d2c278a0ae3963da250c30a4f480be11cc1d194b8015cffd,.tex,not_applicable,mechanical_inventory_only
research/paper/manuscript_tex_task59_supplement/main.pdf,historical_paper_packages,107641,af9b7cb4a4a93446368d772a748fc1fd0d01231aac7b94139fd028875936aeee,.pdf,not_applicable,mechanical_inventory_only
research/paper/manuscript_tex_task59_supplement/main.tex,historical_paper_packages,117,a58edea7a9f6092f80f5f46768f08f064d1a0f9fa6cc74d23418afd72ff0eea7,.tex,not_applicable,mechanical_inventory_only
research/paper/manuscript_tex_task59_supplement/main_anonymous.pdf,historical_paper_packages,102948,74dc7165333b31bda62e61970aeae11277b73390b8b10ab4a47a3ee963ad1958,.pdf,not_applicable,mechanical_inventory_only
research/paper/manuscript_tex_task59_supplement/main_anonymous.tex,historical_paper_packages,42,1d150fd1c1d2ff31e66f69c49a79df95e348190908f9eb534b014add76a0ec5c,.tex,not_applicable,mechanical_inventory_only
research/paper/manuscript_tex_task59_supplement/preamble.tex,historical_paper_packages,2016,8f19b6ac825e29346682759d282a7c7373b83e10b651e3a480dc3dd64f29df03,.tex,not_applicable,mechanical_inventory_only
research/paper/manuscript_tex_task59_supplement/sections/01_exact_2r.tex,historical_paper_packages,14904,d850dc8781b2d61a0e9042bb48e92582658ec9560df087f46b1370d10bd68c6d,.tex,not_applicable,mechanical_inventory_only
research/paper/manuscript_tex_task59_supplement/sections/02_single_gap.tex,historical_paper_packages,6524,df5c2ef535e9c9dbe7e4ef2555cf407738cbd3dc1686ccab9d5fc8838523e014,.tex,not_applicable,mechanical_inventory_only
research/paper/manuscript_tex_task59_supplement/sections/03_g6_rational_enclosures.tex,historical_paper_packages,1851,2958db36fa634ca64e8e0d7f752051528dfddf39ef42e1bc9e0c03929d854414,.tex,not_applicable,mechanical_inventory_only
research/paper/manuscript_tex_task59_supplement/sections/03_reproducibility.tex,historical_paper_packages,3965,a8d6273b4b160204eb90475e5d1cfefed809560d6df271f7e952d5eb9d82c155,.tex,not_applicable,mechanical_inventory_only
research/paper/proof_completion/00_registry/COMPUTER_ASSISTED_BOUNDARY.md,historical_paper_packages,3095,197e1ab83fe4cc1eeecd5f532d5ecc792e278405c024727ec16076bbf1236d25,.md,not_applicable,mechanical_inventory_only
research/paper/proof_completion/00_registry/DEPENDENCIES.md,historical_paper_packages,2914,9bf58a59b6a7616f0192541f792cfab67ca5f4536caff1a7640f2da8be98530c,.md,not_applicable,mechanical_inventory_only
research/paper/proof_completion/00_registry/FULL_PROOF.md,historical_paper_packages,4406,4027245e83cafaecdb5df27eca634d9d93735066c11ca3c367ffb18247c0765f,.md,not_applicable,mechanical_inventory_only
research/paper/proof_completion/00_registry/PROOF_OVERVIEW.md,historical_paper_packages,2319,67a5cda00b7a44bb3cfcfe97a0a543af76b10853179f5964e120f30b23ce2e49,.md,not_applicable,mechanical_inventory_only
research/paper/proof_completion/00_registry/REFEREE_CHECKLIST.md,historical_paper_packages,3125,f94c86a87a9b88ca54a917978d4e2b91719cf1df40629b9aaed3d26418966db3,.md,not_applicable,mechanical_inventory_only
research/paper/proof_completion/00_registry/THEOREM_STATEMENT.md,historical_paper_packages,1685,1313ba4115b51c165106c184c486b80431e33930f9050c96db00e563b26688e6,.md,not_applicable,mechanical_inventory_only
research/paper/proof_completion/01_even_order_classification/CANDIDATE_ATTAINMENT_LEMMA.md,historical_paper_packages,5083,861eee2d47c3d9dbf24c42975cd1796857d1ab79ac4539d43a2b1df8d3be0028,.md,not_applicable,mechanical_inventory_only
research/paper/proof_completion/01_even_order_classification/COMPUTER_ASSISTED_BOUNDARY.md,historical_paper_packages,3354,64d080bdf54fe0a847858c1f338d13e6cb2f700432c40c13550127e2b7a8db70,.md,not_applicable,mechanical_inventory_only
research/paper/proof_completion/01_even_order_classification/DEPENDENCIES.md,historical_paper_packages,4247,42b904963c35ea66b41e15aaa21501944a70a6b3a8a51a846f9ca08b0d2c20f5,.md,not_applicable,mechanical_inventory_only
research/paper/proof_completion/01_even_order_classification/FULL_PROOF.md,historical_paper_packages,10266,02be96c60769b26c6f48eda92f76eedffd02793222052908d7555bf7f1722924,.md,not_applicable,mechanical_inventory_only
research/paper/proof_completion/01_even_order_classification/PROOF_OVERVIEW.md,historical_paper_packages,2081,1656fde007ff8a4802e9e7e83b08345c7c30fcdc4acbf98e8282728e546e7d04,.md,not_applicable,mechanical_inventory_only
research/paper/proof_completion/01_even_order_classification/REFEREE_CHECKLIST.md,historical_paper_packages,2621,731fc302fd5ac9a47bffafcbe793477a701ccbc42533488b732b5ba8c23f635b,.md,not_applicable,mechanical_inventory_only
research/paper/proof_completion/01_even_order_classification/THEOREM_STATEMENT.md,historical_paper_packages,1553,62177c0703e14c394b2dc8ec94d26a45da03a866bba5c38ce73cecf9c42799a6,.md,not_applicable,mechanical_inventory_only
research/paper/proof_completion/02_small_order_34_46/COMPUTER_ASSISTED_BOUNDARY.md,historical_paper_packages,3732,6adb0d57fa68af4e1673a0f4dffe45b9f7cfd083df32e4835759218bb6dffc03,.md,not_applicable,mechanical_inventory_only
research/paper/proof_completion/02_small_order_34_46/DEPENDENCIES.md,historical_paper_packages,2689,eb13dddc30b37d223f2076902995c3654e6ba3b75f4ff6d60fe0335303a8f092,.md,not_applicable,mechanical_inventory_only
research/paper/proof_completion/02_small_order_34_46/FULL_PROOF.md,historical_paper_packages,8925,47941d7f5d86a99cc83add67545d51021b7238b5af44de8bf36a5c858f9f4cfa,.md,not_applicable,mechanical_inventory_only
research/paper/proof_completion/02_small_order_34_46/PROOF_OVERVIEW.md,historical_paper_packages,2468,22702ebf04108763779c48b7a6b25ebe8b2f051cc8e59766a453183212c078b2,.md,not_applicable,mechanical_inventory_only
research/paper/proof_completion/02_small_order_34_46/REFEREE_CHECKLIST.md,historical_paper_packages,2144,2c9f34dcba8e95e646002a295291d00e38857d9ccb11f37227f073bfebb00060,.md,not_applicable,mechanical_inventory_only
research/paper/proof_completion/02_small_order_34_46/THEOREM_STATEMENT.md,historical_paper_packages,1998,8e78ff1b360b26fae38a03822c4cc39e8bb0ba13b3683561394e858830702cc6,.md,not_applicable,mechanical_inventory_only
research/paper/proof_completion/03_reference_phase/COMPUTER_ASSISTED_BOUNDARY.md,historical_paper_packages,1212,dda1192439911cc011fff7fe36d5cfe78dce2fe2f286c5ca22a3dc976b16ffde,.md,not_applicable,mechanical_inventory_only
research/paper/proof_completion/03_reference_phase/DEPENDENCIES.md,historical_paper_packages,1475,156b4aad29b21cb8abc1f33ebe911fca159be5daa97bf702d6f62329b5b6e89c,.md,not_applicable,mechanical_inventory_only
research/paper/proof_completion/03_reference_phase/FULL_PROOF.md,historical_paper_packages,3659,cca1835df00e0ac393be532ffe46a7999abd29d3ec277221165469c49fe3929e,.md,not_applicable,mechanical_inventory_only
research/paper/proof_completion/03_reference_phase/PROOF_OVERVIEW.md,historical_paper_packages,1859,6ac6747db1f3b394b97e163e073f5f8fd4d1a61832118747e18f3f26c67a79c1,.md,not_applicable,mechanical_inventory_only
research/paper/proof_completion/03_reference_phase/REFEREE_CHECKLIST.md,historical_paper_packages,1021,bc07bc5a2c39cb9731d2ccaa338d9efd9d78fd4806d79a9269f36b9e03884e93,.md,not_applicable,mechanical_inventory_only
research/paper/proof_completion/03_reference_phase/THEOREM_STATEMENT.md,historical_paper_packages,1745,abca9e092fa5e8a136a588ae035f89df64108d01888f70d4111b87348c898f3c,.md,not_applicable,mechanical_inventory_only
research/paper/proof_completion/04_charge_sector/COMPUTER_ASSISTED_BOUNDARY.md,historical_paper_packages,888,186b6ed9450794b4d8bc12bd2dc320aaaa4554bc34da79f8ce5fad42993d8682,.md,not_applicable,mechanical_inventory_only
research/paper/proof_completion/04_charge_sector/DEPENDENCIES.md,historical_paper_packages,1346,ed5804e643e0d0e5f4612d390e9592e2b32715c972a43e86fff051c9d61b903b,.md,not_applicable,mechanical_inventory_only
research/paper/proof_completion/04_charge_sector/FULL_PROOF.md,historical_paper_packages,3265,4d357dba7eb46aa3a12be79d70db4848bc2b6545795a1a414e36447609f9174c,.md,not_applicable,mechanical_inventory_only
research/paper/proof_completion/04_charge_sector/PROOF_OVERVIEW.md,historical_paper_packages,1674,f0b9c45810c7421a9d2826f1102f0791552904b9c61e49d50402b3ddec4991a8,.md,not_applicable,mechanical_inventory_only
research/paper/proof_completion/04_charge_sector/REFEREE_CHECKLIST.md,historical_paper_packages,1068,5e8b16cdc0c95d8cc25487c070a91311303624f862d2790a7d22ec37a9e989c5,.md,not_applicable,mechanical_inventory_only
research/paper/proof_completion/04_charge_sector/THEOREM_STATEMENT.md,historical_paper_packages,1644,e031ef50602da43c0fdced09e4abe69d1d1e691d9a212a29030659c94b366188,.md,not_applicable,mechanical_inventory_only
research/paper/proof_completion/05_g6_edge/COMPUTER_ASSISTED_BOUNDARY.md,historical_paper_packages,2621,3764ea7fb980ec704bbdf6c1ea1aec51ea4a62a3a45d9fe4b5ad6762d0f8f912,.md,not_applicable,mechanical_inventory_only
research/paper/proof_completion/05_g6_edge/DEPENDENCIES.md,historical_paper_packages,2807,5f1bdbf45ad67a77e36c08c6a70152e6fff36c71dba51832291c522d3eea8789,.md,not_applicable,mechanical_inventory_only
research/paper/proof_completion/05_g6_edge/ESSENTIAL_SPECTRUM_LEMMA.md,historical_paper_packages,7695,a513add6425a9d6e87599780b25cb22d8bfc91a0f19b07938cc8537d3c20123a,.md,not_applicable,mechanical_inventory_only
research/paper/proof_completion/05_g6_edge/FULL_PROOF.md,historical_paper_packages,8428,995fe438f602a4894ac2221752e4a3ac3dbf9f662cd5ddefaa997cf200c8a421,.md,not_applicable,mechanical_inventory_only
research/paper/proof_completion/05_g6_edge/PROOF_OVERVIEW.md,historical_paper_packages,2523,8c3d04d9924e89d3840e76e37eef1c37ea29bcfa8bc8bc39add37f376498c5cd,.md,not_applicable,mechanical_inventory_only
research/paper/proof_completion/05_g6_edge/REFEREE_CHECKLIST.md,historical_paper_packages,2725,08299c5331ff974bb6308f09d09b235c4d6887a485e6b571f6be6c0382990832,.md,not_applicable,mechanical_inventory_only
research/paper/proof_completion/05_g6_edge/THEOREM_STATEMENT.md,historical_paper_packages,1590,c881476d559b35ad75ff28ca1962ff20bd85875078cbfefef936fdf0f447a20c,.md,not_applicable,mechanical_inventory_only
research/paper/proof_completion/06_single_gap/COMPUTER_ASSISTED_BOUNDARY.md,historical_paper_packages,1871,c63adf60335647f2ea799012b694f53055334e6cdf13e27ebaed3d007487f337,.md,not_applicable,mechanical_inventory_only
research/paper/proof_completion/06_single_gap/DEPENDENCIES.md,historical_paper_packages,1515,ee11a4d9618e5fc71dbc9fe3fa4199c73f0fc9a2ec87c8a47e970d6c5ece1ec7,.md,not_applicable,mechanical_inventory_only
research/paper/proof_completion/06_single_gap/FULL_PROOF.md,historical_paper_packages,4681,e347a6a0ae16e52c4a5336516e2e7db446a59ea91f5ae6436ad99f9c894d88de,.md,not_applicable,mechanical_inventory_only
research/paper/proof_completion/06_single_gap/PROOF_OVERVIEW.md,historical_paper_packages,1908,58b0bcfd9f73180a777919caac78257a529846fa80e571ed3bd947036ac9e598,.md,not_applicable,mechanical_inventory_only
research/paper/proof_completion/06_single_gap/REFEREE_CHECKLIST.md,historical_paper_packages,1193,14b3a595c36eebf52d147a92375c7dc107d242a9e46e6b6d7c91842e759977a7,.md,not_applicable,mechanical_inventory_only
research/paper/proof_completion/06_single_gap/THEOREM_STATEMENT.md,historical_paper_packages,1564,a7684b58ac196f9b779948ce483bc72f349d183ff229dc0a6d0f6cb4f3731719,.md,not_applicable,mechanical_inventory_only
research/paper/proof_completion/07_exact_2r/COMPUTER_ASSISTED_BOUNDARY.md,historical_paper_packages,2209,8e6924a9f31a4dde0fa295665daefc557ed6f7e0d743a9b2dcbf35b4c1057d71,.md,not_applicable,mechanical_inventory_only
research/paper/proof_completion/07_exact_2r/DEPENDENCIES.md,historical_paper_packages,3116,a48fc395928ab5173c5a66743325e9c5b84d91677c543489948fbfa86871e0c4,.md,not_applicable,mechanical_inventory_only
research/paper/proof_completion/07_exact_2r/FULL_PROOF.md,historical_paper_packages,7944,0c2b57e3b93b7931cb248dd7afcd6f3ada07874349818b761b521e2d3a52979d,.md,not_applicable,mechanical_inventory_only
research/paper/proof_completion/07_exact_2r/PATCH_IDENTIFICATION_LEMMA.md,historical_paper_packages,12065,6aa0cc3e9ff73ca8fee11b28ddcbe1f493ca64c196944fa7d8c511376cd661e6,.md,not_applicable,mechanical_inventory_only
research/paper/proof_completion/07_exact_2r/PROOF_OVERVIEW.md,historical_paper_packages,2374,11c081de7938242388d6705ea777dfc040a6003296c15498bbe4c1cdfd475385,.md,not_applicable,mechanical_inventory_only
research/paper/proof_completion/07_exact_2r/REFEREE_CHECKLIST.md,historical_paper_packages,2625,3f1550ccbc043971dab75185ac1e478dfb3a1731088d34d6b3ddab0d935ec5a3,.md,not_applicable,mechanical_inventory_only
research/paper/proof_completion/07_exact_2r/THEOREM_STATEMENT.md,historical_paper_packages,1962,18711849cbb7037900afc51dfdf028e267e4f7f097a3e3080bb3e83ad348bc0e,.md,not_applicable,mechanical_inventory_only
research/paper/proof_completion/08_residue_ims/COMPUTER_ASSISTED_BOUNDARY.md,historical_paper_packages,1701,b3ac61c28079d9aa44732e66697405176ac95be2d1365af79e0fe30dcc9315d7,.md,not_applicable,mechanical_inventory_only
research/paper/proof_completion/08_residue_ims/DEPENDENCIES.md,historical_paper_packages,1854,dc6c5f4f0548e30fa978166e5a312be705cee95d7a80670c02f0afdfa3a4859f,.md,not_applicable,mechanical_inventory_only
research/paper/proof_completion/08_residue_ims/FULL_PROOF.md,historical_paper_packages,5883,07ffb58e8dadc54d8947bd81ab33e9e9d15a745138d670076e50c51cce7016e5,.md,not_applicable,mechanical_inventory_only
research/paper/proof_completion/08_residue_ims/PROOF_OVERVIEW.md,historical_paper_packages,2179,0f8dcf3bbca6517e47154cfd5bd8a1d1c62c75c1ad8c610220c3464593f3e2ec,.md,not_applicable,mechanical_inventory_only
research/paper/proof_completion/08_residue_ims/REFEREE_CHECKLIST.md,historical_paper_packages,1598,cee79118c80950f7276edf1b8214aaf71ecd0ed08fb521448b352b17380816b4,.md,not_applicable,mechanical_inventory_only
research/paper/proof_completion/08_residue_ims/THEOREM_STATEMENT.md,historical_paper_packages,2420,2b1881714ce33634927835e81af24271f2b6c72e088c4bb67d5b261adf43d098,.md,not_applicable,mechanical_inventory_only
research/paper/proof_completion/09_moments_periodic/COMPUTER_ASSISTED_BOUNDARY.md,historical_paper_packages,2598,0f078a4d2930bd41c813d35d3366b13051633d307863744be7fe3b364f3921b6,.md,not_applicable,mechanical_inventory_only
research/paper/proof_completion/09_moments_periodic/DEPENDENCIES.md,historical_paper_packages,1616,37a886e782ea8f9e2882a21680df2a41d27a9ebc9310cfeef5d41f64e750812e,.md,not_applicable,mechanical_inventory_only
research/paper/proof_completion/09_moments_periodic/FULL_PROOF.md,historical_paper_packages,5324,09be20b864f4a9e2c4ddc20473648f8442a35db470a5f207f420773816023a05,.md,not_applicable,mechanical_inventory_only
research/paper/proof_completion/09_moments_periodic/PROOF_OVERVIEW.md,historical_paper_packages,2129,4d501a74183b28843c91f2908255de2f05b9cf35e37bc6bc11db0286828a9914,.md,not_applicable,mechanical_inventory_only
research/paper/proof_completion/09_moments_periodic/REFEREE_CHECKLIST.md,historical_paper_packages,1746,7e5002af07225a47838e584da024e49583ed50c841a57ed8081898ac4c416929,.md,not_applicable,mechanical_inventory_only
research/paper/proof_completion/09_moments_periodic/THEOREM_STATEMENT.md,historical_paper_packages,1808,997902229c46c142393281cc9e582d0fa2dd937f378376bb40cb9fba9f70abaa,.md,not_applicable,mechanical_inventory_only
research/paper/proof_completion/10_computer_assisted/COMPUTER_ASSISTED_BOUNDARY.md,historical_paper_packages,4051,816e3931353ab34e3dcf5af566f06c183cf6afe3e854a9c827ea23fe10229bf3,.md,not_applicable,mechanical_inventory_only
research/paper/proof_completion/10_computer_assisted/FINITE_OBJECTS_AND_INDEPENDENCE.md,historical_paper_packages,3763,c6aeaf42a32452864e5e614ce1701ae9c5fa2b534926157dc5a56cfe1eec3dd6,.md,not_applicable,mechanical_inventory_only
research/paper/proof_completion/10_computer_assisted/MINIMAL_REPRODUCTION.md,historical_paper_packages,3981,4f0d17401fe12d5d59d878d905903f4e7c4c3c53cb62536da4eaf877aa1e858f,.md,not_applicable,mechanical_inventory_only
research/paper/proof_completion/10_computer_assisted/REFEREE_CHECKLIST.md,historical_paper_packages,952,d9fae950d329c7bb52fcbc230a1f40006fc0ab551134e43a2c0024b245823cfd,.md,not_applicable,mechanical_inventory_only
research/paper/proof_completion/11_stale_claim_audit/OCCURRENCE_CLASSIFICATION.md,historical_paper_packages,2045,b67a826949a1e17c722bb79be1f1c199262eb2ac750a6d9eba074ca2d07dd573,.md,not_applicable,mechanical_inventory_only
research/paper/proof_completion/11_stale_claim_audit/REFEREE_CHECKLIST.md,historical_paper_packages,1210,99ae89be92aa9f5e429e9ab2c255a6ea593e9c876db385f1f49e42462479f489,.md,not_applicable,mechanical_inventory_only
research/paper/proof_completion/11_stale_claim_audit/SCAN_METHOD.md,historical_paper_packages,2577,1a08a0902dbbbaf2cf51132e3164c00bd51d695eff48137f202cf93e3d11daed,.md,not_applicable,mechanical_inventory_only
research/paper/proof_completion/12_referee_review/COMPUTER_ASSISTED_REVIEW.md,historical_paper_packages,1884,19b913cb1bffd0896f72b4a8972257211bd9e6cc68845fdab76afc2248d8ef46,.md,not_applicable,mechanical_inventory_only
research/paper/proof_completion/12_referee_review/EDITORIAL_REVIEW.md,historical_paper_packages,2276,3b5a96c9fc6a2a64160bb8fca931912b6ea93ae945dfd2c3b90daea22153be68,.md,not_applicable,mechanical_inventory_only
research/paper/proof_completion/12_referee_review/FORMAL_MANUSCRIPT_FREEZE.md,historical_paper_packages,954,63a25de0ea1b47ca73e35d9fb9eaf77ec9f2c8f169cc9cd618b29913c2fdbca6,.md,not_applicable,mechanical_inventory_only
research/paper/proof_completion/12_referee_review/GRAPH_THEORY_REVIEW.md,historical_paper_packages,1781,debc1c80a7839bba7fe679aec9cf60929f5d1e8be168206ec210906b2d1d670a,.md,not_applicable,mechanical_inventory_only
research/paper/proof_completion/12_referee_review/OPERATOR_REVIEW.md,historical_paper_packages,1441,7404121e44a31509a89a973af470021d91de277224fa65156c448a78db83ff39,.md,not_applicable,mechanical_inventory_only
research/paper/proof_completion/12_referee_review/SPECTRAL_REVIEW.md,historical_paper_packages,1797,463f01a7f66f9e6560c2ac95ec6a3ff96b531e8c2e1a5a4e34a5fb6c917d534f,.md,not_applicable,mechanical_inventory_only
research/paper/proof_completion/12_referee_review/TASK575_HOSTILE_REVIEW.md,historical_paper_packages,3998,5af455d6813d265e7e792d291a9bef5a710f70a033ca4d8c7e2d32699f84762b,.md,not_applicable,mechanical_inventory_only
research/paper/proof_completion/12_referee_review/TWELVE_QUESTION_AUDIT.md,historical_paper_packages,4819,385a9b96f07fce09f4462b5d9285b6ccb134bd41fcbca62748003a77c6643898,.md,not_applicable,mechanical_inventory_only
research/paper/proof_completion/BASELINE.md,historical_paper_packages,868,dbf03988fa2a81814251f6ec4b59a1eaa025187e682cc71ff55cef86415997e7,.md,not_applicable,mechanical_inventory_only
research/paper/proof_completion/README.md,historical_paper_packages,2535,948df614e9b2dc0963b17932b8b1184935e524c6147ba92a61168a03c77682e4,.md,not_applicable,mechanical_inventory_only
research/paper/proof_completion/TARGET_A_FINAL_CLAIM_EVIDENCE_MATRIX_V2.md,historical_paper_packages,20040,f43a00723d20565f52994a2441dd95c8f398d42d26c4be5dc3b04a1e073e8b4b,.md,not_applicable,mechanical_inventory_only
research/paper/proof_completion/TARGET_A_FINAL_CLAIM_INVENTORY_V2.md,historical_paper_packages,15484,44a35a440d3d10949eceda12040f2fe9f7edb80cdf8eea6446f3d7903b3ab737,.md,not_applicable,mechanical_inventory_only
research/paper/proof_completion/TARGET_A_FINAL_COMPUTER_ASSISTED_THEOREM_TABLE.md,historical_paper_packages,7083,b2173215b5d91b9dce5d36384cd02e039fbe8077171fdaf2b444ccc7430eee0a,.md,not_applicable,mechanical_inventory_only
research/paper/proof_completion/TARGET_A_FINAL_NOTATION.md,historical_paper_packages,6846,68fc46f57e25f19fe536eb1a584b77a3e0dac3f22214b5409122028d1a243abb,.md,not_applicable,mechanical_inventory_only
research/paper/proof_completion/TARGET_A_FINAL_PROOF_DEPENDENCY_GRAPH.md,historical_paper_packages,7312,af3ce5349fd882fd8b2405a882c5a52b35a0012409cbc624bfd7cf6c45030d8b,.md,not_applicable,mechanical_inventory_only
research/paper/proof_completion/TARGET_A_FINAL_PROOF_REPAIR_SYNTHESIS.md,historical_paper_packages,6688,34237806578a9c2a013ecad5cf6343a6fcacd4e728f7f90b87593d9d0e20e1cc,.md,not_applicable,mechanical_inventory_only
research/paper/proof_completion/TARGET_A_JGT_PROOF_ARCHITECTURE.md,historical_paper_packages,10143,c99b81e5005b920b5d95181d1264e01fdfdd73d9e1769b21b2cdf2f635505eea,.md,not_applicable,mechanical_inventory_only
research/paper/proof_completion/TARGET_A_JGT_THEOREM_HIERARCHY.md,historical_paper_packages,6608,71679a123dd875d99a30d6d0b5535f618c3546ac54da12290d57889afd69ba91,.md,not_applicable,mechanical_inventory_only
research/paper/proof_completion/TARGET_A_MANUSCRIPT_IMPORT_SAFETY.md,historical_paper_packages,6801,890f40cf64dba17bac081353eb27ad4c2eb70bedc43cfbe16f50012df5115cec,.md,not_applicable,mechanical_inventory_only
research/paper/proof_completion/TARGET_A_PROOF_COMPLETION_SYNTHESIS.md,historical_paper_packages,11557,43f3ce2ba079e3de23239d23349536227fa721ac1d3b7a2f2b8de4bcdefc1ae6,.md,not_applicable,mechanical_inventory_only
research/paper/proof_completion/TARGET_A_STALE_RANK_CLAIM_AUDIT.md,historical_paper_packages,10905,6d29450f3022cf0436c3ef24bdd215a5ae36cbf731ee2b2f60a9586b4eb65071,.md,not_applicable,mechanical_inventory_only
research/paper/target_a_claim_inventory.json,historical_paper_packages,31689,7968a7038d56733df15542f0dd82900d799307e663577bdec2c96cdf5f9f1d8e,.json,json_valid,mechanical_inventory_only
research/paper/target_a_manuscript_gate.json,historical_paper_packages,3156,948a9339c21d84418a411a6c75ddedd2f6cd98952c3b42479187f5a89e0b390e,.json,json_valid,mechanical_inventory_only
research/paper/target_a_theorem_dependency_graph.json,historical_paper_packages,5877,51855934a4a26ea7fe7ff3192f6c2c7d5f0ed2e368066226380b386d884f59af,.json,json_valid,mechanical_inventory_only
research/paper/task58/TASK58_COVER_LETTER_FACTS.md,historical_paper_packages,2856,25c11b6026dce39c82a2b546247c1bfd6f7c6eb0240513527e26d82883717f9c,.md,not_applicable,mechanical_inventory_only
research/paper/task58/TASK58_CURRENT_HANDOFF.md,historical_paper_packages,5917,ca6406a032fe2ed37a9816bbe5b34cd43976d886baa81df39c30e1b214f6bc57,.md,not_applicable,mechanical_inventory_only
research/paper/task58/TASK58_DIRECT_LITERATURE_MATRIX.md,historical_paper_packages,20814,21f00f5eca65ea66e33672f8f7c3a0639c3f3dcdbccd63b4dc5f5801606bdfe2,.md,not_applicable,mechanical_inventory_only
research/paper/task58/TASK58_EXACT2R_LENGTH_DECISION.md,historical_paper_packages,8468,21c8266ab36499df1edb88c3b1bc74006d684373ac09ee153e449b0c127c1379,.md,not_applicable,mechanical_inventory_only
research/paper/task58/TASK58_FINAL_MANUSCRIPT_AUDIT.md,historical_paper_packages,7105,523176a3289480ab9e3cfba5c8b5ede7ed9fb289b8dea2e542b9f6194bef2c82,.md,not_applicable,mechanical_inventory_only
research/paper/task58/TASK58_FINITE_MAIN_APPENDIX_SPLIT.md,historical_paper_packages,15402,ec95e370df07099b07d562e5befb7c3ceb8ddb046ef5ecb217633017948ebd6d,.md,not_applicable,mechanical_inventory_only
research/paper/task58/TASK58_FIRST_SUBMISSION_SCOPE.md,historical_paper_packages,22162,668d10cd227119338e9326a5db9f0340901c851f0c2f6a8baacec5f35ba26fcd,.md,not_applicable,mechanical_inventory_only
research/paper/task58/TASK58_G6_MAIN_APPENDIX_SPLIT.md,historical_paper_packages,10674,b223e00bd0f5e39d7ca73da28c7149a9903e07804c29cadb6961881ac7b5c2d3,.md,not_applicable,mechanical_inventory_only
research/paper/task58/TASK58_HANDOFF.md,historical_paper_packages,3204,80efa2a68f6696398cdc5600c671982535b70ff616d33e06ec6b862613f2029c,.md,not_applicable,mechanical_inventory_only
research/paper/task58/TASK58_HOSTILE_MANUSCRIPT_REVIEW.md,historical_paper_packages,8897,6d38a6387a19f4e4cbe48425d1a9898a5fc880da8ac7a861e79a0d6cd58185ec,.md,not_applicable,mechanical_inventory_only
research/paper/task58/TASK58_INTRO_CLAIM_AUDIT.md,historical_paper_packages,4613,e1ed58328ca6c49d51198bd0c0f337edc3d787ec8ff75b6d99acfd4e6d65e9f2,.md,not_applicable,mechanical_inventory_only
research/paper/task58/TASK58_JGT_VISUAL_STYLE_CONTRACT.md,historical_paper_packages,11056,38508489c15a906a156490bc7284b344d861ce337fb17501600d5a14c2a93ed7,.md,not_applicable,mechanical_inventory_only
research/paper/task58/TASK58_LAYOUT_AND_LENGTH_AUDIT.md,historical_paper_packages,2451,39236f7155d66864184561d782f73c2c4d7cf1e56bd8060f2c354567b3a87310,.md,not_applicable,mechanical_inventory_only
research/paper/task58/TASK58_MANUSCRIPT_BUILD_BASELINE.md,historical_paper_packages,2067,2b1e8cccfd94d1c7c19150ee94223e0f7edf6df9bfdd9d70f619f865f87e5469,.md,not_applicable,mechanical_inventory_only
research/paper/task58/TASK58_MANUSCRIPT_MASTER_BLUEPRINT.md,historical_paper_packages,32693,66fa240b85bb92ecd3ef7cba86f74b0d8974591267807ea5a47b567a9f9f51da,.md,not_applicable,mechanical_inventory_only
research/paper/task58/TASK58_MATHEMATICAL_CONTRACT.md,historical_paper_packages,18411,ef6b5ded8022bacc71bf77772ed780d85ce088c3c2cd801e783ede00521f6b18,.md,not_applicable,mechanical_inventory_only
research/paper/task58/TASK58_NARRATIVE_AND_DEPENDENCY_MAPS.md,historical_paper_packages,11050,af8e3172f565fdc4c29f2ca24168f8eaed2d6a2d7db57b5cce375e9b90a2f2a0,.md,not_applicable,mechanical_inventory_only
research/paper/task58/TASK58_NOVELTY_POSITIONING.md,historical_paper_packages,7298,565c9e515dfe2de5a1b7f6f31a42c2508f419768593756270bff144314452876,.md,not_applicable,mechanical_inventory_only
research/paper/task58/TASK58_SOURCE_IMPORT_MAP.md,historical_paper_packages,25225,a36fc9cc94f82567477df742b23e3543843e58295ef4dc64b5c3410f38a040cb,.md,not_applicable,mechanical_inventory_only
research/paper/task58/TASK58_STALE_CLAIM_BLACKLIST.md,historical_paper_packages,9787,d12d589667f706a72e269c71fd9c200bbebf18c466e21a390b694f3d3be20950,.md,not_applicable,mechanical_inventory_only
research/paper/task58/TASK58_THEOREM_TO_SECTION_MAP.md,historical_paper_packages,14353,a3774f80e307e697f559b6377e4f663b7b4e59413921b517c24ff003756d0dd9,.md,not_applicable,mechanical_inventory_only
research/paper/task58/TASK58_TYPOGRAPHY_BASELINE.md,historical_paper_packages,2752,ca2cecc3ae706fe0598fc992108296d7726d4d741854696655ba0325801910e7,.md,not_applicable,mechanical_inventory_only
research/paper/task59/TASK59_COVER_LETTER_FACTS.md,historical_paper_packages,2078,88253eeae85b7257988e72bd8902aecc6ca9788160335c2a46ce7bc88603686d,.md,not_applicable,mechanical_inventory_only
research/paper/task59/TASK59_FINAL_PROSE_AUDIT.md,historical_paper_packages,4805,057ecca0f303416344a48f916477edfdbe1abf387cfd00a3da11a3d2b0d6dd3a,.md,not_applicable,mechanical_inventory_only
research/paper/task59/TASK59_FINAL_SUBMISSION_AUDIT.md,historical_paper_packages,2961,eb40885fe7d7285ed66a3aae5a0e66fe33c304e1e703fec508b5d17f9f8770a5,.md,not_applicable,mechanical_inventory_only
research/paper/task59/TASK59_HANDOFF.md,historical_paper_packages,1462,114320f2be12d47f0c7b8b37ea4c8d401e5d63dac149c7a6710299b949c020b8,.md,not_applicable,mechanical_inventory_only
research/paper/task59/TASK59_HOSTILE_REVIEW.md,historical_paper_packages,2377,191fd5b7c1ecfbac44fab7d2440c72652f1452dd41f4d4dd88f4f8fc2b790905,.md,not_applicable,mechanical_inventory_only
research/paper/task59/TASK59_JGT_FIGURE_AUDIT.md,historical_paper_packages,3471,ff46a5a2087b35e7a7782359f3900e7b0b57f94357948f723bad0abe4e00f879,.md,not_applicable,mechanical_inventory_only
research/paper/task59/TASK59_REVISION_LEDGER.md,historical_paper_packages,3285,746b3dd61dbb8bed43d160da450a61e3f46d9ba47f1d7260858fe8f298edfac1,.md,not_applicable,mechanical_inventory_only
research/paper/task59/TASK59_SOURCE_MAP.md,historical_paper_packages,1312,9f3d319e29a8eaa73bf2e3096393a1edd8809b385e4133401f040aa6461a7650,.md,not_applicable,mechanical_inventory_only
research/paper_strengthening/CURRENT_RESEARCH_STATE.md,period8_strengthening,7357,aabd7d7c13e688eab0c7fa7ae8fb27907de6889a0fe68bc4c1d49848ae7e31a6,.md,not_applicable,mechanical_inventory_only
research/paper_strengthening/FINAL_ARTICLE_ARCHITECTURE.md,period8_strengthening,5996,a286e9124c4dc39ee027e70f78f5716dcb6c55f8f1a799b23b52b3fc540acd0c,.md,not_applicable,mechanical_inventory_only
research/paper_strengthening/FINAL_ARTICLE_ARCHITECTURE_V2.md,period8_strengthening,1303,90aed33dfa08c0ca553db6f6eeb88d573bd1a95b98299b93d18456fdfcce8699,.md,not_applicable,mechanical_inventory_only
research/paper_strengthening/INTRODUCTION_PROBLEM_CHAIN_AUDIT.md,period8_strengthening,2237,0def181f8018a8ab5aa89b7cd500ac31419e4d56009d8ed3eee821b151bdfc63,.md,not_applicable,mechanical_inventory_only
research/paper_strengthening/JGT_RECENT_STRUCTURE_AUDIT.md,period8_strengthening,9543,a911405adda7b31244f0845709c79dd44b37cb6c59a3617d02f820f43806978e,.md,not_applicable,mechanical_inventory_only
research/paper_strengthening/JGT_REVIEWER_SIMULATION.md,period8_strengthening,3307,bda2c6d7f1c74e3966b626d60308e9bc1fb77427f1037e25256f7daec88c07e1,.md,not_applicable,mechanical_inventory_only
research/paper_strengthening/MATHEMATICAL_STRENGTHENING_CLOSED,period8_strengthening,440,3a7ce7115c6e35c7ef5a3749e14497b516b478db21c46261635499bb71fd7e00,none,not_applicable,mechanical_inventory_only
research/paper_strengthening/NARRATIVE_DEPENDENCY_MAP.md,period8_strengthening,3118,0c7c4220586b3dfe516d8b5eaa5523ece81c67bb59f20b350692e3c00c7f6f18,.md,not_applicable,mechanical_inventory_only
research/paper_strengthening/NOTATION_AUDIT.md,period8_strengthening,1057,4668e5a1173f3cb1cd030623a2bcce1b5208cefd75643e5f157903d18f713b42,.md,not_applicable,mechanical_inventory_only
research/paper_strengthening/PAPER_CONFIGURATION_RECORD.md,period8_strengthening,3339,89f0587e0e8ca591beee9524e1b29f79f225cc7e7d24dc4dd041ce6aa49c3935,.md,not_applicable,mechanical_inventory_only
research/paper_strengthening/POST_THEOREM_DISCUSSION_MAP.md,period8_strengthening,1826,e69dbda4ba4d0f546bf5e88c69aba3db6cebcb0391f8307373bd375d99adcb48,.md,not_applicable,mechanical_inventory_only
research/paper_strengthening/POST_THEOREM_TRANSITION_AUDIT.md,period8_strengthening,6207,1c668b3fc8e0e92c04ab9cde1e86301911e6593a4b0239f959395eb138636f38,.md,not_applicable,mechanical_inventory_only
research/paper_strengthening/PROOF_TRANSPARENCY_AUDIT.md,period8_strengthening,1280,f4c0b71d681282a4aec075d399ee981ee5151056938e58283cfc4b3bcbf971c9,.md,not_applicable,mechanical_inventory_only
research/paper_strengthening/WRITING_PROGRESS.md,period8_strengthening,2028,0a37693b6d7b4004e18ef709daa14ca1f0ac157f393493eeea4d49608ae7f3f0,.md,not_applicable,mechanical_inventory_only
research/paper_strengthening/current_verified_kernel.md,period8_strengthening,4945,0545cd9d36b6cd18eecf2d1a042ae480f37a9051280e1a7eb490de1b6d4fa98b,.md,not_applicable,mechanical_inventory_only
research/paper_strengthening/final_theorem_package.md,period8_strengthening,6126,83bfd563c84056f161ad385e65edb93bf4e1b6bfc115088b5638851b25ad9b98,.md,not_applicable,mechanical_inventory_only
research/paper_strengthening/full_period8_dispersion.md,period8_strengthening,4742,f6d6c46022ad30ae40dfa464c583760510f6bcea70eefd194bd14abcc8283af8,.md,not_applicable,mechanical_inventory_only
research/paper_strengthening/general_chiral_criterion.md,period8_strengthening,6259,01255981ca8ccdd9bee2e67b2d385bbc6a4bd212ea9c92e5e2f37d5794652542,.md,not_applicable,mechanical_inventory_only
research/paper_strengthening/literature_landscape.md,period8_strengthening,12780,de84d601d04c44321745aea29cdc3c11a400edf47de3449513411ae85007e4ff,.md,not_applicable,mechanical_inventory_only
research/paper_strengthening/manuscript_period8_jgt/.gitignore,frozen_period8_manuscript,49,7b4506c5fcb15acbf4acb2717ba45daec18e1b26b42399eae990eb3e4fcf846e,none,not_applicable,mechanical_inventory_only
research/paper_strengthening/manuscript_period8_jgt/AUTHOR_AND_SUBMISSION_QUESTIONS.md,frozen_period8_manuscript,1263,237244219044f4cd10956e3f2f52ad713801fc2478e8fb4235838a78edc12f48,.md,not_applicable,mechanical_inventory_only
research/paper_strengthening/manuscript_period8_jgt/BIBLIOGRAPHY_VERIFICATION.md,frozen_period8_manuscript,2153,2d02872cdbbc0d1ad119cc29968f0bc1d5e3294d0eb80fb1357e6895f7d91e54,.md,not_applicable,mechanical_inventory_only
research/paper_strengthening/manuscript_period8_jgt/INTEGRITY_REPORT_AUTHORIAL_REWRITE.md,frozen_period8_manuscript,2481,9f047631395abe037dcb47474cfb6e4dc25819dd69e735ce4f6155bb4d842b0b,.md,not_applicable,mechanical_inventory_only
research/paper_strengthening/manuscript_period8_jgt/INTEGRITY_REPORT_STAGE_2_5.md,frozen_period8_manuscript,10289,139d5b3a4e2b57b4a149421e775328c752d5b1c20853cd0fc576b9bff6142573,.md,not_applicable,mechanical_inventory_only
research/paper_strengthening/manuscript_period8_jgt/README.md,frozen_period8_manuscript,867,e7bb5e4de1af8c3bd84a09102ecd1a51c1c049b869ebe338d2f0ebcb9c1aed95,.md,not_applicable,mechanical_inventory_only
research/paper_strengthening/manuscript_period8_jgt/STRUCTURE_RATIONALE.md,frozen_period8_manuscript,2727,f299c27d355b65b8b36448733b524ff08a4254519590d1145fcf076968fc6b96,.md,not_applicable,mechanical_inventory_only
research/paper_strengthening/manuscript_period8_jgt/figures/finite_bloch_cells.tex,frozen_period8_manuscript,951,87f49ff611226ba08c1755b53d9a85bbbe3f9a38ddd8dbec78fc6899571b562c,.tex,not_applicable,mechanical_inventory_only
research/paper_strengthening/manuscript_period8_jgt/figures/period8_defect_orbits.tex,frozen_period8_manuscript,765,f80c45e4d418ac809aef8e9687de4c049135e9d234f2f0d669965ebd5cb54209,.tex,not_applicable,mechanical_inventory_only
research/paper_strengthening/manuscript_period8_jgt/figures/period8_flux_cell.tex,frozen_period8_manuscript,1069,7e9c6ea02305e0f35439afb07d1c3dba072e0d8045c41c9acd221e4d7b9a911e,.tex,not_applicable,mechanical_inventory_only
research/paper_strengthening/manuscript_period8_jgt/figures_zh/finite_bloch_cells.tex,frozen_period8_manuscript,956,60680933bd695f3e86371b4742918008d386d5266af7f3c854d9f964bfd77d1a,.tex,not_applicable,mechanical_inventory_only
research/paper_strengthening/manuscript_period8_jgt/figures_zh/period8_defect_orbits.tex,frozen_period8_manuscript,758,4f908808aefd24f791035258d62633f9cb1860ba81561adc78ba60326d108989,.tex,not_applicable,mechanical_inventory_only
research/paper_strengthening/manuscript_period8_jgt/figures_zh/period8_flux_cell.tex,frozen_period8_manuscript,1060,a3649b1759b680dfd63fe6052885da4cc10fdce4ac0b9ecdee29b7ed70e39bac,.tex,not_applicable,mechanical_inventory_only
research/paper_strengthening/manuscript_period8_jgt/frontmatter_en.tex,frozen_period8_manuscript,1767,23aa507fa7766161b8a8c59627acc91a71e1c2cd37f8dac5830c1b49a43aa048,.tex,not_applicable,mechanical_inventory_only
research/paper_strengthening/manuscript_period8_jgt/frontmatter_zh.tex,frozen_period8_manuscript,1571,aedd8aec0441a61e48007e99186ff1e87bee89fdf378abc8a460afc4cd5e7474,.tex,not_applicable,mechanical_inventory_only
research/paper_strengthening/manuscript_period8_jgt/main_en.pdf,frozen_period8_manuscript,143241,237914882301fa03ef435459fa6e59190edd81a243a454d3f3bcef65aeba697b,.pdf,not_applicable,mechanical_inventory_only
research/paper_strengthening/manuscript_period8_jgt/main_en.tex,frozen_period8_manuscript,373,93d760bf4df7ca3c04696b48f8c31ada64e8ae1042ab725685e09d070acdbfa6,.tex,not_applicable,mechanical_inventory_only
research/paper_strengthening/manuscript_period8_jgt/main_zh.pdf,frozen_period8_manuscript,318202,6d99f1ac0786723d712d178b1c3dabaccec9a09a5d602d4fbc3cc8c71a5c50f1,.pdf,not_applicable,mechanical_inventory_only
research/paper_strengthening/manuscript_period8_jgt/main_zh.tex,frozen_period8_manuscript,373,67a8e5996ea5308269c18519e0d7d213867bc78a3154253cdf6425bff087e657,.tex,not_applicable,mechanical_inventory_only
research/paper_strengthening/manuscript_period8_jgt/preamble_en.tex,frozen_period8_manuscript,1045,49457c7a1cc4e508807183d985a7647683faa3dd42c7a96e613b380bc33b73a9,.tex,not_applicable,mechanical_inventory_only
research/paper_strengthening/manuscript_period8_jgt/preamble_zh.tex,frozen_period8_manuscript,983,11a2ca28b5467a8d7a93ed281f33128b7db01d8b5e9f8dd290b86736a0d27fd9,.tex,not_applicable,mechanical_inventory_only
research/paper_strengthening/manuscript_period8_jgt/references.bib,frozen_period8_manuscript,4458,f7e6acb756fa4a963d5ca857ebe314c66b8a679b26491f71591108e4b76f6939,.bib,not_applicable,mechanical_inventory_only
research/paper_strengthening/manuscript_period8_jgt/sections_en/01_introduction.tex,frozen_period8_manuscript,8357,a6d8edf4e3d11182d4d5e0eae87df62939fbe82572466b0d8087d9ebd5fd2580,.tex,not_applicable,mechanical_inventory_only
research/paper_strengthening/manuscript_period8_jgt/sections_en/02_switching_bloch.tex,frozen_period8_manuscript,7027,9b6ffdaa465eadc9cf9e3c92910ed59ed4122fd5aac87e6746d2b1c7db775ac8,.tex,not_applicable,mechanical_inventory_only
research/paper_strengthening/manuscript_period8_jgt/sections_en/03_chiral.tex,frozen_period8_manuscript,5565,014c70050dbebe71058c8f71c187dbea7ab7223e5113d7df5aabffbdc1c1b595,.tex,not_applicable,mechanical_inventory_only
research/paper_strengthening/manuscript_period8_jgt/sections_en/04_period8_exact.tex,frozen_period8_manuscript,8826,4829001bf7bb4bbd2a9031281826b5a1f4aece300da5ee8df5d775797b4659da,.tex,not_applicable,mechanical_inventory_only
research/paper_strengthening/manuscript_period8_jgt/sections_en/05_first_rigidity.tex,frozen_period8_manuscript,9493,22bf3f6a260070589e2e1151f72bdb74e4b9d720b87016a4ad0d94ec01dac1c8,.tex,not_applicable,mechanical_inventory_only
research/paper_strengthening/manuscript_period8_jgt/sections_en/07_conclusion.tex,frozen_period8_manuscript,1204,cc52361f99bb04b83f253e87fdbe5856cd454235e2d4852a0a707406853dec8e,.tex,not_applicable,mechanical_inventory_only
research/paper_strengthening/manuscript_period8_jgt/sections_zh/01_introduction.tex,frozen_period8_manuscript,7323,65b7b94ff7e40847878d11564bfdc8956bcbdb609b258cf1ffea146d4889dbf5,.tex,not_applicable,mechanical_inventory_only
research/paper_strengthening/manuscript_period8_jgt/sections_zh/02_switching_bloch.tex,frozen_period8_manuscript,5117,1c2c08c122bc88dd045c0f2769c96a0562fe5f6d0cbbe801cfbae202268ef00f,.tex,not_applicable,mechanical_inventory_only
research/paper_strengthening/manuscript_period8_jgt/sections_zh/03_chiral.tex,frozen_period8_manuscript,4262,3b91a1179d1a9a79cfdf0917a038adec6d14f99f21fbea6995dda117142885ac,.tex,not_applicable,mechanical_inventory_only
research/paper_strengthening/manuscript_period8_jgt/sections_zh/04_period8_exact.tex,frozen_period8_manuscript,7049,ec7c6cd00fed5e5129986775016c4964e39f8d85cba177c8f17c78e86feb919e,.tex,not_applicable,mechanical_inventory_only
research/paper_strengthening/manuscript_period8_jgt/sections_zh/05_first_rigidity.tex,frozen_period8_manuscript,8054,ccc87880b05fe9fea7e28c15c2ca69b7c7244312dd394d48ec8a8e8424f0cff2,.tex,not_applicable,mechanical_inventory_only
research/paper_strengthening/manuscript_period8_jgt/sections_zh/07_conclusion.tex,frozen_period8_manuscript,983,19925f131257516897717e5eee608aed1eef431bd71b5e2c9c26e933a81aae97,.tex,not_applicable,mechanical_inventory_only
research/paper_strengthening/manuscript_period8_jgt/verify_manuscript_structure.py,frozen_period8_manuscript,2051,9a0d21ac04e2ff673da1e374ffbc25a754f962fd572518a7b7a6d6a7a8a32e59,.py,not_applicable,mechanical_inventory_only
research/paper_strengthening/new_article_narratives.md,period8_strengthening,8598,c01262efca847a6b101448fb114020ff608e49b3c1d289a3bd450ac130aa9d37,.md,not_applicable,mechanical_inventory_only
research/paper_strengthening/recommended_final_architecture.md,period8_strengthening,20393,d8efd9eb8c6494e70c09cc83708c0f2d7bb95ac463879a88e207bfff89b8b4dd,.md,not_applicable,mechanical_inventory_only
research/paper_strengthening/reference_library/ACCESS_AND_FULLTEXT.md,literature,3685,a367e9522b60bcb7289bf110364b4cfed2215545b812f40b5bb0af94e7c9ab13,.md,not_applicable,mechanical_inventory_only
research/paper_strengthening/reference_library/CLAIM_REFERENCE_MAP.md,literature,3251,615c30a724a7d9bcb3e2eb26fb3d5b6d1e7dfc41afdb26f4275fb65e39e422ae,.md,not_applicable,mechanical_inventory_only
research/paper_strengthening/reference_library/JGT_STRUCTURE_CORPUS.md,literature,2318,be6a2f4045fc7b4f685545a38f91b9666446cc83aa3d94db0c36a1b191d8e9a2,.md,not_applicable,mechanical_inventory_only
research/paper_strengthening/reference_library/MASTER_REFERENCE_INDEX.csv,literature,9809,972207ae904c00e1e81fec58533c6f933c18d76357221b1dc45a45cfea967bfe,.csv,not_applicable,mechanical_inventory_only
research/paper_strengthening/reference_library/README.md,literature,2679,d8ce68b73c28155e261f2641b658e5a5999c082156d068049ccb33e5ea207599,.md,not_applicable,mechanical_inventory_only
research/paper_strengthening/reference_library/RESERVE_AND_EXCLUDED.md,literature,2082,e0bb82caeca0935c7d32c2cd457f07bd4a39894f531b24027e02fe01da23f24b,.md,not_applicable,mechanical_inventory_only
research/paper_strengthening/reference_library/VERIFICATION_LEDGER.md,literature,1408,817040f5d64660a50bc422de1b184abe6428d1e88eab1d6bb5dfde54ef408c12,.md,not_applicable,mechanical_inventory_only
research/paper_strengthening/reference_library/bibliography/manuscript_core.bib,literature,4458,f7e6acb756fa4a963d5ca857ebe314c66b8a679b26491f71591108e4b76f6939,.bib,not_applicable,mechanical_inventory_only
research/paper_strengthening/reference_library/verify_reference_library.py,literature,3387,d880382a4dbb6d5a770533174e9b5f11ef323ad6cefc27feb4a9e7b28e582725,.py,not_applicable,mechanical_inventory_only
research/paper_strengthening/strengthening_results.md,period8_strengthening,5390,9a2cbf41ad271566dbc3dd780694fbac0af3cff10b47aad16b2a90c498cf9a9b,.md,not_applicable,mechanical_inventory_only
research/paper_strengthening/symmetry_invariance_lemmas.md,period8_strengthening,4989,639a5714f2d13819a7df908d2d74ff2cb87811346b6aff2ee3173ee7efca845f,.md,not_applicable,mechanical_inventory_only
research/paper_strengthening/task1A_exact_finite_edge.md,period8_strengthening,3135,0396d75213fa7b68c85a2359c1b7607cc844365e6b0ce46a6dd53fc11d256c5d,.md,not_applicable,mechanical_inventory_only
research/paper_strengthening/task1B_alpha_negative_sector.md,period8_strengthening,2392,651eb75dc8a91823cf1ff5c6ab31b5228c0caf10e066c0a33d6fb44825f0c5cd,.md,not_applicable,mechanical_inventory_only
research/paper_strengthening/task2A_minimal_period.md,period8_strengthening,3833,3e57d1abe77b5c9b78fb238670876bccdf78caf1ec4b78434d8240d3c9c25aa0,.md,not_applicable,mechanical_inventory_only
research/paper_strengthening/venue_audit/JGT.md,period8_strengthening,13110,e96bb3431b02f38fa2a208ffcaa55c9c388b1d860b478c3897f434bcc2f80ff5,.md,not_applicable,mechanical_inventory_only
research/paper_strengthening/venue_audit/LAA.md,period8_strengthening,12038,65e1fa0449c4b325239968f46e728b139fe098f4b81832742efaf1d685e87c71,.md,not_applicable,mechanical_inventory_only
research/paper_strengthening/venue_audit/SIGMA.md,period8_strengthening,7511,e9d7acd581c25409254b3063f8c46c5e047e4ebf4344eb37fe286faec292566f,.md,not_applicable,mechanical_inventory_only
research/paper_strengthening/venue_audit/venue_comparison.md,period8_strengthening,4863,fd442f82368460acfa7e7e6ad20bfe29ada2922dd6452d373046a67aafafc239,.md,not_applicable,mechanical_inventory_only
research/paper_strengthening/verifiers/verify_exact_finite_edge.py,period8_strengthening,1988,31dd76109dd2ee3997d6ac421daa9e4a6c962814b9f52eefa780d6e8e55feb5c,.py,not_applicable,mechanical_inventory_only
research/paper_strengthening/verifiers/verify_full_period8_dispersion.py,period8_strengthening,2294,c06ade169cf6a97a088f146f220cc85293770c7595e0913a90306ed72f17d6eb,.py,not_applicable,mechanical_inventory_only
research/paper_strengthening/verifiers/verify_minimal_period.py,period8_strengthening,3915,72c1791259e8387dbeeef85aebddc4a42454a507dfe54c6ae634eb4ab3db5bb4,.py,not_applicable,mechanical_inventory_only
research/paper_strengthening/verifiers/verify_period8_dispersion.py,period8_strengthening,1368,b63451f218cf315be85a3ae2044fa762e8aea617fdaa3ff9691336b856ad2f2c,.py,not_applicable,mechanical_inventory_only
research/paper_strengthening/verifiers/verify_symmetry_and_chiral.py,period8_strengthening,3667,fdf3f577667aa0f9e58c2df0048926d63c34b0b6c6adfb048e515f00037b375f,.py,not_applicable,mechanical_inventory_only
research/paper_strengthening/writing_style_audit.md,period8_strengthening,9893,d94f7c4fa59e4213dd6ab76e400a7ab20d94ad601edd38d7f0ff758d8798ba56,.md,not_applicable,mechanical_inventory_only
research/proof_closure/ANALYTIC_GAP_AUDIT_CURRENT.md,historical_analytic_program,13696,ba2bbc3c0e1e5d9d36783a2b0939a63f4213e33003562ae8e025c87917ea882c,.md,not_applicable,mechanical_inventory_only
research/proof_closure/ANALYTIC_PROOF_PROGRAM.md,historical_analytic_program,3092,c21dd0258e12170ce838e19a54c0491c78c1db5b5893ded19e1e634a51043fde,.md,not_applicable,mechanical_inventory_only
research/proof_closure/ANALYTIC_PROOF_RED_TEAM.md,historical_analytic_program,2338,2b4172436dc5feed9e63931a17e30f8b2a0be43e8e6e2aa88c5404cfaa7d258d,.md,not_applicable,mechanical_inventory_only
research/proof_closure/ANALYTIC_THRESHOLD_LEDGER.md,historical_analytic_program,1704,cbba2e452e0493e65a9e0c8764ad77e07b3e80e3b1f802756a3d9be95a556e21,.md,not_applicable,mechanical_inventory_only
research/proof_closure/BASELINE_FREEZE.md,historical_analytic_program,3295,9d43a0899a71c98dabcf5966de44aa8b41092e63c03c87919b53e8f047bcfdcd,.md,not_applicable,mechanical_inventory_only
research/proof_closure/CITATION_PLACEMENT_PLAN.md,historical_analytic_program,1774,1760da5e7bebf20cf420c10fd9e5205bffd24d4882fade4aa30a617217e61753,.md,not_applicable,mechanical_inventory_only
research/proof_closure/EQUALITY_ANALYTIC_SEARCH.md,historical_analytic_program,3006,54d89ed47ff62f159d75ab29e8385eb097aa5be42fe689c1ecc6589259c8fa9f,.md,not_applicable,mechanical_inventory_only
research/proof_closure/FINAL_MATHEMATICAL_PROOF_STATUS.md,historical_analytic_program,3131,69d40f266ddf71c190092066cbf33e740bdf7f0750a541c4c9a634a8ce5c79f9,.md,not_applicable,mechanical_inventory_only
research/proof_closure/FINAL_THEOREM_PROOF_MAP.md,historical_analytic_program,2070,0508214f05ec0e66969b3f2b243c31f7b5acd1a0a6697fe67fd37586e5adf397,.md,not_applicable,mechanical_inventory_only
research/proof_closure/FINITE_CERTIFICATE_SEMANTICS.md,historical_analytic_program,1800,c6c2705919907271a560255265ee0ba5facac0b40086b79b79969d8e6f340e81,.md,not_applicable,mechanical_inventory_only
research/proof_closure/FINITE_TAIL_ANALYTIC_SEARCH.md,historical_analytic_program,3382,3a3d8849a01ce3a57457d9d8e6106f054d4424cf7feb113a2ab5b8017417860a,.md,not_applicable,mechanical_inventory_only
research/proof_closure/G6_ANALYTIC_REDUCTION.md,historical_analytic_program,2063,b35368e752ee6335bc6a9d42b0fba7793d77ff7513c9a7d8282647f4955fdc30,.md,not_applicable,mechanical_inventory_only
research/proof_closure/LEAN_BUILD_STATUS.md,historical_analytic_program,1466,fcb1cb35851fcd07dc556bd74aa3d935f6f9e54d04242576fe55f41ee8f649bd,.md,not_applicable,mechanical_inventory_only
research/proof_closure/LEAN_THEOREM_MAP.md,historical_analytic_program,1854,f66b30ff3b7ea67c3ff1f3344b4067277a646146cda4fe38cadc9156dbab673e,.md,not_applicable,mechanical_inventory_only
research/proof_closure/MANUSCRIPT_ARCHITECTURE_PLAN.md,historical_analytic_program,4443,e85dc7afd8393e9e06e3d8bb12a2611fb07b5bf8eaa51c106934a68d0f56b518,.md,not_applicable,mechanical_inventory_only
research/proof_closure/ORDER_COVERAGE_LEDGER.md,historical_analytic_program,1565,85ae6dbce063e2404ec5cd41a18f83527fed740110db4e0730ecab7e9cbc8ae4,.md,not_applicable,mechanical_inventory_only
research/proof_closure/PERIODIC_COUNTEREXAMPLE_COVERAGE.md,historical_analytic_program,2419,93bd0527a1ee4e06d35ec04f97aa9cff8b1f42d1f8a449905467ee9a9558b8ac,.md,not_applicable,mechanical_inventory_only
research/proof_closure/PHASE_SLIP_AND_G6_CLOSURE.md,historical_analytic_program,3155,bce0ba4bd1636bd98a389c65070b296b92d02c2742219cca388922fdf63951ab,.md,not_applicable,mechanical_inventory_only
research/proof_closure/PROOF_OBLIGATION_MATRIX.md,historical_analytic_program,6473,f7209c85a9f615bcecd3a3d8a055bfefa690b77365c54e1f60f9a4da4aa7f08d,.md,not_applicable,mechanical_inventory_only
research/proof_closure/PROOF_PROVENANCE_MAP.md,historical_analytic_program,2062,09c88540e6864b41fe9a7498e9e4e3c3e606e7fea0c88693b17f5b5b033bdf0b,.md,not_applicable,mechanical_inventory_only
research/proof_closure/R2_BLOCK_SCHUR_THEOREM.md,historical_analytic_program,2517,a3c49f6c37bb93a3670c0285f422523983b63c4199b541679bd36241bc9d8eab,.md,not_applicable,mechanical_inventory_only
research/proof_closure/R2_BOUNDARY_RESPONSE_REDUCTION.md,historical_analytic_program,1563,9c96965c0cd4f75b52dfcb034d6f9efd565c791b1789c0cabf06539e4ac5f6ea,.md,not_applicable,mechanical_inventory_only
research/proof_closure/R2_BULK_HYPERBOLICITY.md,historical_analytic_program,587,d61c384bda64d42e254633bf88cca11539548e3839762fe43b3ebf618dc66039,.md,not_applicable,mechanical_inventory_only
research/proof_closure/R2_BULK_INVARIANT_BOX.md,historical_analytic_program,1036,a10455101d28056c7dae081a1bd766313ed569a9daef17597b799456b911e506,.md,not_applicable,mechanical_inventory_only
research/proof_closure/R2_K_REDUCTION_COMPARISON.md,historical_analytic_program,1139,5c9fd7e4fb092f76c96b6712d574355881314eaf377320d05bea270e384f0b44,.md,not_applicable,mechanical_inventory_only
research/proof_closure/R2_SCHUR_RICCATI_REDUCTION.md,historical_analytic_program,1360,37541510a9bd91edd86dfcf93094018c44492c32db1a97c6b7f0427726d6c835,.md,not_applicable,mechanical_inventory_only
research/proof_closure/STRUCTURE_REFERENCE_AUDIT.md,historical_analytic_program,2914,eeeecae5ba3ee43491ee476572f30bf2e717051d9987528bd0f94b593870d48c,.md,not_applicable,mechanical_inventory_only
research/proof_closure/SUPPLEMENT_BOUNDARY_PLAN.md,historical_analytic_program,1909,deb1a925e6945099df563125d1e923da9e3128b7e9584015dc597b0002e5db27,.md,not_applicable,mechanical_inventory_only
research/proof_closure/SUVAGIYA_CLAIM_SOURCE_MAP.md,historical_analytic_program,3149,24079514e0c34193ceddd8df4dd349941f5d4ad1c89ed30f72ff0fb4a778629c,.md,not_applicable,mechanical_inventory_only
research/proof_closure/THEOREM_DEPENDENCY_DAG.md,historical_analytic_program,2297,82aedce3da58f871497c65f7440b8340c201bf5ef939b94481f0f31a6c1a61ed,.md,not_applicable,mechanical_inventory_only
research/proof_closure/TWISTED_SIGNING_SPECTRUM.md,historical_analytic_program,1568,973163eea8459e731917b7446b86fa9d1ac554da755c96e090b213f2a12777e9,.md,not_applicable,mechanical_inventory_only
research/proof_closure/UNIFORM_RESIDUE_CAP_PROGRAM.md,historical_analytic_program,2935,42dce477ff4468a965d604f372ade1199707fde2522b8ff0588e31e8ea0ed79d,.md,not_applicable,mechanical_inventory_only
research/proof_closure/equality_analytic_search.json,historical_analytic_program,3628,01e60c99cbe6b37a0516f21aafde2c62b3faff5350630ea90be7d16dcc391ec4,.json,json_valid,mechanical_inventory_only
research/proof_closure/r2_block_riccati_template.json,historical_analytic_program,18729,0b44e1c792333c975fef9849fb62d627fcc13ed0c14357e4af083dd250d43cae,.json,json_valid,mechanical_inventory_only
research/proofs/.gitkeep,historical_theorems_and_exploration,1,01ba4719c80b6fe911b091a7c05124b64eeece964e09c058ef8f9805daca546b,none,not_applicable,mechanical_inventory_only
research/proofs/TARGET_A_GENERAL_PERIOD_MOMENT_OBSTRUCTIONS.md,historical_theorems_and_exploration,6159,14bb089d2d3dbb375ca0e409557fc1fd8121ad5106f2e08cb5d7005aef8d7a33,.md,not_applicable,mechanical_inventory_only
research/proofs/TARGET_A_LOW_PERIOD_SPECTRAL_FRONTIER.md,historical_theorems_and_exploration,8978,ab951ab6f2e8e4af5c4eab89c979255f1ff1ad3e071b95784b59064a14bedf9b,.md,not_applicable,mechanical_inventory_only
research/proofs/TARGET_A_LOW_PERIOD_STRUCTURAL_FRONTIER.md,historical_theorems_and_exploration,6742,cd6de9cc2c5a201247b09814815ced50aa68bf6133a203569bc3a877ee6e2c01,.md,not_applicable,mechanical_inventory_only
research/proofs/TARGET_A_PERIOD10_FAMILY.md,historical_theorems_and_exploration,2875,5fcc0becd8cc7963d0bbd25521e14dc06f11b6ca245fb30bb3132588ed6bac2c,.md,not_applicable,mechanical_inventory_only
research/proofs/TARGET_A_PERIOD8_FAMILY.md,historical_theorems_and_exploration,3011,602eb8e9bc775830628314b2395c81bf9c83a4eea0fde7d6c248e94e570e303a,.md,not_applicable,mechanical_inventory_only
research/proofs/TARGET_A_PERIOD8_PATTERN_CLASSIFICATION.md,historical_theorems_and_exploration,8585,653f4b67401f8bb83aa043070260c3b5949a1fb833a72db0fc8b7a1b807ac05a,.md,not_applicable,mechanical_inventory_only
research/proofs/TARGET_A_PERIOD8_SHARP_CONSTANT.md,historical_theorems_and_exploration,7225,e912a020ae2dc0931903b07172ec44f8823902c49a09f08356795c4ffa3e1c72,.md,not_applicable,mechanical_inventory_only
research/proofs/TARGET_A_PERIOD8_STRUCTURAL_MECHANISM.md,historical_theorems_and_exploration,9940,ca89c37eeabe100d3f2fe62695cf99b2cba6eaf116966862eb0e45352e7277d4,.md,not_applicable,mechanical_inventory_only
research/proofs/TARGET_A_PERIODIC_OPERATOR_EQUIVALENCES.md,historical_theorems_and_exploration,3012,2a04eb910e1e0f5c79301430d3ac5c6de9266b356a249adbc4bcc41c066f9b87,.md,not_applicable,mechanical_inventory_only
research/proofs/TARGET_A_SMALLEST_COUNTEREXAMPLE.md,historical_theorems_and_exploration,5385,668a3742e4c565ab6dc24d19565befd8531b26cd1ef56fc91528b81ef32062ed,.md,not_applicable,mechanical_inventory_only
research/proofs/target_a_general_period_moment_obstructions.json,historical_theorems_and_exploration,5747,566928bc0fc06bc984a102d29f84a8694d9c9cb17b254e8940d3c53bdaac2401,.json,json_valid,mechanical_inventory_only
research/proofs/target_a_low_period_spectral_frontier.json,historical_theorems_and_exploration,3968146,82e69ab7df7d81d6c2c46364a6e07aba7578fbc3ad21a69dcc17ffd08333928d,.json,json_valid,mechanical_inventory_only
research/proofs/target_a_low_period_structural_frontier.json,historical_theorems_and_exploration,593788,7f9fe5b0f318f07b31d71c638049bc9458422fae9ad4c5ee40062c40b5891b71,.json,json_valid,mechanical_inventory_only
research/proofs/target_a_period8_pattern_classification.json,historical_theorems_and_exploration,30943,a7a7b7259a99f099c7d2ab756a1a2f4c1ee233214f352d12df9e61cf1b47464c,.json,json_valid,mechanical_inventory_only
research/proofs/target_a_period8_sharp_constant.json,historical_theorems_and_exploration,7823,f742f79d804f3c44da18dcb4b6562d4d7d1eb75e9f631133bc7314c475dbaa63,.json,json_valid,mechanical_inventory_only
research/proofs/target_a_period8_structural_mechanism.json,historical_theorems_and_exploration,10108,34212c53f16e2fe67e2ed2c7b00cd37f62e4fe97eae48d1e33e2350b40f3f728,.json,json_valid,mechanical_inventory_only
research/proofs/target_a_periodic_operator_equivalences.json,historical_theorems_and_exploration,931,c2f4529283fd6c96ed588a6843ab6127be7b03b585aede03df254e4b0db7fb90,.json,json_valid,mechanical_inventory_only
research/proofs/task49/TARGET_A_INTERFACE_PROOF_BLUEPRINT.md,historical_theorems_and_exploration,5734,5415f3b3d4de5cd0647d4cea3dbe4c285ee3122d11a15229a0cf63ce86fecb1f,.md,not_applicable,mechanical_inventory_only
research/proofs/task50/BASELINE.md,historical_theorems_and_exploration,1117,082cde6a3f6d0f17bb4e8bb7124ac23ebee955a4da47e8114782226eacca6099,.md,not_applicable,mechanical_inventory_only
research/proofs/task50/BULK_PALINDROMIC_REDUCTION.md,historical_theorems_and_exploration,1041,dafa05c56322e99094cd2b09c9a7ac0548006f36e6089439fa6d001a45e6ed98,.md,not_applicable,mechanical_inventory_only
research/proofs/task50/G10_DEFECT_TRANSFER.md,historical_theorems_and_exploration,597,ea6997917ca7a80a0b05fd831cade2f8deba288aa6ca4663776bad63da13d1d7,.md,not_applicable,mechanical_inventory_only
research/proofs/task50/G6_DEFECT_TRANSFER.md,historical_theorems_and_exploration,1075,8e6e2bf5614c1ec108832905468dac37a34f4ebdf9a3cd1e1e09f37c9ef1d3da,.md,not_applicable,mechanical_inventory_only
research/proofs/task50/TARGET_A_BULK_HYPERBOLICITY_PROOF.md,historical_theorems_and_exploration,2261,831a8a3df629045d3fc597081a159fbc5894b56fdd34dca5d2af0f1f36cadb19,.md,not_applicable,mechanical_inventory_only
research/proofs/task50/TARGET_A_EVENTUAL_THRESHOLD_STATUS.md,historical_theorems_and_exploration,1120,0d8c74deaf4c6c600b5659ceccf1aa5fb6db1e60e6e0a1d108c36ceb19bc5102,.md,not_applicable,mechanical_inventory_only
research/proofs/task50/TARGET_A_EXACT_INTERFACE_THEOREM.md,historical_theorems_and_exploration,3563,4369cb1fe43a6afaaf99650a0c2ebbaa2f8be7895bd7d58cce64eb7e0e6c9b20,.md,not_applicable,mechanical_inventory_only
research/proofs/task50/TARGET_A_FINITE_DEFECT_INTERFACE_LEMMA.md,historical_theorems_and_exploration,2188,a203de30f9e5c5d3a3f9505c02189a38f322dce265bc96b1d9b503173e59c8c7,.md,not_applicable,mechanical_inventory_only
research/proofs/task50/TARGET_A_FINITE_RING_BOUND_STATUS.md,historical_theorems_and_exploration,2443,8c065bdaea378caa135fb239693cc7230e60c320cc93606bc47c29d809f920b0,.md,not_applicable,mechanical_inventory_only
research/proofs/task50/TARGET_A_POST_PROOF_FACT_INVENTORY.md,historical_theorems_and_exploration,3647,23a22c796f0e6b1fce496aecdc76e09ecf5b3174529692865d6edefa583c9889,.md,not_applicable,mechanical_inventory_only
research/proofs/task50/TARGET_A_TASK50_SYNTHESIS.md,historical_theorems_and_exploration,3884,059662aad142a72ca2c0398957e38aca973ce21786c3e3e0114fe5faec9ced81,.md,not_applicable,mechanical_inventory_only
research/proofs/task50/TARGET_A_TWO_INTERFACE_BOUND_STATUS.md,historical_theorems_and_exploration,1450,25bcadcf0d7a78436f125fb0f4b4403af60636ee39cdd4170937e11bb42895f2,.md,not_applicable,mechanical_inventory_only
research/proofs/task50/certificates/bulk_hyperbolicity_certificates.json,historical_theorems_and_exploration,3827,01bb365e77a352bd5ba65505aa2c04b1ce9521f61519a1a6646f39d32a291827,.json,json_valid,mechanical_inventory_only
research/proofs/task50/certificates/bulk_symbolic.json,historical_theorems_and_exploration,1044,a69dc5d9d4313c7b0335de62b915757448eff3dd7117cb2770562e1126101caa,.json,json_valid,mechanical_inventory_only
research/proofs/task50/certificates/finite_ring_recurrence.json,historical_theorems_and_exploration,11196,1e1e2ccbf706bf6259dc5c0e54f3cb91c37812ec1c74f11d9b3f30c4e50bf790,.json,json_valid,mechanical_inventory_only
research/proofs/task50/certificates/g10_defect_transfer.json,historical_theorems_and_exploration,3690,7f0b44d6cb2db1beddbda6f3e26a0ddb097591311fa63394b0c5d9f5df19a331,.json,json_valid,mechanical_inventory_only
research/proofs/task50/certificates/g10_interface_certificate.json,historical_theorems_and_exploration,11023,983b2a342a01d8140a2ffabf6bdca6a1ce4a52c8ec5ebc32186ab1091c711f0e,.json,json_valid,mechanical_inventory_only
research/proofs/task50/certificates/g6_defect_transfer.json,historical_theorems_and_exploration,2991,d55051543fc67098e2dd6422021fd52f457059499704ab3832c0967e538a3d8c,.json,json_valid,mechanical_inventory_only
research/proofs/task50/certificates/g6_interface_certificate.json,historical_theorems_and_exploration,10305,134d5d29ab8aaae5141cc70493a6f0c1955afeda36bc15789076b0a9a8ae49ea,.json,json_valid,mechanical_inventory_only
research/proofs/task51/TARGET_A_C6_ALGEBRAIC_THEOREM.md,historical_theorems_and_exploration,1553,9a8d13107fd8a89e46d3328ef47e44db3dc44a2591b304afd403f2de0b412d50,.md,not_applicable,mechanical_inventory_only
research/proofs/task51/TARGET_A_EXACT_CHARGE_AND_MOMENT_RESULTS.md,historical_theorems_and_exploration,1259,4065bc4b15d98782491effcd5d6c1e3be2d2673718bde3b0b7a3a8dfc0e8b5d3,.md,not_applicable,mechanical_inventory_only
research/proofs/task51/certificates/c6_exact_evans_elimination.json,historical_theorems_and_exploration,2838,3de93781004929852ebdbd31c7ecbfdf72d125e0eea2b1606b4e472237ecd225,.json,json_valid,mechanical_inventory_only
research/proofs/task52/BASELINE.md,historical_theorems_and_exploration,985,be06c6b476f7490dbf2730a143825c994327f296b726dddc3ef12e68e192f7e8,.md,not_applicable,mechanical_inventory_only
research/proofs/task52/TARGET_A_BULK_PROPAGATION_AND_RESOLVENT_BOUNDS.md,historical_theorems_and_exploration,2127,7a15872d83fd4607f9be8ba1d110836488c42bda3cc00d2bf9b52be5123189ea,.md,not_applicable,mechanical_inventory_only
research/proofs/task52/TARGET_A_C6_POLYNOMIAL_ROOT_GEOMETRY.md,historical_theorems_and_exploration,742,5cfa5505952a826acf903e240bb372754a6d95661a24a824a170b3f237207ee1,.md,not_applicable,mechanical_inventory_only
research/proofs/task52/TARGET_A_COMMON_RESIDUE_UPPER_THEOREM.md,historical_theorems_and_exploration,898,651fae6a5cbe17a638104aa7137aee6b334ced49438104a5ba282f756c66898c,.md,not_applicable,mechanical_inventory_only
research/proofs/task52/TARGET_A_DENSE_SPARSE_RIGIDITY_BLUEPRINT.md,historical_theorems_and_exploration,2707,d9064f5c36844dffed3d32e9fd79328cbef88c907c5948d3c615b3f8b36cf59b,.md,not_applicable,mechanical_inventory_only
research/proofs/task52/TARGET_A_DOMINANT_MODE_FINITE_RING_THEOREM.md,historical_theorems_and_exploration,898,b113acc2e47f213e55fb3f336e89b56e0149de31f1a5f034fc8a619ab69cc355,.md,not_applicable,mechanical_inventory_only
research/proofs/task52/TARGET_A_ELEMENTARY_CHARGE_CLASSIFICATION.md,historical_theorems_and_exploration,2840,14d72c7dad2447d15d89a6e716c8ce431fd318b05d4ca9028eb6e86004b4fced,.md,not_applicable,mechanical_inventory_only
research/proofs/task52/TARGET_A_EVENTUAL_ALL_EVEN_COROLLARY.md,historical_theorems_and_exploration,499,b92aa3c6f780161db47c00df2821891c2950226a8c38b9c1954ac32836bcddff,.md,not_applicable,mechanical_inventory_only
research/proofs/task52/TARGET_A_FIXED_R_ELEMENTARY_SLIP_THEOREM.md,historical_theorems_and_exploration,2564,9d1eb4341d38998e3527bc8113428e8cc9a58b8fd1e15a05512bec57d7ddfed0,.md,not_applicable,mechanical_inventory_only
research/proofs/task52/TARGET_A_FIXED_R_METHOD_SELECTION.md,historical_theorems_and_exploration,1585,ef43289716df1fad2f4b8e0b2c24245ac8018f37f22ef6fc429e9e48c86e40e2,.md,not_applicable,mechanical_inventory_only
research/proofs/task52/TARGET_A_MULTI_SLIP_INTERACTION_ASYMPTOTICS.md,historical_theorems_and_exploration,1204,2ccd7735091b56a89330016dca1a4c795c2193228ccf56a64543afa1cb080a04,.md,not_applicable,mechanical_inventory_only
research/proofs/task52/TARGET_A_P24_C6_GAP_AUDIT.md,historical_theorems_and_exploration,981,668a539746192789810c735cd4c2b47bfaf204e81554fe4b31d195b0cbb11cad,.md,not_applicable,mechanical_inventory_only
research/proofs/task52/TARGET_A_PLUS_MINUS_TWO_ALGEBRAIC_THEOREM.md,historical_theorems_and_exploration,2393,a704218abb214edd1f4ed1450530d7f9ad3582ba450f72b8d285d03d30ae1831,.md,not_applicable,mechanical_inventory_only
research/proofs/task52/TARGET_A_TASK52_CROSS_FALSIFICATION.md,historical_theorems_and_exploration,1751,3e80d59aa1e44272b14cb000ab5ac2cd643311336712838ab378c86b8f630c92,.md,not_applicable,mechanical_inventory_only
research/proofs/task52/TARGET_A_TASK52_REVIEWS.md,historical_theorems_and_exploration,3005,05f8600d1b34c616ca57dfee9a878946732b7e08a18a766a3bcae5abe24e6fa2,.md,not_applicable,mechanical_inventory_only
research/proofs/task52/TARGET_A_TASK52_SYNTHESIS.md,historical_theorems_and_exploration,10013,8ce0c4be06b419a24c38265a3a9ec67e08d6adf388350b619b3c18a001f0e9e4,.md,not_applicable,mechanical_inventory_only
research/proofs/task52/TARGET_A_TASK52_THEOREM_DEPENDENCY_GRAPH.md,historical_theorems_and_exploration,3470,83f74cb4b18d8b478b5ac6e0f2c7c28479961edf83edef95389fa52c3e7b157f,.md,not_applicable,mechanical_inventory_only
research/proofs/task52/TARGET_A_TRANSLATION_CHARGE_THEOREM.md,historical_theorems_and_exploration,1591,075db6b9c60fc548b96656b6551f3aa24ffdff7e880188f0a502e859112c1e9b,.md,not_applicable,mechanical_inventory_only
research/proofs/task52/certificates/c6_root_geometry.json,historical_theorems_and_exploration,2938,ab9599726d78dbbf8662737492d3a54dfa9c4a384b2ca328dafdfdc5d499b011,.json,json_valid,mechanical_inventory_only
research/proofs/task52/certificates/charge_recurrence.json,historical_theorems_and_exploration,21560,2b5ac88311cc252df29b5497573dd71074d0852be57b8f7104c8c97faad0b3ab,.json,json_valid,mechanical_inventory_only
research/proofs/task52/certificates/plus_minus_two_algebra.json,historical_theorems_and_exploration,9633,41d8d97e1aa95bc2a727dfef18135ecc016d777c9046c0560a4078bf60cb9443,.json,json_valid,mechanical_inventory_only
research/proofs/task52/certificates/single_gap_exact_comparisons.json,historical_theorems_and_exploration,27164,d04f6d1147a17e02ae8c3582db1b965d6d898a05afecca86c781f62c56c1f0ee,.json,json_valid,mechanical_inventory_only
research/proofs/task52/certificates/translation_charge.json,historical_theorems_and_exploration,6434,6e14abf86af71b9c6fc591129672152356f19615bf02bfabd29a2db20c4328e9,.json,json_valid,mechanical_inventory_only
research/proofs/task52/elementary_charge_exact_comparisons.json,historical_theorems_and_exploration,27164,d04f6d1147a17e02ae8c3582db1b965d6d898a05afecca86c781f62c56c1f0ee,.json,json_valid,mechanical_inventory_only
research/proofs/task53/BASELINE.md,historical_theorems_and_exploration,736,ce62c60f16fed6c944581a79f0a406e0c96fb3033cc2827b74ccde51670e79cc,.md,not_applicable,mechanical_inventory_only
research/proofs/task53/TARGET_A_C6_WEIGHTED_AUTOMATON_CERTIFICATE.md,historical_theorems_and_exploration,691,fd6e61e2392bc589d66db87b343e37a7a2f78125b9474ccc79f2b2db74dca03d,.md,not_applicable,mechanical_inventory_only
research/proofs/task53/TARGET_A_CHARGE_FRACTIONALIZATION_COROLLARY.md,historical_theorems_and_exploration,851,8950a5711627c5c038919524250fea1790a833c7cdcd1b451eb8e91fb5a99dda,.md,not_applicable,mechanical_inventory_only
research/proofs/task53/TARGET_A_DISCRETE_IMS_LEMMA.md,historical_theorems_and_exploration,1537,e0590b7017dcf2e5801bcba93e9b03bd5ab5d960089eb3aaf89a535cb137bf63,.md,not_applicable,mechanical_inventory_only
research/proofs/task53/TARGET_A_EVENTUAL_ALL_EVEN_THEOREM.md,historical_theorems_and_exploration,982,51bf048a872bb274f62c98d32dba88c1583d037dcec57a1633cef7611c2fc116,.md,not_applicable,mechanical_inventory_only
research/proofs/task53/TARGET_A_EXACT_R_INTERFACE_COUNT.md,historical_theorems_and_exploration,1143,bac6a64092dada054bab40a638a9cfa9db206b9b125e8db3249e999aaa747604,.md,not_applicable,mechanical_inventory_only
research/proofs/task53/TARGET_A_FESHBACH_EFFECTIVE_MATRIX.md,historical_theorems_and_exploration,1011,e723d7468f6000e34bae3d8a664ed745f9b4325adb2abb2e2b46954fa7f3b776,.md,not_applicable,mechanical_inventory_only
research/proofs/task53/TARGET_A_FIXED_R_GLOBAL_CAP.md,historical_theorems_and_exploration,1102,80e6bec1254f95c884f555d01652dc176d8dbe58dc2edfdc416278942956c654,.md,not_applicable,mechanical_inventory_only
research/proofs/task53/TARGET_A_FIXED_R_PATCH_CLASSIFICATION.md,historical_theorems_and_exploration,1605,00c6d7e8567a77a5e5019ad3c9aabdc0101654e5d23d621dcd46394a932d806c,.md,not_applicable,mechanical_inventory_only
research/proofs/task53/TARGET_A_G6_BULK_ROOT_GEOMETRY.md,historical_theorems_and_exploration,860,1da99f052730c0065c5604cb9f6630eaaf66626540a0d99a45b2b61c69fe06e9,.md,not_applicable,mechanical_inventory_only
research/proofs/task53/TARGET_A_G6_GLOBAL_EDGE_THEOREM.md,historical_theorems_and_exploration,2337,b4d106f4b75599708575d16917368382e95cd7c62b2b0acb4a0f1e2d9acf256c,.md,not_applicable,mechanical_inventory_only
research/proofs/task53/TARGET_A_G6_GLOBAL_HYPERBOLICITY.md,historical_theorems_and_exploration,1227,a060e91f147fd44d9aa8b4bcad693e09085d1b33741df0091f2c8dc1e8a923a8,.md,not_applicable,mechanical_inventory_only
research/proofs/task53/TARGET_A_G6_GRASSMANN_ATLAS.md,historical_theorems_and_exploration,2417,966919de4a87b8bcb306e5df38368abd2252c6f0b7ae9b1a88f6903f02428653,.md,not_applicable,mechanical_inventory_only
research/proofs/task53/TARGET_A_G6_PHYSICAL_BRANCH_DEFINITION.md,historical_theorems_and_exploration,1849,e7b07cafb55bc17801c5e86545c92d5e8c06ceca23b610101ca82836f3fd636b,.md,not_applicable,mechanical_inventory_only
research/proofs/task53/TARGET_A_LOW_ENERGY_RIGIDITY_PILOT.md,historical_theorems_and_exploration,552,0e69df301f6b9259335bd4e006a3fb859e13c64ffc42d5effd4527a8c325291f,.md,not_applicable,mechanical_inventory_only
research/proofs/task53/TARGET_A_MULTI_SLIP_INTERACTION_ASYMPTOTICS.md,historical_theorems_and_exploration,435,745b7a649f0c358c8054b55f095e0a464fc949cce6f53c67889249200bf293b6,.md,not_applicable,mechanical_inventory_only
research/proofs/task53/TARGET_A_P24_C6_COMPLETENESS_AUDIT.md,historical_theorems_and_exploration,831,ed86055d5672dc21ac9672a246ab95f938a031bd1c293ffb77eaf165deb24801,.md,not_applicable,mechanical_inventory_only
research/proofs/task53/TARGET_A_P24_C6_FRONTIER_THEOREM.md,historical_theorems_and_exploration,1123,034af27a16b956059edd52f921727c9d72108ab723af7486334a9a7ff0673208,.md,not_applicable,mechanical_inventory_only
research/proofs/task53/TARGET_A_PLUS_MINUS_TWO_STRUCTURAL_DUALITY.md,historical_theorems_and_exploration,1203,53c6e26644acc6e1f0c61895c77909f25f0d30a22d8265989d897797cfb182b7,.md,not_applicable,mechanical_inventory_only
research/proofs/task53/TARGET_A_POST_TASK53_MANUSCRIPT_BLUEPRINT.md,historical_theorems_and_exploration,1970,9d8f54bdae190614a78ad85e0e80ac6d9d4d57484dbfa20f880e716c80b558c8,.md,not_applicable,mechanical_inventory_only
research/proofs/task53/TARGET_A_RESIDUE_CLASS_THEOREM.md,historical_theorems_and_exploration,1308,d8ec95feb123c8b7a349f05273c3dffc83966549c0dee008e66f6396f7e4ce57,.md,not_applicable,mechanical_inventory_only
research/proofs/task53/TARGET_A_SINGLE_GAP_HIERARCHY.md,historical_theorems_and_exploration,788,590bea4ae895eefed0e69dbbbcbb13cf130bb046c40a81c7bfaa21cc3c75f226,.md,not_applicable,mechanical_inventory_only
research/proofs/task53/TARGET_A_TASK53_REVIEWS.md,historical_theorems_and_exploration,861,9c6250c73d3a06303f0396641e73c36c9858ff76137aacac1e75a03a3753efbd,.md,not_applicable,mechanical_inventory_only
research/proofs/task53/TARGET_A_TASK53_SYNTHESIS.md,historical_theorems_and_exploration,8435,a1595d4d18fb00212a1ecb1ae0447b1b62e3142f70da686e7692d3199791a7d6,.md,not_applicable,mechanical_inventory_only
research/proofs/task53/TARGET_A_TASK53_THEOREM_DEPENDENCY_GRAPH.md,historical_theorems_and_exploration,1435,1ea5a13b1c59b75ae57505f8d1ab1d41c9d8dee38435d83ce4fd5436abe4d4ea,.md,not_applicable,mechanical_inventory_only
research/proofs/task53/certificates/bulk_global_hyperbolicity.json,historical_theorems_and_exploration,3164,1a1800d679b3bfb6fa9fa5c5daedc45fa124d4c40e73364ff1ff5495eb43ae87,.json,json_valid,mechanical_inventory_only
research/proofs/task53/certificates/c6_automaton_pilot.json,historical_theorems_and_exploration,1315,9c79b6388ab830070cbc78df23021adc4ae80302932352e598672dadbd374fe9,.json,json_valid,mechanical_inventory_only
research/proofs/task53/certificates/g6_global_edge.json,historical_theorems_and_exploration,7086,299b5a17e8bbb13aaf183798883c52287c01bf3c5c8090aa80bf15ab005b621f,.json,json_valid,mechanical_inventory_only
research/proofs/task53/certificates/g6_grassmann_atlas.json,historical_theorems_and_exploration,15387,ad4dc946cafa00118a0aeafe17a747e82b4c3fad99a633338d31254cf4b908e9,.json,json_valid,mechanical_inventory_only
research/proofs/task53/certificates/ims_fixed_r_residue.json,historical_theorems_and_exploration,111015,c10eb53b8ceddcac60eb3ccb4afa74b61a35ffd9d74758f1fcf31408c342a7bf,.json,json_valid,mechanical_inventory_only
research/proofs/task53/certificates/p24_c6_frontier.json,historical_theorems_and_exploration,23979,16ffa7a43b10a1c629d172569285aab81c680d35adaa9ad9dd055b0dba26165a,.json,json_valid,mechanical_inventory_only
research/proofs/task53/certificates/plus_minus_two_structure.json,historical_theorems_and_exploration,9887,bb167e383154c5b9372435fb2396390d31875d29643eb516f67a1847a098a101,.json,json_valid,mechanical_inventory_only
research/proofs/task54/BASELINE.md,historical_theorems_and_exploration,537,8e12f7431dffd14ed0d4ab178a2a093a2da4465959bdc5735b1dfe5f2ba8a243,.md,not_applicable,mechanical_inventory_only
research/proofs/task54/TARGET_A_APERIODIC_LIMIT_AUDIT.md,historical_theorems_and_exploration,1189,72144c10f78f147cdb62f5af6ec7fa416d005767b103ffcc90699c0dc0b765cc,.md,not_applicable,mechanical_inventory_only
research/proofs/task54/TARGET_A_BULK_AND_INTERFACE_GREEN_DECAY.md,historical_theorems_and_exploration,820,b9b51ddad1edaa3cfcc19aa151d336ce235c64524dccf00082d91e9e0f72311f,.md,not_applicable,mechanical_inventory_only
research/proofs/task54/TARGET_A_CHARGE_CONCENTRATION_COMPACTNESS.md,historical_theorems_and_exploration,1981,720d53585898f61a19f1919b374cc4a4de7cca521c6ef48a916f7c4fa17df6dc,.md,not_applicable,mechanical_inventory_only
research/proofs/task54/TARGET_A_COMMON_RESIDUE_LIMINF.md,historical_theorems_and_exploration,947,5a66b7ee01f673f54493377744036bf331c02b8cf7c5ab6f16722758c8e27cc6,.md,not_applicable,mechanical_inventory_only
research/proofs/task54/TARGET_A_COMMON_RESIDUE_LIMIT_SCOPE.md,historical_theorems_and_exploration,769,94335cd154474e25163d7077ad38bfb582cfb8da40f6090919e21581955a62f9,.md,not_applicable,mechanical_inventory_only
research/proofs/task54/TARGET_A_COMPLEMENT_GAP_THEOREM.md,historical_theorems_and_exploration,3550,a8c9ba68a2853c1b8c76d8f3afaba0174d8b8e9c13e1d780c86b2ccf42335e11,.md,not_applicable,mechanical_inventory_only
research/proofs/task54/TARGET_A_EFFECTIVE_COUPLING_FORMULAS.md,historical_theorems_and_exploration,1258,42433b38cb22d8a2b7b640a5d45ab515b37d518252e151e9f348dea1a51f3441,.md,not_applicable,mechanical_inventory_only
research/proofs/task54/TARGET_A_EXACT_R_PHASE_SLIP_EXCITATION_THEOREM.md,historical_theorems_and_exploration,1025,a354d2e361662d90846c0534331402d34254fb662ede7a14b2cdd2633292eb50,.md,not_applicable,mechanical_inventory_only
research/proofs/task54/TARGET_A_EXACT_R_RIESZ_THEOREM.md,historical_theorems_and_exploration,1062,f5046031cd8d71ad0ad47348982ef21cacf64ba23ccad45d45f439fdb7462d32,.md,not_applicable,mechanical_inventory_only
research/proofs/task54/TARGET_A_EXPLICIT_EXPONENTIAL_CONSTANTS.md,historical_theorems_and_exploration,827,93ba233a1c45148ae9ff4c60512a925d5af745e8f980d37334423d4ef675eb7f,.md,not_applicable,mechanical_inventory_only
research/proofs/task54/TARGET_A_EXPONENTIAL_EVENTUAL_THRESHOLD.md,historical_theorems_and_exploration,988,abcd4bd41db84761b9fb55eddedeb510d14e1330fca2ad8aea6fa863970f1ae9,.md,not_applicable,mechanical_inventory_only
research/proofs/task54/TARGET_A_EXPONENTIAL_FIXED_R_GLOBAL_CAP.md,historical_theorems_and_exploration,1218,9b157977dda9161ad7b8881c61d0a2aaf6c4309b40cd47f7c65d408b8564f0b8,.md,not_applicable,mechanical_inventory_only
research/proofs/task54/TARGET_A_EXPONENTIAL_RESIDUE_BOUNDS.md,historical_theorems_and_exploration,1082,8fbe1febc62dd2b71f243055292a376342428cfc62453519944311689f3be49f,.md,not_applicable,mechanical_inventory_only
research/proofs/task54/TARGET_A_FESHBACH_EFFECTIVE_HAMILTONIAN.md,historical_theorems_and_exploration,1751,5f49462308d731aed6c37c5c2c1249b6bd9710882d0be5108aa363dbb10857db,.md,not_applicable,mechanical_inventory_only
research/proofs/task54/TARGET_A_FINITE_STRUCTURED_COUNTEREXAMPLE_TAIL.md,historical_theorems_and_exploration,1405,187de7c777db9487b822bb0dc6dc1f1f2d0c478f4cdba5a288555d3bc7a6f800,.md,not_applicable,mechanical_inventory_only
research/proofs/task54/TARGET_A_G6_GAP_CANDIDATE_CLASSIFICATION.md,historical_theorems_and_exploration,817,237d543e6c05d70ccb758102827c626b432dd6d6ea64e57e6e64314df1a50720,.md,not_applicable,mechanical_inventory_only
research/proofs/task54/TARGET_A_G6_REDUCED_RESOLVENT.md,historical_theorems_and_exploration,988,fb7fad3112e6087f90b7d43909df51d54e5500130adb27fd3de91f0ca211709e,.md,not_applicable,mechanical_inventory_only
research/proofs/task54/TARGET_A_G6_SPECTRAL_ISOLATION.md,historical_theorems_and_exploration,760,a577fa14c78d847b5b99d31139e87897dab3389b1ea34850ab421e56781f3a9c,.md,not_applicable,mechanical_inventory_only
research/proofs/task54/TARGET_A_GEOMETRIC_RESOLVENT_GLUE.md,historical_theorems_and_exploration,860,c01fdef52c1b2b9c264d46eaf6adb83907be131f71d6169f32c9df7b8a736db3,.md,not_applicable,mechanical_inventory_only
research/proofs/task54/TARGET_A_IMS_CONSTANT_AUDIT.md,historical_theorems_and_exploration,822,16617622b7c40b1664a00fd6e0697ada071f65a9bdfb1f0a195d4e2abe37c279,.md,not_applicable,mechanical_inventory_only
research/proofs/task54/TARGET_A_IMS_EVENTUAL_THRESHOLD.md,historical_theorems_and_exploration,863,744c97294f4d3574913d235987b442c0814bd3de1edd3b23508035e2df8a4fef,.md,not_applicable,mechanical_inventory_only
research/proofs/task54/TARGET_A_LIMIT_OPERATOR_FRAMEWORK.md,historical_theorems_and_exploration,1643,569879ed44e23b495ddfcfe3afbfb9c13bbedf97222ffa59a12a4c07468c87cd,.md,not_applicable,mechanical_inventory_only
research/proofs/task54/TARGET_A_OPTIMIZED_GLOBAL_IMS_CAP.md,historical_theorems_and_exploration,700,aad8237e23e1cd031aeeb0ec44cc359b0511f74f1ae6b6719913c974b4cb14d6,.md,not_applicable,mechanical_inventory_only
research/proofs/task54/TARGET_A_TASK54_CONTINUATION_BASELINE.md,historical_theorems_and_exploration,1095,91a13d4da38672209f1ac808690cb3c6386d60b96e335a0d87b76ed9178bef30,.md,not_applicable,mechanical_inventory_only
research/proofs/task54/TARGET_A_TASK54_CONTINUATION_DEPENDENCY_GRAPH.md,historical_theorems_and_exploration,2322,efc6e7492ba660f23c91b087d1c533d9825eaeae9597ba501fd5cbb282ff3efd,.md,not_applicable,mechanical_inventory_only
research/proofs/task54/TARGET_A_TASK54_CONTINUATION_MASTER_LEDGER.md,historical_theorems_and_exploration,6216,7668efbec91ec540a1b2cd73076303abe3d459a8044c2f1e5c2dde6444873a99,.md,not_applicable,mechanical_inventory_only
research/proofs/task54/TARGET_A_TASK54_CONTINUATION_SYNTHESIS.md,historical_theorems_and_exploration,12316,c69a133dac6c71e4b52265c0390a4a8dd99f2eff34569fec7204948fa4511221,.md,not_applicable,mechanical_inventory_only
research/proofs/task54/TARGET_A_TASK54_EVENTUAL_THRESHOLD_CERTIFICATE.json,historical_theorems_and_exploration,120063,18e4a9e8e6d21ba19aa95eb0c117c0b5f8e9bb59ddcfbf881d1c2d110744ea47,.json,json_valid,mechanical_inventory_only
research/proofs/task54/TARGET_A_TASK54_EVENTUAL_THRESHOLD_SHARPENING.md,historical_theorems_and_exploration,1994,79946d6d3d8d447fa70084f922cc9f39fc6eea6b7fc1614dd47ead2b6dcbcfbe,.md,not_applicable,mechanical_inventory_only
research/proofs/task54/certificates/exact_r_complement_gap.json,historical_theorems_and_exploration,3333,13ec7f8dfad812a793d3d0c175062168ef92d259d9c7c32856f3e304c588908a,.json,json_valid,mechanical_inventory_only
research/proofs/task54/certificates/g6_spectral_isolation.json,historical_theorems_and_exploration,5941,2c4158bfc890979f2c3eb355db61c803d887d4a6fa8903cf4529756d02bbc29f,.json,json_valid,mechanical_inventory_only
research/proofs/task54/lanes/analytic_threshold/HANDOFF.md,historical_theorems_and_exploration,1879,1ad3e240f281129c711afb8b4672e396cddb7681c2019e0bc5e962563ca67149,.md,not_applicable,mechanical_inventory_only
research/proofs/task54/lanes/exponential_cap/HANDOFF.md,historical_theorems_and_exploration,2412,2a1b2066ec61684ec3673526c4a2ee83a0555b9024bd91c4da3bd4cccc6e5d0a,.md,not_applicable,mechanical_inventory_only
research/proofs/task54/lanes/finite_threshold/HANDOFF.md,historical_theorems_and_exploration,1836,2cea524887cf1fdeedec9941b142e3b6b49a465727b0178c7b039432761ab3f4,.md,not_applicable,mechanical_inventory_only
research/proofs/task54/lanes/limit_theory/HANDOFF.md,historical_theorems_and_exploration,1930,123ae5ada565ccfb22fd28352027f4ae4def0893e461240518ce0351ab9e6bce,.md,not_applicable,mechanical_inventory_only
research/proofs/task55/BASELINE.md,historical_theorems_and_exploration,2499,0f89f23480be752c9a80f89874c4d2102b47cea84364dbf6e98712d74e69b972,.md,not_applicable,mechanical_inventory_only
research/proofs/task55/TARGET_A_2R_FESHBACH_THEOREM.md,historical_theorems_and_exploration,3063,c87b988994f56f88282e77a3e76c39084a095e4e502b99bcac5b5ccecfc95935,.md,not_applicable,mechanical_inventory_only
research/proofs/task55/TARGET_A_ALL_EVEN_ORDER_CLASSIFICATION.md,historical_theorems_and_exploration,3463,f5a94b29627589df86cb3a1599150a7420841b3a11dc31ac6956ac61839de386,.md,not_applicable,mechanical_inventory_only
research/proofs/task55/TARGET_A_COMMON_LIMINF_TASK55.md,historical_theorems_and_exploration,3474,9da82c7eb04042ac2ca044a979b1455c804bce8e900c64c3e8dd9360608a9a2e,.md,not_applicable,mechanical_inventory_only
research/proofs/task55/TARGET_A_COMMON_LIMIT_TASK55.md,historical_theorems_and_exploration,3496,b4c44cffd362679d1d3d746521180c26666227002fa8e128d73135fe1b577b87,.md,not_applicable,mechanical_inventory_only
research/proofs/task55/TARGET_A_EXACT_2R_CLUSTER_THEOREM.md,historical_theorems_and_exploration,5845,3cbfdf5dd9c36f7be7135afb5f7c2e0d720086c59f67fc31dc77b3e4bb9f2343,.md,not_applicable,mechanical_inventory_only
research/proofs/task55/TARGET_A_EXCURSION_RIGIDITY_TASK55.md,historical_theorems_and_exploration,3744,bf2992ad6b7646ebaf41f84a0883a0efce76bfaab4b95d144c7d001d258eac1c,.md,not_applicable,mechanical_inventory_only
research/proofs/task55/TARGET_A_EXPLICIT_EXPONENTIAL_CONSTANTS_TASK55.md,historical_theorems_and_exploration,2854,f186ab21f7d0e5097ed2fb4db157814b63b672aec8bc279a27bc19a3635ec574,.md,not_applicable,mechanical_inventory_only
research/proofs/task55/TARGET_A_EXPONENTIAL_FINITE_SIZE_THEOREM.md,historical_theorems_and_exploration,3631,fceb10c6db1facadd773825e17b934976ecc4870bb73a40d7fcae0bfdabc4212,.md,not_applicable,mechanical_inventory_only
research/proofs/task55/TARGET_A_G6_RANK_DOUBLING_CORRECTION.md,historical_theorems_and_exploration,3774,e0ce7e8758dbf7ff0a26b83d57d93078c605d046c253b1be1afedc93652aef00,.md,not_applicable,mechanical_inventory_only
research/proofs/task55/TARGET_A_GENERAL_B0_B2_INTERFACE_THEOREM.md,historical_theorems_and_exploration,3158,f6a6103e8278778c92207b99000e1c868843c0b6331bb9589311cac041a9ac73,.md,not_applicable,mechanical_inventory_only
research/proofs/task55/TARGET_A_MULTIGAP_SUPPORT18_THEOREM.md,historical_theorems_and_exploration,5079,2b8ec88ccbfc26f5e8fed06004091d811c319c86670d1a12dd59471801fa144c,.md,not_applicable,mechanical_inventory_only
research/proofs/task55/TARGET_A_ORDERS_34_46_CERTIFICATES.json,historical_theorems_and_exploration,4577,6385a7e35b69ff32cba41b719faa554eef3060d020d0c54e0fd702d100cb6669,.json,json_valid,mechanical_inventory_only
research/proofs/task55/TARGET_A_ORDERS_34_46_DISCOVERY.md,historical_theorems_and_exploration,5279,8faa6e20e19b15053e9cac23c4fc0ee19efa01ab303da155eb504b1f3ce39120,.md,not_applicable,mechanical_inventory_only
research/proofs/task55/TARGET_A_ORDERS_34_46_EXACT_CLASSIFICATION.md,historical_theorems_and_exploration,5162,aa0859c329c5753cc96c39a597393395116332969ecf16d65146caea0fd23c0d,.md,not_applicable,mechanical_inventory_only
research/proofs/task55/TARGET_A_PERIODIC_FRONTIER_TASK55.md,historical_theorems_and_exploration,3362,5394baf3e46e8631ec12f161a370d13c99ba91ed4f39ad2135bdeab245d8e84f,.md,not_applicable,mechanical_inventory_only
research/proofs/task55/TARGET_A_PHASE_SLIP_INTERACTION_THEOREM.md,historical_theorems_and_exploration,5022,001296c70943f9e8e982f0b9daf9c0abc898237edc3fa502b8058003eaf9bb0c,.md,not_applicable,mechanical_inventory_only
research/proofs/task55/TARGET_A_PLUS_MINUS_TWO_STRUCTURE_TASK55.md,historical_theorems_and_exploration,4107,169fa3465e89bfa158e21b8074c1dd6693865f02b9bd742e3f79a13afc1da333,.md,not_applicable,mechanical_inventory_only
research/proofs/task55/TARGET_A_REFERENCE_RELATIVE_COST.md,historical_theorems_and_exploration,3811,812282052d09b9cbde29a60e7159cb8614e965e66e4f51243e0b9ae039ecfe91,.md,not_applicable,mechanical_inventory_only
research/proofs/task55/TARGET_A_SIMPLICITY_CONDITIONS.md,historical_theorems_and_exploration,3946,5a37a3e9ae0869c20e940ef7784894d50d68a06e56983527dc916d0f8c362ebc,.md,not_applicable,mechanical_inventory_only
research/proofs/task55/TARGET_A_SINGLE_GAP_HIERARCHY_TASK55.md,historical_theorems_and_exploration,3113,f1cd53a5862cda5bf13bc59d74320e55cd0d732de56c3f44bc87b9069bcc3ce5,.md,not_applicable,mechanical_inventory_only
research/proofs/task55/TARGET_A_SMALL_ORDER_EXACT_THEOREM.md,historical_theorems_and_exploration,4180,5fcaff6581e1f737f1a3cc47902c94585062696792831f2fb25f3560d8ec52be,.md,not_applicable,mechanical_inventory_only
research/proofs/task55/TARGET_A_TASK55_DEPENDENCY_GRAPH.md,historical_theorems_and_exploration,20093,c4b0de3b530b1a392b2c0bb23fa8df5a9bccdec02c740d3edf40ea81b3ca50ec,.md,not_applicable,mechanical_inventory_only
research/proofs/task55/TARGET_A_TASK55_MASTER_LEDGER.md,historical_theorems_and_exploration,5781,e9c5ef2dbbcbb4cddd6b1350608adf129964319a3ac774a3bc6a6474c94b28cb,.md,not_applicable,mechanical_inventory_only
research/proofs/task55/TARGET_A_TASK55_SYNTHESIS.md,historical_theorems_and_exploration,7255,391f50c8c4d48c1e7a120b0ac9f29c7a306fb4c597e4da5729486dfcc7e083fd,.md,not_applicable,mechanical_inventory_only
research/proofs/task55/TARGET_A_THREE_THREE_LOCAL_LEMMA.md,historical_theorems_and_exploration,3454,9fdab049f5d415d899ec4655a32d8a33cbff30e15b1cac0bc02fe5c9c2ef9666,.md,not_applicable,mechanical_inventory_only
research/proofs/task55/certificates/exact_2r_cluster.json,historical_theorems_and_exploration,31290,0cd6e2f107d3aaa28a19cf04ede9e69bdedb152e34a3a3165b89aa79d88a7356,.json,json_valid,mechanical_inventory_only
research/proofs/task55/certificates/multigap_support18.jsonl,historical_theorems_and_exploration,2417323,9c8ef135fc11ca7b8c1761c3d45fb89c65790d97c12f2081787814f046c038bf,.jsonl,not_applicable,mechanical_inventory_only
research/proofs/task55/certificates/multigap_support18_manifest.json,historical_theorems_and_exploration,4645,9995aaa8f9783256e153347e15a1338400a4a8364bba2aad78fef60d14d7469f,.json,json_valid,mechanical_inventory_only
research/proofs/task55/certificates/single_gap_structure.json,historical_theorems_and_exploration,32856,a09e055fd07460269ec11857add62c2566f589d40ed9fee0bf006be6f6e75a7f,.json,json_valid,mechanical_inventory_only
research/proofs/task55/certificates/small_order_exact_classification.json,historical_theorems_and_exploration,5388251,cb12d8502c6fcf31c5e8f1d23f3b9f1bb44b28b05a58f2e02067df08c04132b4,.json,json_valid,mechanical_inventory_only
research/proofs/task55/lanes/exact_2r/PRODUCER_HANDOFF.md,historical_theorems_and_exploration,3672,cc39f4190f1681453e37a071f79e18cfb0607e5d72758e73dd627054805592ea,.md,not_applicable,mechanical_inventory_only
research/proofs/task55/lanes/exact_2r/VERIFIER_HANDOFF.md,historical_theorems_and_exploration,6052,6602455ed2284c17f5a87bc14f3e9a8c8b34cb27d8018b745a2536f8f6632272,.md,not_applicable,mechanical_inventory_only
research/proofs/task55/lanes/multigap/ALT_VERIFIER_HANDOFF.md,historical_theorems_and_exploration,5483,738bcc5cbc33df7e7a87a5e30f96f465949fbd2bdcbb03b1db226cd45b5e5bdf,.md,not_applicable,mechanical_inventory_only
research/proofs/task55/lanes/multigap/HANDOFF.md,historical_theorems_and_exploration,1949,edd9fac07833052b647128f99eb7b5069a22e595dfa02d06c29833090d093869,.md,not_applicable,mechanical_inventory_only
research/proofs/task55/lanes/orders_34_46/HANDOFF.md,historical_theorems_and_exploration,1440,d607036c5804ee69935b33a60c1f8b258406f782417b71aae671f75a8cba14b0,.md,not_applicable,mechanical_inventory_only
research/proofs/task55/lanes/single_gap/HANDOFF.md,historical_theorems_and_exploration,1047,83e891868e58899ca2650464cf16242cc44a89f1c61422437776235fba7d577e,.md,not_applicable,mechanical_inventory_only
research/proofs/task55/lanes/small_order_exact/PRODUCER_HANDOFF.md,historical_theorems_and_exploration,3056,879f73030f0bcd07af2818bc57698339b27a510b9fe54c5358bd52222917a0eb,.md,not_applicable,mechanical_inventory_only
research/proofs/task55/lanes/small_order_exact/VERIFIER_HANDOFF.md,historical_theorems_and_exploration,4587,4652cb5390993bf14111222f8f3e7f72768c23966e6889bb3270681b935f1ea9,.md,not_applicable,mechanical_inventory_only
research/proofs/task56/BASELINE.md,historical_theorems_and_exploration,2230,0e71256a8afd8bdb46fcf787332c03e611b1326946f689ef99b05b73922e3c43,.md,not_applicable,mechanical_inventory_only
research/proofs/task56/TARGET_A_B0_B2_NIGHT_REPORT.md,historical_theorems_and_exploration,7725,c5132ccf53b640460f5c3427b5fd758a15cccfd48df4c7578382d953ddf3d8d8,.md,not_applicable,mechanical_inventory_only
research/proofs/task56/TARGET_A_INTERACTION_SYMMETRY_NIGHT_REPORT.md,historical_theorems_and_exploration,5437,39e292e88fa091789f9550c85a840327430ce0ee899eb774075ce41c73499b03,.md,not_applicable,mechanical_inventory_only
research/proofs/task56/TARGET_A_LIMINF_NIGHT_REPORT.md,historical_theorems_and_exploration,11372,307b009fc5b811f2bc35be73e64d08cef859d22b87bf0b101c398c97be29087e,.md,not_applicable,mechanical_inventory_only
research/proofs/task56/TARGET_A_ONE_G6_FINITE_RING_DEGENERACY.md,historical_theorems_and_exploration,4718,585529a75c2474fb3de3bb542d3a99fc32d05cf177e12c7e540228c6f2759bec,.md,not_applicable,mechanical_inventory_only
research/proofs/task56/TARGET_A_PERIODIC_SURVIVOR_NIGHT_REPORT.md,historical_theorems_and_exploration,4656,0ae9824c3114d84b49b924944f25683fe16f4bfdb9e649b7a1acc6ad9c2e977b,.md,not_applicable,mechanical_inventory_only
research/proofs/task56/TARGET_A_SINGLE_GAP_NIGHT_REPORT.md,historical_theorems_and_exploration,8930,1e3ca7ffea4a76f98decf5286dbbc3ad224ba4cfe0f022604ead3f6fc756f856,.md,not_applicable,mechanical_inventory_only
research/proofs/task56/TARGET_A_TASK56_NIGHT_LEDGER.md,historical_theorems_and_exploration,3289,aac906398343a08034d74b7e63b02fb59a5296b7d0f32724e9fb20662694244f,.md,not_applicable,mechanical_inventory_only
research/proofs/task56/TARGET_A_TASK56_NIGHT_SYNTHESIS.md,historical_theorems_and_exploration,4163,f2aeaee5683ea0f97a6c38e18e89292da382875d657251c973a0ada43c04e7a3,.md,not_applicable,mechanical_inventory_only
research/proofs/task56/reference_graph/reference_graph_certificate.json,historical_theorems_and_exploration,308827,96e9c3f988deb166bdb1f1eb252baa2cb279313e79b27978762ede8abb394954,.json,json_valid,mechanical_inventory_only
research/proofs/task57/TARGET_A_UNIFORM_SINGLE_GAP_SEPARATION.md,historical_theorems_and_exploration,1858,b4d7ca994faf3ecdcd87958b7ef7fd3b21a454916e4c7fdad7bd00b5c535d5c3,.md,not_applicable,mechanical_inventory_only
research/proofs/task57/certificates/uniform_single_gap_separation.json,historical_theorems_and_exploration,2885,f65d17e54da605f1fe01afce162b904bb71a40e737b57da1984a72542af1af69,.json,json_valid,mechanical_inventory_only
research/proofs/task59/submission_manifest.json,historical_theorems_and_exploration,6315,9a04c8e98aca552dbdc34fcfd0efe2fd97eee1e7e988cff11e9cdf8a13bdf85b,.json,json_valid,mechanical_inventory_only
research/related_work/README.md,literature,4043,b83c2421dec58868362f40060c32612e2d33088f4d66331de34a4bd156b984a7,.md,not_applicable,mechanical_inventory_only
research/related_work/bibliography/access_status.md,literature,1087,ff587b431e5110a39291ed09b901ad98b263744cc7cf1be250c1cf528e3f609e,.md,not_applicable,mechanical_inventory_only
research/related_work/bibliography/core_library.csv,literature,3851,00516e37815320718fe97cff21055db5e45cea263a0c7db25c7f9aa905bf5479,.csv,not_applicable,mechanical_inventory_only
research/related_work/bibliography/core_library.json,literature,6253,3276bcde02202aeae6604c5fcc96daf0ad9f786ac54d590f50d4c71794a3694a,.json,json_valid,mechanical_inventory_only
research/related_work/bibliography/sources.md,literature,1739,acf3bda1e991dded649908b4fc57e67e0fa273935dfcee674512318c78561b5f,.md,not_applicable,mechanical_inventory_only
research/related_work/citation_graph/candidate_chain.md,literature,1649,47a74edc7672ab487e62d376527eebd652e34d575c6b11c5bc29884575a8484e,.md,not_applicable,mechanical_inventory_only
research/related_work/citation_graph/relationship_data.json,literature,1506,c9b376180494b8abf47d6002356c00e777e1adbe9e565ba693270b78c4a9b94d,.json,json_valid,mechanical_inventory_only
research/related_work/notes/A1_Ghorbani_Majidi_2024.md,literature,1470,b167d278ea0c36884e088729cac980310b1c4e22f3b983ae3d278dc92de0cb5b,.md,not_applicable,mechanical_inventory_only
research/related_work/notes/A2_Hu_Liu_2025.md,literature,1362,dba99a2020deb33facd02be958577ce109102facdca1e16f42e35e862a8e4868,.md,not_applicable,mechanical_inventory_only
research/related_work/notes/A3_Belardo_Brunetti_2024.md,literature,1372,2827e68f9062a0a33fbefafbc247054acfe3bc11b0b20038c88c8f3c54b03cc9,.md,not_applicable,mechanical_inventory_only
research/related_work/notes/A4_Brunetti_Trevisan_2026.md,literature,1363,3ce8ac681fb5cd46ddce834fa896b414f8fd2671eb80a07f98642a439be4ed11,.md,not_applicable,mechanical_inventory_only
research/related_work/notes/A5_Kuchment_Vainberg_2006.md,literature,1356,9c65b0a3253db374e50e7d5c09cb2d9a73f008adcb8dd9a5f698393b01d86296,.md,not_applicable,mechanical_inventory_only
research/related_work/notes/A6_Lin_Ning_2021.md,literature,1320,8e6fd3089e3469dce0b3d69a2310790b626d35210d8121bc4ff3b9d82b59b84e,.md,not_applicable,mechanical_inventory_only
research/related_work/notes/A7_Goedgebeur_Schaudt_2018.md,literature,1362,f6e3d5ba8fb1126c3d2b9f2252dc780f0cce9b2b4eff2e6b6c2a766ba4f60f30,.md,not_applicable,mechanical_inventory_only
research/related_work/notes/H1_Bilu_Linial_2006.md,literature,881,4518562a525f225ac74a805f8457bf9ee4e93850040fcfd014b505bf721c45bb,.md,not_applicable,mechanical_inventory_only
research/related_work/notes/H2_Marcus_Spielman_Srivastava_2015.md,literature,882,f3998571ab46ff984a82b4c696cd47eabd9e750bea73e2abd8a8721b7dd693ad,.md,not_applicable,mechanical_inventory_only
research/related_work/notes/S1_Belardo_Cioaba_Koolen_Wang_2018.md,literature,1507,996b72077865a8ec83f27e9e90e684cf1d84e1d712214a8d10f5863da39a7915,.md,not_applicable,mechanical_inventory_only
research/related_work/notes/S2_Brunetti_Stanic_2022.md,literature,1570,43e284437956489702ec1977e578505fbdb29e42bd52adea210e96bdb2ae6498,.md,not_applicable,mechanical_inventory_only
research/related_work/notes/S3_Korotyaev_Saburova_2023.md,literature,1400,1b3d18cec2f8f3ac457a05632a694646b481a1c088abc681823a979d47c0d686,.md,not_applicable,mechanical_inventory_only
research/related_work/notes/S4_Suvagiya_2026_PREPRINT.md,literature,1369,40955e0c2064c0b46fb71c13d832a6d3aaeb34e670e18cfe104bf3c8acf81cf9,.md,not_applicable,mechanical_inventory_only
research/related_work/papers/README.md,literature,393,e140ccbe9e58d772c0fd82503b1548c1fe1eedaa9e512f8737318716976a9968,.md,not_applicable,mechanical_inventory_only
research/related_work/papers/core/2018_Belardo_OpenProblemsSignedGraphs.md,literature,1507,996b72077865a8ec83f27e9e90e684cf1d84e1d712214a8d10f5863da39a7915,.md,not_applicable,mechanical_inventory_only
research/related_work/papers/core/2018_Belardo_OpenProblemsSignedGraphs.pdf,literature,463407,79a079afa0312ba015f9a900449c3583a1b736b478a1b212ded4ac4f3c410bd3,.pdf,not_applicable,mechanical_inventory_only
research/related_work/papers/core/2022_Brunetti_UnbalancedSignedGraphsExtremal.md,literature,1570,43e284437956489702ec1977e578505fbdb29e42bd52adea210e96bdb2ae6498,.md,not_applicable,mechanical_inventory_only
research/related_work/papers/core/2022_Brunetti_UnbalancedSignedGraphsExtremal.pdf,literature,422544,e9e35927a500f1e7ae611b30f8993962a6004d49be040d832976147b7a7af4eb,.pdf,not_applicable,mechanical_inventory_only
research/related_work/papers/core/2024_Belardo_LimitPointsSignedSpectralRadii.md,literature,1372,2827e68f9062a0a33fbefafbc247054acfe3bc11b0b20038c88c8f3c54b03cc9,.md,not_applicable,mechanical_inventory_only
research/related_work/papers/core/2024_Ghorbani_CompleteSignedGraphs.md,literature,1470,b167d278ea0c36884e088729cac980310b1c4e22f3b983ae3d278dc92de0cb5b,.md,not_applicable,mechanical_inventory_only
research/related_work/papers/core/2025_Hu_VertexIsoperimetrySignedCayley.md,literature,1362,dba99a2020deb33facd02be958577ce109102facdca1e16f42e35e862a8e4868,.md,not_applicable,mechanical_inventory_only
research/related_work/papers/core/2025_Hu_VertexIsoperimetrySignedCayley.pdf,literature,493479,4f679bc10068acf090575a17fb7d77ad38f4e11b67c4a6e0ff7d875a1afc47ca,.pdf,not_applicable,mechanical_inventory_only
research/related_work/papers/core/2026_Brunetti_LimitPointsUnbalancedSigned.md,literature,1363,3ce8ac681fb5cd46ddce834fa896b414f8fd2671eb80a07f98642a439be4ed11,.md,not_applicable,mechanical_inventory_only
research/related_work/papers/core/2026_Suvagiya_SignedCirculants_PREPRINT.md,literature,1369,40955e0c2064c0b46fb71c13d832a6d3aaeb34e670e18cfe104bf3c8acf81cf9,.md,not_applicable,mechanical_inventory_only
research/related_work/papers/core/2026_Suvagiya_SignedCirculants_PREPRINT.pdf,literature,280903,71f41eea58b7a8c128d72b766e4c1e62b50050161b76518d09bbaa1a30fec323,.pdf,not_applicable,mechanical_inventory_only
research/related_work/papers/historical/2006_BiluLinial_LiftsDiscrepancy.md,literature,881,4518562a525f225ac74a805f8457bf9ee4e93850040fcfd014b505bf721c45bb,.md,not_applicable,mechanical_inventory_only
research/related_work/papers/historical/2006_BiluLinial_LiftsDiscrepancy.pdf,literature,279595,a29f7dd25721c17af6eb11a4aa013598158bf63636d58ad9c3652ebeb42b93f8,.pdf,not_applicable,mechanical_inventory_only
research/related_work/papers/historical/2015_Marcus_InterlacingFamiliesI.md,literature,882,f3998571ab46ff984a82b4c696cd47eabd9e750bea73e2abd8a8721b7dd693ad,.md,not_applicable,mechanical_inventory_only
research/related_work/papers/historical/2015_Marcus_InterlacingFamiliesI.pdf,literature,201114,4da468fe22413c0c8a9f77651711db4edadda7d34986e34673db2cd8192bddfb,.pdf,not_applicable,mechanical_inventory_only
research/related_work/papers/methods/2006_Kuchment_LocalPerturbedPeriodicGraphOperators.md,literature,1356,9c65b0a3253db374e50e7d5c09cb2d9a73f008adcb8dd9a5f698393b01d86296,.md,not_applicable,mechanical_inventory_only
research/related_work/papers/methods/2006_Kuchment_LocalPerturbedPeriodicGraphOperators.pdf,literature,218630,dd24d8adc67d9d522362dcaaeacd03e81e8e883a3259e2343c9a9f010bf8cfbc,.pdf,not_applicable,mechanical_inventory_only
research/related_work/papers/methods/2018_Goedgebeur_ExhaustiveGenerationCriticalGraphs.md,literature,1362,f6e3d5ba8fb1126c3d2b9f2252dc780f0cce9b2b4eff2e6b6c2a766ba4f60f30,.md,not_applicable,mechanical_inventory_only
research/related_work/papers/methods/2018_Goedgebeur_ExhaustiveGenerationCriticalGraphs.pdf,literature,511815,d391dd48fbfccf15afbeac112eabd8a56385371e15aee13ec7bf3e43910a07bf,.pdf,not_applicable,mechanical_inventory_only
research/related_work/papers/methods/2021_Lin_CompleteCvetkovicRowlinsonClassification.md,literature,1320,8e6fd3089e3469dce0b3d69a2310790b626d35210d8121bc4ff3b9d82b59b84e,.md,not_applicable,mechanical_inventory_only
research/related_work/papers/methods/2021_Lin_CompleteCvetkovicRowlinsonClassification.pdf,literature,146371,5cb713fbb632f47a3b71db4507ba9483566d4ccda78b89b08cb851cd5706d75f,.pdf,not_applicable,mechanical_inventory_only
research/related_work/papers/methods/2023_Korotyaev_TraceFormulasPeriodicMagneticGraphs.md,literature,1400,1b3d18cec2f8f3ac457a05632a694646b481a1c088abc681823a979d47c0d686,.md,not_applicable,mechanical_inventory_only
research/related_work/papers/methods/2023_Korotyaev_TraceFormulasPeriodicMagneticGraphs.pdf,literature,611259,bed974524faec179ccaf3138dc0ace07b0e04325dd393d8c86b3c6f19e17d180,.pdf,not_applicable,mechanical_inventory_only
research/related_work/reports/current_reference_audit.md,literature,3221,3b9e65445a3e96fe47f06008109cb7955f3c1a0bc508575540dab4b6feb8c7b4,.md,not_applicable,mechanical_inventory_only
research/related_work/reports/final_literature_report.md,literature,3397,eea8e076f9f6d55b1dccdd19a98f79c6467b889645d374e117b59d15b34820d9,.md,not_applicable,mechanical_inventory_only
research/related_work/reports/literature_review.md,literature,24577,cb13324dd7b3d7e9504368eaf9039ff8e3a40abf156f26dd4479569d2a7ec7fd,.md,not_applicable,mechanical_inventory_only
research/related_work/reports/new_related_work_structure.md,literature,2148,753959f1f156d0fb655d17bd407cb4e0020b5fbb082d560e791e33f7a9484345,.md,not_applicable,mechanical_inventory_only
research/related_work/reports/seed_audit.md,literature,4277,0aa1e09e58cdf0e18caa8a450f288774fc730215a5088f3a211042570706294a,.md,not_applicable,mechanical_inventory_only
research/related_work/reports/venue_architecture.md,literature,2476,701f0a0c5b9b2570ab7376ca4b95f64d5a46e4e3d3845c2519addcd81dc0f9f5,.md,not_applicable,mechanical_inventory_only
research/related_work/verify_related_work.py,literature,2785,3068ce74b1c68467046d2efca6e7cc74cb760e0fe6a4523623de4043813efafc,.py,not_applicable,mechanical_inventory_only
research/reproducibility/TARGET_A_FULL_SLOW_REPRODUCTION.md,code_and_evidence,5083,ae58e24dba756d71c41e9353d26e641388ca0b682ba3d466a251fa0c876b6b06,.md,not_applicable,mechanical_inventory_only
research/reproducibility/requirements-target-a.txt,code_and_evidence,41,1fae3c933a04007e576fdff81189de77e0d3a305d74af2e8341745b2904c8921,.txt,not_applicable,mechanical_inventory_only
research/reproducibility/target_a_computational_evidence_manifest.json,code_and_evidence,4667,cc5a3a6c339e7a192b2f92a069ad6f19a213174eab79ac3bf11d15ababbeb537,.json,json_valid,mechanical_inventory_only
research/reproducibility/target_a_full_slow_reproduction_summary.json,code_and_evidence,10252,6ab911dfee4f69e41b4afcfd8964bf24417944c2524c9ab2802366bf6f3f0f66,.json,json_valid,mechanical_inventory_only
research/reproducibility/target_a_independent_spectral_audit/README.md,code_and_evidence,1321,ae2a2c527977b6cfc83358bad5703e9f91783995ddcca2fbac929b0f86a4f0f6,.md,not_applicable,mechanical_inventory_only
research/reproducibility/target_a_independent_spectral_audit/n24.json,code_and_evidence,2664,573c41fc1abf3b2f463fed9c6f5a1af3cf74dc61d9a5463cf86b6ac6d576fbd0,.json,json_valid,mechanical_inventory_only
research/reproducibility/target_a_independent_spectral_audit/n26.json,code_and_evidence,2587,87da20d530ad7b82bb4d97594040c77763fccac246ac059871c060f1f0a683e5,.json,json_valid,mechanical_inventory_only
research/reproducibility/target_a_independent_spectral_audit/n28.json,code_and_evidence,2660,fce0dc2456b226d380d56ea34c7372c99841e674fca715ac3b91dd2d5ec11823,.json,json_valid,mechanical_inventory_only
research/reproducibility/target_a_independent_spectral_audit/n30.json,code_and_evidence,2769,ca35d8ce478bbd3b0f75933e9a89273ecc23a54225b61d23272d9ac88c5c21d0,.json,json_valid,mechanical_inventory_only
research/reproducibility/target_a_independent_spectral_audit/summary.json,code_and_evidence,3442,ef6cf9a3d0cb94f78bb54e4124a9d87ad843e570d6c3a71d030d51988c9acc5a,.json,json_valid,mechanical_inventory_only
research/reproducibility/target_a_large_order_completeness/README.md,code_and_evidence,1067,294363d02177c7e35625f08f5aabdd8733aeb023c5828fc18defb9f97e2ecb53,.md,not_applicable,mechanical_inventory_only
research/reproducibility/target_a_large_order_completeness/n24.json,code_and_evidence,3353,037d6b945e148ccee43092d5926a5ab19bb0943596ab1a804b91b9de5224151c,.json,json_valid,mechanical_inventory_only
research/reproducibility/target_a_large_order_completeness/n26.json,code_and_evidence,3238,937bfa3f4a7c6f5bf3c9a1d3446f351d834454829808a4105201b3a0cad1f6b3,.json,json_valid,mechanical_inventory_only
research/reproducibility/target_a_large_order_completeness/n28.json,code_and_evidence,3379,a2b3ae2ed5570f07835eb15b9ae919a80a5bda10accfdc36a76ffaafa840d92c,.json,json_valid,mechanical_inventory_only
research/reproducibility/target_a_large_order_completeness/n30.json,code_and_evidence,3497,d26745576638a25576fa9ca1b53c14c941083a5311e16d1080a7899f104f48fd,.json,json_valid,mechanical_inventory_only
research/reproducibility/target_a_large_order_completeness/summary.json,code_and_evidence,3059,a72781e5858bafad397713f3df7913343340c58d8c99f1ea32273ab3e638284d,.json,json_valid,mechanical_inventory_only
research/reproducibility/target_a_n22_independent_record_audit/n22.json,code_and_evidence,3131,a09f9307fe89813c84359a75fe2fff525a7343ebfedf458d602204143f410233,.json,json_valid,mechanical_inventory_only
research/reproducibility/target_a_n22_independent_record_audit/summary.json,code_and_evidence,1845,5d558a5263c4bb77fbf4b4ae5b08ec398c01b3c73dcc837b85dbd66b57f86560,.json,json_valid,mechanical_inventory_only
research/reproducibility/target_a_n22_independent_spectral_audit/n22.json,code_and_evidence,2513,4e2fa7c23a96079966dec6bdebbae8c5e68b2f68893f7ff6720d32efa791b713,.json,json_valid,mechanical_inventory_only
research/reproducibility/target_a_n22_independent_spectral_audit/summary.json,code_and_evidence,2025,e1a384a7b19dcd7533f960a23bd0a7e29adf79b793bb138c260ea14f406e2b83,.json,json_valid,mechanical_inventory_only
research/reproducibility/target_a_submission_artifact_manifest.json,code_and_evidence,10148,47bd4e23aaad738155495b6cf42d60a5ad1bca150e664bd9b0b13659b7d099f9,.json,json_valid,mechanical_inventory_only
research/reproducibility/task49/hankel_independent/summary.json,code_and_evidence,59819,55119741e498d85a24de8c7e2c9da3140f807fcab178cd8a46d4f207a8f10ed5,.json,json_valid,mechanical_inventory_only
research/reproducibility/task49/p24_independent/summary.json,code_and_evidence,64392,f27575f8e11a58b6b68574da86e0fc817e9b8a8952901960bcfe10f48fe8ca9e,.json,json_valid,mechanical_inventory_only
research/reproducibility/task50/certificate_manifest.json,code_and_evidence,2113,9a0d3298035822ef451be1a0044ef4172e087ad32440297cff11f834488293d3,.json,json_valid,mechanical_inventory_only
research/reproducibility/task50/interface_checker_output.json,code_and_evidence,9557,16c0316fbf2b6b7a8bf49482ac305b32c4a175658466f4ab33408c755364a69d,.json,json_valid,mechanical_inventory_only
research/reproducibility/task51/verification.json,code_and_evidence,252,bb25a60a2fd81a8658eadb58a32b3722251113954b87718b1bb437735e534fdd,.json,json_valid,mechanical_inventory_only
research/reproducibility/task52/verification.json,code_and_evidence,498,a2aabba24bb97693e02d20b8b21491fdd75a4462e70c487527fe352473a9a77a,.json,json_valid,mechanical_inventory_only
research/reproducibility/task53/README.md,code_and_evidence,828,b13654039f1575d741bdfe0e4f84fe378316e2cfc789b2231207c096da9b7740,.md,not_applicable,mechanical_inventory_only
research/review/TARGET_A_COMPUTATIONAL_REVIEW.md,other_research_records,5816,ec381f7f6610dcf432de3eefd56f52d502bfe4cfd69f6383e4476a707c3df2f8,.md,not_applicable,mechanical_inventory_only
research/review/TARGET_A_FINITE_MINIMALITY_TRUST_MAP.md,other_research_records,9930,46e0011f3d9a6fd17898791ab4486f784dbf023483c626ac0b9cd5854ba4e40b,.md,not_applicable,mechanical_inventory_only
research/review/TARGET_A_FINITE_MINIMALITY_TRUST_MAP_TASK47_ADDENDUM.md,other_research_records,1635,f62c18fa12fc8d876cc6f3ba9b1f17a8943f34ad9e30fbb702547261ea218c85,.md,not_applicable,mechanical_inventory_only
research/review/TARGET_A_N22_INDEPENDENT_AUDIT.md,other_research_records,2190,dc96f33cad3c7bb54832038d05c1e33b962e91daef260bd2d865804eea6c9dca,.md,not_applicable,mechanical_inventory_only
research/review/TARGET_A_REVIEWER_CN.md,other_research_records,2847,140ce22913c3332d893460e483ba7bdde98ac43241a98ade5132a19ab676ab3f,.md,not_applicable,mechanical_inventory_only
research/review/TARGET_A_REVIEWER_LANGUAGE.md,other_research_records,4967,d3b468ae6f211f05d1a8379839d417a5bc387488f7ae15203b37c781445e3c40,.md,not_applicable,mechanical_inventory_only
research/review/TARGET_A_REVIEWER_THREE_MAJOR_REVISION.md,other_research_records,5172,1cd2eb8376900fb8071afd02e2c311cc4f9c4a3dd9225ac94dd81f96bd39c4b3,.md,not_applicable,mechanical_inventory_only
research/review/TARGET_A_TECHNICAL_INTERFACE_AUDIT.md,other_research_records,2823,20fcb8046bc1eaaab27ba8d5d2c3b058ccf2c2b5878f672ffba4a2889c28bf83,.md,not_applicable,mechanical_inventory_only
research/review/task48a/THEORY_TRIAGE_REVIEW.md,other_research_records,3597,bcfaee271636f1c6fa28801ca5d7732f3feeb6596d905c142e1502b0e26be558,.md,not_applicable,mechanical_inventory_only
research/review/task49/COMPUTER_ASSISTED_PROOF_REVIEW.md,other_research_records,2022,425ebd1d9d623449c9c8c1217938bc71c97910533b643e6179b1feddab4b16c9,.md,not_applicable,mechanical_inventory_only
research/review/task49/GRAPH_COMBINATORIAL_REVIEW.md,other_research_records,1858,8ab76efc0c4f824c0334735e00345fa28ba9f9e8fd556142b77ea1754d1bd56e,.md,not_applicable,mechanical_inventory_only
research/review/task49/SPECTRAL_FLOQUET_REVIEW.md,other_research_records,2037,c6be6674c1274f632dd2127de8b7aa6bf7de214200218d7479052df62ba5a777,.md,not_applicable,mechanical_inventory_only
research/review/task49/TARGET_A_HANKEL_INDEPENDENT_AUDIT.md,other_research_records,1184,87c7d2e2657eea17e2ecffc405729a9e57839b9cc05e91beda596c65252cad57,.md,not_applicable,mechanical_inventory_only
research/review/task49/TARGET_A_P24_INDEPENDENT_AUDIT.md,other_research_records,1998,2cd6eb93815f9083443fbdd916689e5a6f8382df89c57f527741a706a61b4a48,.md,not_applicable,mechanical_inventory_only
research/review/task50/COMPUTER_ASSISTED_PROOF_REVIEW.md,other_research_records,1368,dff3cca3bb500fd9d6ec6a588ce0c4a3678b8aba488c154e1d71a1576b9bbb22,.md,not_applicable,mechanical_inventory_only
research/review/task50/FLOQUET_TRANSFER_REVIEW.md,other_research_records,1222,2ff6f875389fd3519917ff149a4da697b27de7031d3bb09c83f0bf433147e1b2,.md,not_applicable,mechanical_inventory_only
research/review/task50/SIGNED_GRAPH_REVIEW.md,other_research_records,1165,4e1b5e357078b8bcd255bc2e300e02ac42e27dfc76f0535163b9ee83c210ffd2,.md,not_applicable,mechanical_inventory_only
research/review/task50/SPECTRAL_THEORY_REVIEW.md,other_research_records,1327,012391271f6b4712a07bdade8ff2bf40c554f6d7ca56782b32b4cb17f305f95b,.md,not_applicable,mechanical_inventory_only
research/review/task51/COMBINATORICS_SIGNED_GRAPH_REVIEW.md,other_research_records,509,57ceda32d10cfa41cbc2bc12f79fa0c7dee00bb0846d67ad6c995a3eba6a3f52,.md,not_applicable,mechanical_inventory_only
research/review/task51/COMPUTER_ASSISTED_PROOF_REVIEW.md,other_research_records,662,c6bc80e3dc8070e2be200d641d5036ff76b8789d976f49f4f7042411b6689fff,.md,not_applicable,mechanical_inventory_only
research/review/task51/FLOQUET_RECURRENCE_REVIEW.md,other_research_records,507,3dada144b2bf24e5d02f9ade99b829dc88725d0740aa231bed5d04fa949e104c,.md,not_applicable,mechanical_inventory_only
research/review/task51/HOSTILE_THEORY_EDITOR_REVIEW.md,other_research_records,727,15f4c22653cc2f44a826a66311411c1bc11fa929710aeb73635288d5164d4376,.md,not_applicable,mechanical_inventory_only
research/review/task51/SPECTRAL_THEORY_REVIEW.md,other_research_records,566,2b9c120109001d70df247d66c2f59cabee179bd8fa8a7cd62e03423e9dc26c63,.md,not_applicable,mechanical_inventory_only
research/review/task53/REVIEW_A_SPECTRAL.md,other_research_records,593,59fd9d40b999477128bf6571fa03ab6eedc134523d32f35968ccb48cdabc7654,.md,not_applicable,mechanical_inventory_only
research/review/task53/REVIEW_B_FLOQUET_EVANS.md,other_research_records,596,7bc52c7f5e4213feeae0bb474fe2905e4313c9f76ccdb7ecd8215a7b7c229aa1,.md,not_applicable,mechanical_inventory_only
research/review/task53/REVIEW_C_ALGEBRA.md,other_research_records,564,08ccd2dac806f405fec30c53c88fe689e1a2d24ddc4aa8d3631d796daf77b1ab,.md,not_applicable,mechanical_inventory_only
research/review/task53/REVIEW_D_COMBINATORICS.md,other_research_records,501,9dec64563bc89a843e8401219797d2a73fbc729686d40bde49efdb6074ceec6b,.md,not_applicable,mechanical_inventory_only
research/review/task53/REVIEW_E_COMPUTER_ASSISTED.md,other_research_records,589,e8de645a10218d65c2eb408cad10d1a169df4626e8ba562189e1c5eb3679d3b6,.md,not_applicable,mechanical_inventory_only
research/review/task53/REVIEW_F_JCTB_EDITOR.md,other_research_records,628,df6966b7a7b6768d2d6e5af28aaad84abce55e09b23cb88ea0534b3b53ca1f39,.md,not_applicable,mechanical_inventory_only
research/review/task53/REVIEW_G_SCOPE.md,other_research_records,627,dc3d87f1b3c42a466504ea8ecd58f68cf73a15e90de189218d5cc5360e107248,.md,not_applicable,mechanical_inventory_only
research/review/task54/MASTER_CONTINUATION_REVIEW.md,other_research_records,2872,673be132b9322180aff409ff442008fda87c57a14ec9ad772a0c06e9724a2b8f,.md,not_applicable,mechanical_inventory_only
research/review/task55/MASTER_REVIEW.md,other_research_records,12867,0f990a8bd44acf18319a72a1138dea6eeafb5ce3e19e0f4ae2eb14b69c67559f,.md,not_applicable,mechanical_inventory_only
research/review/task56/NIGHT_MASTER_REVIEW.md,other_research_records,2154,fbb5f4450e3ba0c83e4d1e8226e2b0214c5bebbfb824c88e9151ea4a2dba40dd,.md,not_applicable,mechanical_inventory_only
research/scripts/.gitkeep,code_and_evidence,1,01ba4719c80b6fe911b091a7c05124b64eeece964e09c058ef8f9805daca546b,none,not_applicable,mechanical_inventory_only
research/scripts/assemble_target_a_minimality_certificate.py,code_and_evidence,11819,5d535c3629f78f51505ca190df00710ed835fad117b5bafcad521ab869102a64,.py,not_applicable,mechanical_inventory_only
research/scripts/build_target_a_computational_evidence_manifest.py,code_and_evidence,3649,308580164e730c449147f30e47fd49c6f6deca0d35290e4828190583d940be32,.py,not_applicable,mechanical_inventory_only
research/scripts/build_target_a_latex.py,code_and_evidence,11915,0634d745c7427d9ffa30449039663d5d8335e1ca6320071cf7173817842dca5b,.py,not_applicable,mechanical_inventory_only
research/scripts/build_target_a_manuscript_md.py,code_and_evidence,1576,8ab7769161cc35d582472eb605874e9d43b7f03f941fe9fee9e122d33cd34f14,.py,not_applicable,mechanical_inventory_only
research/scripts/build_target_a_publication_latex.py,code_and_evidence,40047,be7590d3cf524e685adadf9facffe14ab083f632e32f621ad775ec7287d14d80,.py,not_applicable,mechanical_inventory_only
research/scripts/build_target_a_task50_manifest.py,code_and_evidence,1882,92436f7872c3ce556e321eb762fe53bd107ad37c34d394b58ed4c566a556e6b4,.py,not_applicable,mechanical_inventory_only
research/scripts/compile_target_a_chinese_latex.py,code_and_evidence,3124,9f2bb4ab0a83e9226773540defaf0b8a0a1c7d9d4d872e1619f1eff131592d3b,.py,not_applicable,mechanical_inventory_only
research/scripts/compile_target_a_publication_latex.py,code_and_evidence,4370,cb4c970477298659a88f88afadd13cf7fdbd55e488d9a32d9aa93bd7fe74c8fe,.py,not_applicable,mechanical_inventory_only
research/scripts/derive_target_a_r2_block_riccati.py,code_and_evidence,3666,abd8a0cd48a72ffb374b9baf76e54377713f20b1861481b4486fa11a15b41ab4,.py,not_applicable,mechanical_inventory_only
research/scripts/target_a_bracelets.py,code_and_evidence,3334,2a972d97c1c72e2f12140336c3328362de531507b5931c0f4b442beb7ac1f5d7,.py,not_applicable,mechanical_inventory_only
research/scripts/target_a_checkpoint_replay.py,code_and_evidence,4170,9cdc82a2f173279faf6644c49099a335eb19ff6092f02843a48535dd7071d7ba,.py,not_applicable,mechanical_inventory_only
research/scripts/target_a_direct_generator_audit.py,code_and_evidence,8290,df7257f0f0e7156e860354bd07a98c1a508378c627919ec2da430f0c1c910e7e,.py,not_applicable,mechanical_inventory_only
research/scripts/target_a_equality_analytic_search.py,code_and_evidence,4651,9642c255041d546232887202247339102b533d7d63595b65225e7b5f0dfc6027,.py,not_applicable,mechanical_inventory_only
research/scripts/target_a_finite_phase_slips.py,code_and_evidence,14203,ea763b737b87838429f5ae8225a2f5191360ba0227c8a1f1d0a9733bbfd89c0a,.py,not_applicable,mechanical_inventory_only
research/scripts/target_a_floquet_independent_audit.py,code_and_evidence,25809,96b7a6f62768597556670e1115ef5d42ce82e534d5a6469d0725329c6c0c6309,.py,not_applicable,mechanical_inventory_only
research/scripts/target_a_flux_search.py,code_and_evidence,15416,cf32302864c90f995c377ea84969e3bdabd07c3a9a3f41c2a1defa68e02bb769,.py,not_applicable,mechanical_inventory_only
research/scripts/target_a_general_period_moments.py,code_and_evidence,18245,04579c1d67c6af2da2a2629ba97352294864c19ae3a9b0ccc832111587731c6d,.py,not_applicable,mechanical_inventory_only
research/scripts/target_a_high_period_certified_task47.py,code_and_evidence,5680,21ee2aec08784ea9976533bd93a7f0671c46c5f7acb96b99f4fe1083ac7582c5,.py,not_applicable,mechanical_inventory_only
research/scripts/target_a_high_period_exploration.py,code_and_evidence,16186,0675a160d6c1c1b40026e1536fcdf976901045af8bb867be7df62112726e3875,.py,not_applicable,mechanical_inventory_only
research/scripts/target_a_high_period_moments_task47.py,code_and_evidence,8154,7b4672bd724cecfe41fc6f46cd974eaf2fe513242d30773a096a62ab27c8b5d6,.py,not_applicable,mechanical_inventory_only
research/scripts/target_a_independent_orbit_scan.c,code_and_evidence,7767,7bd69b39ef9b3aa0fb4ff5af61f4eb583e0aab788336feacd54a99453d7ada60,.c,not_applicable,mechanical_inventory_only
research/scripts/target_a_independent_spectral_audit.py,code_and_evidence,16224,3f03e1ad7647d9ebef070bf4677cacb0b1af12ff97282829167cf212127e85f1,.py,not_applicable,mechanical_inventory_only
research/scripts/target_a_low_period_spectral_frontier.py,code_and_evidence,25450,0bea57a542dd5f1fc92745bb803185fca6fa432053efba6fe099d815cc2e7730,.py,not_applicable,mechanical_inventory_only
research/scripts/target_a_low_period_structural_frontier.py,code_and_evidence,9392,c3681df7083c96b754507a40491ee0f58737546b6f0e9003dade2f228d41d18e,.py,not_applicable,mechanical_inventory_only
research/scripts/target_a_minimality_search.py,code_and_evidence,40138,5653c6d6b086ba00d70a3ab7d6692445334f4f0009d4400274959f74a53fd6fc,.py,not_applicable,mechanical_inventory_only
research/scripts/target_a_n32_independent_reconstruction.py,code_and_evidence,17228,a1bbf6fb2e344a67b0fa910f94bd6da01c7672e66276c1076a874165cee0b92d,.py,not_applicable,mechanical_inventory_only
research/scripts/target_a_period10_family.py,code_and_evidence,3538,e534db18965382d3e18919ea6b4e4f680fbc167e505ef55765ce9520b840de7e,.py,not_applicable,mechanical_inventory_only
research/scripts/target_a_period4_diagnostic.py,code_and_evidence,2980,cb1f74b66c34939ca3ccf0d4b4a3c929c5d95c562820d7e55d927fe8df4c3b45,.py,not_applicable,mechanical_inventory_only
research/scripts/target_a_period8_family.py,code_and_evidence,4180,9effc9681d020d76924f5e4ffebabad344e5945067551cd48e68ef3b19c1c63c,.py,not_applicable,mechanical_inventory_only
research/scripts/target_a_period8_pattern_classification.py,code_and_evidence,27944,bacfd061e7ca7bbd33c07b6e9aea7186ef697aaa4c13468362dde338db98ca52,.py,not_applicable,mechanical_inventory_only
research/scripts/target_a_period8_sharp_constant.py,code_and_evidence,23928,b83879735be6641b82b4ab032b825e06ea999ba23d83eaa141f0557c3b1e0c3e,.py,not_applicable,mechanical_inventory_only
research/scripts/target_a_period8_structural_mechanism.py,code_and_evidence,25588,381f92aa983c701dee2319aa15470e17e1bc9fa2062ee7a74386c56dd7e367c5,.py,not_applicable,mechanical_inventory_only
research/scripts/target_a_period8_uniform_bound_audit.py,code_and_evidence,28857,a33c15a20f44c3fe5f64c0047576862569a1f88e3aeeab213f552bba5189c227,.py,not_applicable,mechanical_inventory_only
research/scripts/target_a_quotient_audit.py,code_and_evidence,12267,d2942203859735cc17d8294306c0aea5f2c4f5e1a47d2499f0bfa3d40fea679f,.py,not_applicable,mechanical_inventory_only
research/scripts/target_a_rational_certificate.py,code_and_evidence,5449,d08d420eaee6f8aefa6f1dbae90ab30bb666234495ffd8dfe75064dda434b838,.py,not_applicable,mechanical_inventory_only
research/scripts/target_a_record_set_audit.py,code_and_evidence,11142,d73a8e7435e8d2378eeaccce4c4f3e5f9dbcdd61adaf1fb9d10e3b087186ac4a,.py,not_applicable,mechanical_inventory_only
research/scripts/target_a_reproduce.py,code_and_evidence,8115,caece358826ebb0325349fcb54422b1c220860d86d98509990fc65b19151b990,.py,not_applicable,mechanical_inventory_only
research/scripts/target_a_structured_search.py,code_and_evidence,8490,f94183909a4075f1f8a015737f8f64e33e2fa287657b3c7a15d707866b9961c9,.py,not_applicable,mechanical_inventory_only
research/scripts/target_a_task47_common.py,code_and_evidence,7133,12df1edc0a9e722660c1f7b2ba63d34039983c3b17641bc8dc45a1f10f636545,.py,not_applicable,mechanical_inventory_only
research/scripts/target_a_task48_frontier.py,code_and_evidence,6441,a71c9ed7ebbaf0dfd505ff2b125dbb4ba822af04a68b38ef256e42f7cc3e81b7,.py,not_applicable,mechanical_inventory_only
research/scripts/target_a_task48a_common.py,code_and_evidence,9493,2aafeaf4fde44ae7923b215471d84c209f4a79cd4114b17a7189926630bd275f,.py,not_applicable,mechanical_inventory_only
research/scripts/target_a_task48a_frontier.py,code_and_evidence,6523,33ab66e25dcbaf2359218007eb2f1c6367cad405787e9d59bea2e6c0179d5d21,.py,not_applicable,mechanical_inventory_only
research/scripts/target_a_task48a_interface.py,code_and_evidence,12715,e622e9c33a65812ff48f6f212d92b9ec6d1fb8913ef3fb906041725a14b9a8b9,.py,not_applicable,mechanical_inventory_only
research/scripts/target_a_task48a_moment_matrix.py,code_and_evidence,5828,224102646eb0e06dd97998fe3a6b2af3b98962e2b3391454f86bb60925eb8ca2,.py,not_applicable,mechanical_inventory_only
research/scripts/target_a_task48a_two_interface.py,code_and_evidence,12689,4f030116b8bdb424abfc6dd515c83a324150969cbe7a07f29d0c23fd62d5ade7,.py,not_applicable,mechanical_inventory_only
research/scripts/target_a_task49_hankel_independent.py,code_and_evidence,3162,5294c63e38e59150b47bff2320edfac67b4cee4f13ec0b0e2addbcc563fe81dc,.py,not_applicable,mechanical_inventory_only
research/scripts/target_a_task49_insurance.py,code_and_evidence,6091,cb492f171a9172b644b9d3f51a1a8b320bb2725ecde88702fe75c987e9fd8eb8,.py,not_applicable,mechanical_inventory_only
research/scripts/target_a_task49_interface_robustness.py,code_and_evidence,19045,205c7149f72414aee4ffc542fc1f95a75ecbb4631e21eaa645d1c3595dff0e31,.py,not_applicable,mechanical_inventory_only
research/scripts/target_a_task49_p24_independent.py,code_and_evidence,7796,51f05895fd4117d0b5f90daa77a979c3f0ee6a47c57e56a6f7f80354c12b5654,.py,not_applicable,mechanical_inventory_only
research/scripts/target_a_task49_story_data.py,code_and_evidence,7185,72f89eba21a71498406698149b1e4fb2ef94803ec28f7b8e4ec02b79ec7ef43b,.py,not_applicable,mechanical_inventory_only
research/scripts/target_a_task49_uniform_crossings.py,code_and_evidence,10918,3da1bb9a00bfafe4b94b3bd3691c63e92953fb82fe53886753994ab76f20747f,.py,not_applicable,mechanical_inventory_only
research/scripts/target_a_task50_bulk.py,code_and_evidence,6671,7297b7b9e8050cfdaa470b7bb6e8859c5ff2f6dfdb9485e32c527dfdd73a19d5,.py,not_applicable,mechanical_inventory_only
research/scripts/target_a_task50_finite_ring_analysis.py,code_and_evidence,6796,d508f05ffe1c9f5ce547c98b6196eefb3f7d734c74b94e8e60248454433a8056,.py,not_applicable,mechanical_inventory_only
research/scripts/target_a_task50_g10_certificate.py,code_and_evidence,3353,a475a21797bc2edf21a2cfa0f2f4da8ed29e3f6f1722a83f1b927ab43085562e,.py,not_applicable,mechanical_inventory_only
research/scripts/target_a_task50_g6_certificate.py,code_and_evidence,8557,00df3377bf98168dd54b6a70f2aa021e67052368c08427b1b3684240d006e664,.py,not_applicable,mechanical_inventory_only
research/scripts/target_a_task50_interval.py,code_and_evidence,6185,e6a51a8c05ad97c0e763e2c4e00034104f2b7cf3741b26a82392abbe81cff61a,.py,not_applicable,mechanical_inventory_only
research/scripts/target_a_task51_algebra.py,code_and_evidence,7104,e9b21fdafdc16c9fda37a9fd25d01d77f889c557dbd7677fa0fd5f51219b69a6,.py,not_applicable,mechanical_inventory_only
research/scripts/target_a_task51_asymptotics.py,code_and_evidence,5005,3c93d9f0d11088c5e22853cb6955ee038c140db0a9e21986e7a0868e1c43dba8,.py,not_applicable,mechanical_inventory_only
research/scripts/target_a_task51_crystallization.py,code_and_evidence,13227,3c3b1845c155681576456bc009f90aabbd1350c281cace6c2b365fd2e443d6e6,.py,not_applicable,mechanical_inventory_only
research/scripts/target_a_task51_interfaces.py,code_and_evidence,18446,1c370f12eceebebecc18125bf1daa8c8b0a4798b59436150b2ebf1ca6100a0e4,.py,not_applicable,mechanical_inventory_only
research/scripts/target_a_task51_recurrence.py,code_and_evidence,12944,e56953424d035f0973c843f84d498871cdb57f9e17f2f9137a1b5c93d8dd3712,.py,not_applicable,mechanical_inventory_only
research/scripts/target_a_task52_exact.py,code_and_evidence,19000,9d87e05289119de55ad9ab770c3d7d3beabe2cd03ee8866aa8673115946b6bac,.py,not_applicable,mechanical_inventory_only
research/scripts/target_a_task52_exploration.py,code_and_evidence,20743,e5faa0ed562236f17fe9b18f532718834923207bd86ffb3cca230a5c90e426b2,.py,not_applicable,mechanical_inventory_only
research/scripts/target_a_task53_a1.py,code_and_evidence,5544,bc184e61d9173bd3fff113e0919967bbfe3743dc504004f216efee0fcbd8bf33,.py,not_applicable,mechanical_inventory_only
research/scripts/target_a_task53_a2.py,code_and_evidence,6973,2cf7dbfdfececb33b83f12992e068c10b920cb752b27d0045b1191ebddcd43b2,.py,not_applicable,mechanical_inventory_only
research/scripts/target_a_task53_a3.py,code_and_evidence,9125,ef684896689230810329c33226a45c7952c2eb9f57fe98a8cad6b1fe13456f22,.py,not_applicable,mechanical_inventory_only
research/scripts/target_a_task53_global.py,code_and_evidence,7349,a580f95fd92b6c4d89b093887d62bfec6ba18148720c8dda04674f8b2d1d6d55,.py,not_applicable,mechanical_inventory_only
research/scripts/target_a_task53_grassmann.py,code_and_evidence,6559,3f8f1c4be06284be9394f4e3b3a56c8533ddb5acd562189ea8f524a3227f714f,.py,not_applicable,mechanical_inventory_only
research/scripts/target_a_task53_p24.py,code_and_evidence,8261,ead965bd90e6bf4e89e1cb3e22ea0b9d2769bc2347ea4838cea2751f85e8e19e,.py,not_applicable,mechanical_inventory_only
research/scripts/target_a_task53_s1.py,code_and_evidence,3992,b9a31c35c5b064409df6cee04271d3e767b8ad3aa2f297947649f5cece82354c,.py,not_applicable,mechanical_inventory_only
research/scripts/target_a_task53_s4.py,code_and_evidence,2931,9d072bcf1de097851de2ef2e790475168920a837c3ff6cd7f8a4a08e5bf5cfa1,.py,not_applicable,mechanical_inventory_only
research/scripts/target_a_task54_exact_r.py,code_and_evidence,5513,a44e738e153da536af7c3210db7524d20ce48334c2028a2b0d194148de0370e6,.py,not_applicable,mechanical_inventory_only
research/scripts/target_a_task54_isolation.py,code_and_evidence,6780,b7d1e91c7da779a6ba6fc0c88c5326ae3a9184847b1c7ede357f31cb204e45c5,.py,not_applicable,mechanical_inventory_only
research/scripts/target_a_task54_threshold.py,code_and_evidence,9605,a0658bf03b17a9034bfb1535dc63ba2ed6bf26d4c9b8ad331662dae7ad489a84,.py,not_applicable,mechanical_inventory_only
research/scripts/target_a_task55_exact_2r.py,code_and_evidence,33330,c7cb734d8c5db6857bd1aeb8e3bc0d9606030464ee37c2f89a40583a60d5d400,.py,not_applicable,mechanical_inventory_only
research/scripts/target_a_task55_multigap.py,code_and_evidence,13793,d3024074b153fc2f22919bb93da364bc0c72b3b2175d74418bbd367569754a8d,.py,not_applicable,mechanical_inventory_only
research/scripts/target_a_task55_orders_34_46.py,code_and_evidence,8017,a74f7899821d0df9383e6b6f80c8a37c7a101723d7840627894e7f04005736ec,.py,not_applicable,mechanical_inventory_only
research/scripts/target_a_task55_single_gap.py,code_and_evidence,11095,d639b41b5697f04bd569a3be23a6c524c288811c10ed6ce2329715a6878b3e8f,.py,not_applicable,mechanical_inventory_only
research/scripts/target_a_task55_small_order_exact.py,code_and_evidence,21214,6dad3e00b821ead460efefdeb1153a5bdf92243beefedd63f451f6de26dd745e,.py,not_applicable,mechanical_inventory_only
research/scripts/target_a_task56_reference_graph.py,code_and_evidence,12556,cc6a1f67a42c89ea4a64452124e1122caea84e399f74b82bcb1eab21296d602e,.py,not_applicable,mechanical_inventory_only
research/scripts/target_a_task57_uniform_single_gap.py,code_and_evidence,3333,28407228fd12b0cf269a6644aecc1d1b0cdbbb4c2a1b7b6930188a73aea51669,.py,not_applicable,mechanical_inventory_only
research/scripts/target_a_task60_general_model.py,code_and_evidence,6457,452129beb845d9293f1b2a1a411aaf90daeb5e4b5e5a161b8dcd1b82cdb62f93,.py,not_applicable,mechanical_inventory_only
research/scripts/target_a_task60_twisted.py,code_and_evidence,1772,3a541ddc732159ff3a881eb7506fda4fc44f3043a6605d871566387ad07d2413,.py,not_applicable,mechanical_inventory_only
research/scripts/target_a_two_defect_geometry.py,code_and_evidence,9508,5db8233e095ce8f507089b67063e43d4f0f163b5fad99a9df149b710bb08931b,.py,not_applicable,mechanical_inventory_only
research/scripts/target_a_verifier.py,code_and_evidence,6632,0c644b1242b4054c76a603d42897f6cbaf152ccfd2a934da67ddd90757f35694,.py,not_applicable,mechanical_inventory_only
research/scripts/test_target_a_checkpoint_replay.py,code_and_evidence,1201,1cd6f79b25ca51f2a3339831c76b2c07e9cdd628b09665e48e8fd443344de266,.py,not_applicable,mechanical_inventory_only
research/scripts/test_target_a_chinese_latex.py,code_and_evidence,270,408ed7404455b731471c8f4552cb18607ff6c3b7bfdacbcfe56c734bf4b4ff72,.py,not_applicable,mechanical_inventory_only
research/scripts/test_target_a_computational_evidence.py,code_and_evidence,889,227ee35934bb8c03d8cf92939ecc423467105cc130988d53271e6f19aa0098ff,.py,not_applicable,mechanical_inventory_only
research/scripts/test_target_a_counterexample.py,code_and_evidence,1457,d2b632989fe5ee3d399ed01fe549a5f4496ddb3f7c96b8bce5795935cf62cd69,.py,not_applicable,mechanical_inventory_only
research/scripts/test_target_a_direct_bracelets.py,code_and_evidence,2771,9a6cfa9819053377c3753f83d21e3752db71f977c5f0020276b337ec64f9d022,.py,not_applicable,mechanical_inventory_only
research/scripts/test_target_a_equality_analytic_search.py,code_and_evidence,716,857675cc53084c45cd9e0e5bd3898608e9da7eb93d683c008655e2bb95d96e85,.py,not_applicable,mechanical_inventory_only
research/scripts/test_target_a_floquet_independent_audit.py,code_and_evidence,6776,e9932eddb76c801bd966d8804c30c6e797d0be32543b96f68fe6d06f0c7a60a1,.py,not_applicable,mechanical_inventory_only
research/scripts/test_target_a_flux_search.py,code_and_evidence,2681,e917999072250d6072e4fb28970bea92016545310be70df473d9f94698551e95,.py,not_applicable,mechanical_inventory_only
research/scripts/test_target_a_full_slow_reproduction.py,code_and_evidence,2900,d49e8d58b384bed15a6b54b4ace7c4431e20219bd315ebfa5a3f2c5d54cda4d0,.py,not_applicable,mechanical_inventory_only
research/scripts/test_target_a_general_period_moments.py,code_and_evidence,4067,190506ba146b83ecd76459a71eb424d0bafa89a0aef4ede4d1f2907409fde527,.py,not_applicable,mechanical_inventory_only
research/scripts/test_target_a_high_period_exploration.py,code_and_evidence,1804,2663c4cd485157604bf2b967dbe40a86ad1b48f564a313b728f2c1d7efb83f0e,.py,not_applicable,mechanical_inventory_only
research/scripts/test_target_a_independent_spectral_audit.py,code_and_evidence,757,f6ad5c08b20242dbe6dc4140959124c9338d49739e751a0990b03dba6e62f737,.py,not_applicable,mechanical_inventory_only
research/scripts/test_target_a_latex.py,code_and_evidence,242,a4e8e924bd07b3a0d545e0fadadb3bdd09c0c8d93262bdfb2369d54a3d1aa09f,.py,not_applicable,mechanical_inventory_only
research/scripts/test_target_a_low_period_spectral_frontier.py,code_and_evidence,5762,7eb68e58fadbbdedaf9821f38516bada752971959962ba55fb075ac6e3f66927,.py,not_applicable,mechanical_inventory_only
research/scripts/test_target_a_low_period_structural_frontier.py,code_and_evidence,3703,f40db0b48d32fe8ec735896cb7df892eccddecae4d3a721a703b0348aef314a2,.py,not_applicable,mechanical_inventory_only
research/scripts/test_target_a_manuscript_md.py,code_and_evidence,1433,922ae42c7d0f83b7760216b053e73f085df797d495f9686b21be046379875313,.py,not_applicable,mechanical_inventory_only
research/scripts/test_target_a_minimality_search.py,code_and_evidence,8114,a8d7eafeeb13a0e189d7849d6906b0dae83c83d581025fe8bd66e28a6fa051cf,.py,not_applicable,mechanical_inventory_only
research/scripts/test_target_a_n24_dual_generator_audit.py,code_and_evidence,1386,7c805d7e7497a0a91b03c61c5829d326c066abb35a7edd1942c5377da323134b,.py,not_applicable,mechanical_inventory_only
research/scripts/test_target_a_n32_independent_reconstruction.py,code_and_evidence,3300,76a8b655df1ee8b384bbc759a18f2fb0db3a691f98d3d5535bde95be74b412f7,.py,not_applicable,mechanical_inventory_only
research/scripts/test_target_a_novelty_priority_audit.py,code_and_evidence,3311,a77b3d9befa0ad5f8a3b6f91ca57d84a16812a9230b533a55201b72146e08272,.py,not_applicable,mechanical_inventory_only
research/scripts/test_target_a_paper_package.py,code_and_evidence,3486,b0393708f9d83291786c1628eb75de3278ae25237923cc2309d50209f176cb6d,.py,not_applicable,mechanical_inventory_only
research/scripts/test_target_a_period4_diagnostic.py,code_and_evidence,1658,37735c01a604f302ff5876cd5f86b2a44001ffb86dd10783dfdec206ba0b223b,.py,not_applicable,mechanical_inventory_only
research/scripts/test_target_a_period8_pattern_classification.py,code_and_evidence,6948,596d4ea2071da9ccc9caea597b5ccdbdd5688bad4e17bfa2935ad6053cccd2b3,.py,not_applicable,mechanical_inventory_only
research/scripts/test_target_a_period8_sharp_constant.py,code_and_evidence,9389,5509f12522b395c3ccc9b972848f019cd505a371fab9e15e5018f9d1b2b5309c,.py,not_applicable,mechanical_inventory_only
research/scripts/test_target_a_period8_structural_core.py,code_and_evidence,983,2b9b9b8d0663a2ae18c2be0126bcc6bc5e59f384a71c9f98c61fc2cf57c3d3ab,.py,not_applicable,mechanical_inventory_only
research/scripts/test_target_a_period8_structural_mechanism.py,code_and_evidence,8365,bf2d718e836e343c3f1862608e0ffe05479e28ef39bb8dbd0519330f5cd496e3,.py,not_applicable,mechanical_inventory_only
research/scripts/test_target_a_period8_uniform_bound_audit.py,code_and_evidence,9240,952aa217abfe0e6107a852f415bf4f0e903a0c5559c8cdbffa49c481b3108625,.py,not_applicable,mechanical_inventory_only
research/scripts/test_target_a_periodic_counterexample_families.py,code_and_evidence,295,f53f66c27f46afd88a9428c47e4415eeba0e66c3a795d3d2804b6e5f6d95a514,.py,not_applicable,mechanical_inventory_only
research/scripts/test_target_a_periodic_family_coverage.py,code_and_evidence,234,4ebcf55e29bb32deebb4869cdab614bf0077e57ea5ff146f23d9c89589ad5e08,.py,not_applicable,mechanical_inventory_only
research/scripts/test_target_a_periodic_operator_equivalences.py,code_and_evidence,1298,c81c8299a87fb393402d3b861f7fc83b6ff81b9e8f92edc6d2541a32935826e8,.py,not_applicable,mechanical_inventory_only
research/scripts/test_target_a_proof_closure.py,code_and_evidence,181,c884a107e1881a0044d21418d363be5ef41c0f016c83085cbcaa103911fd2b69,.py,not_applicable,mechanical_inventory_only
research/scripts/test_target_a_publication_latex.py,code_and_evidence,272,e6c2e1475e71c382f39a3e0fffa257d4b8dfd25588abf115f2e300691aef1a7a,.py,not_applicable,mechanical_inventory_only
research/scripts/test_target_a_r2_bulk_hyperbolicity.py,code_and_evidence,155,23586b745c9ac51352e6fb7f7283a28ff23cd446107528a551006d6801136f6e,.py,not_applicable,mechanical_inventory_only
research/scripts/test_target_a_r2_bulk_invariant_box.py,code_and_evidence,221,31fddddc755f608c983409041146fbd19adeddbb40e8597693285af700c5b227,.py,not_applicable,mechanical_inventory_only
research/scripts/test_target_a_r2_k_reduction.py,code_and_evidence,184,8cafbd512f301536593d43b4c97978f43498791d38d9d1eeba27e9e7516dcb17,.py,not_applicable,mechanical_inventory_only
research/scripts/test_target_a_r2_schur_reduction.py,code_and_evidence,246,462ddf137b6aa67fe53c505fe8e9cdc11326cfd3304e85e7a126081928d6b68d,.py,not_applicable,mechanical_inventory_only
research/scripts/test_target_a_record_set_audit.py,code_and_evidence,2675,8797754f509e85210c8f5a79906eb1a477eb41895eae11692f974be64fd6f302,.py,not_applicable,mechanical_inventory_only
research/scripts/test_target_a_submission.py,code_and_evidence,821,43c2b5511bccbef37dc018a7af6f4d4cf9ed2ddb0ef47f7ccb2f2e490f9724fd,.py,not_applicable,mechanical_inventory_only
research/scripts/test_target_a_submission_artifact_manifest.py,code_and_evidence,932,775f0b0e6465e9d787082503fc5718c3fe3d6cd8018c3fe69d520b358bc9487b,.py,not_applicable,mechanical_inventory_only
research/scripts/test_target_a_tail_compression.py,code_and_evidence,184,a0e2232acb8aefb19f9beeec041141743592e7a81990f57882a4e124a59a8960,.py,not_applicable,mechanical_inventory_only
research/scripts/test_target_a_task47_experiments.py,code_and_evidence,3661,eab8217a4927e9d72cc648c4dee5a3370bd880f809491e0601857ead94cb3988,.py,not_applicable,mechanical_inventory_only
research/scripts/test_target_a_task48a.py,code_and_evidence,5377,1aecf68fcc3d0bf0f2c9ae759f82c646f6b36c4e7057631087619ad7c5c979e2,.py,not_applicable,mechanical_inventory_only
research/scripts/test_target_a_task49.py,code_and_evidence,8360,a6e8bbd130cff0f9059e347e83bedf1d78c67e4aac4d581833d6d26ea20aacee,.py,not_applicable,mechanical_inventory_only
research/scripts/test_target_a_task50.py,code_and_evidence,7190,b415c7ec11f85d8963e6453d6dff2b5649bd42d3eed1266a1624ae001838d647,.py,not_applicable,mechanical_inventory_only
research/scripts/test_target_a_task51.py,code_and_evidence,6356,d45ff327ea5d75ac0675523f33746202c57b8389f9527151324b111a0ddd9e5c,.py,not_applicable,mechanical_inventory_only
research/scripts/test_target_a_task52.py,code_and_evidence,12048,f88b5bfbc1c6de45473e01fb4eb3c1c6bc0b6c30268a16e7ea324d84632919a6,.py,not_applicable,mechanical_inventory_only
research/scripts/test_target_a_task53.py,code_and_evidence,7563,1d08db8d69204e046d8fa49328ccab7bc85c6bf647204ed1e44a1357875b7dda,.py,not_applicable,mechanical_inventory_only
research/scripts/test_target_a_task54.py,code_and_evidence,7968,d181a613166a89337103d5738def0804853a6fd1ef65e4cadc208f8f4f474822,.py,not_applicable,mechanical_inventory_only
research/scripts/test_target_a_task55_exact_2r.py,code_and_evidence,4393,0f82d485da71f9bb283d7deafa3577a271f2739edb92597d7a677652260e2269,.py,not_applicable,mechanical_inventory_only
research/scripts/test_target_a_task55_multigap.py,code_and_evidence,6802,0c008b4a1a8def0081512d791cbc23888241c5dbbc9e3fcef546cfe32a8f6f05,.py,not_applicable,mechanical_inventory_only
research/scripts/test_target_a_task55_orders_34_46.py,code_and_evidence,4032,d786b67553c29aa345303a889a329ad0218dbe4701684402fa92ac6347771907,.py,not_applicable,mechanical_inventory_only
research/scripts/test_target_a_task55_rank_correction.py,code_and_evidence,3950,13ef0dd1278d71160344243d393644d97acdf078528cf089cb2ef2a467ebcaf5,.py,not_applicable,mechanical_inventory_only
research/scripts/test_target_a_task55_single_gap.py,code_and_evidence,4773,03c8b6b88858ac81758998bc06133b518bb4a0c580f803ac58404379555a309e,.py,not_applicable,mechanical_inventory_only
research/scripts/test_target_a_task55_small_order_exact.py,code_and_evidence,7664,a8e751b17ad6f45d1e1976267c366fe50b833a702f4dfc0675c4f87e10db1a01,.py,not_applicable,mechanical_inventory_only
research/scripts/test_target_a_task56_one_g6_degeneracy.py,code_and_evidence,1985,2227d7212e0f3760dfe8cb05f971ee9d2c7b9f255b0ea99f87dcc08358b5e6ac,.py,not_applicable,mechanical_inventory_only
research/scripts/test_target_a_task56_single_gap.py,code_and_evidence,1381,b803b877fca08842038434be3984b939f110708db8aa07f86d8d0867d1805806,.py,not_applicable,mechanical_inventory_only
research/scripts/test_target_a_task575_proof_repairs.py,code_and_evidence,3099,bff60ac5ef09fdf53a2178228c96cade42e9441a5113cfaf96c6182f8bbf8ea8,.py,not_applicable,mechanical_inventory_only
research/scripts/test_target_a_task57_proof_package.py,code_and_evidence,1987,9b96212b0b5793af82c452b87d6d0693f69714e0bc17c9c9c7c15b604fa148bb,.py,not_applicable,mechanical_inventory_only
research/scripts/test_target_a_task57_uniform_single_gap.py,code_and_evidence,1749,c9a54f7e70b1b4c477160971b1c7666812b92c28b982a2e1074ac70619a4ff4e,.py,not_applicable,mechanical_inventory_only
research/scripts/test_target_a_task580_control.py,code_and_evidence,1439,35eb5eabb053a67d2976b13ceec17c8f076c0c01a02eef21f068c5dbf57b6679,.py,not_applicable,mechanical_inventory_only
research/scripts/test_target_a_task5810_section7.py,code_and_evidence,690,a2376ddfe8633d0b54ce3fe345b0b6b92df7a0b5693b80fde151a1207add05fe,.py,not_applicable,mechanical_inventory_only
research/scripts/test_target_a_task5811_package.py,code_and_evidence,667,ca602c2009b6ddbd35c3f0377883d0f1ca8e001398fc628db5f7863cfdfb7f18,.py,not_applicable,mechanical_inventory_only
research/scripts/test_target_a_task5812_hostile_review.py,code_and_evidence,540,fba93aa1271df9d3abbcddb59cf5daa5b0f2c05976f57cd49fb8e4b4394b8cb2,.py,not_applicable,mechanical_inventory_only
research/scripts/test_target_a_task5813_final_audit.py,code_and_evidence,807,c78ae6f38c04d2723f7acf8efedcedea1f20fff34ef992536d740e69a178c49f,.py,not_applicable,mechanical_inventory_only
research/scripts/test_target_a_task583_scaffold.py,code_and_evidence,645,f48ee7388630a8df2178f5dfc2a996c9fa6d424f018c8268e1ab099c15932a94,.py,not_applicable,mechanical_inventory_only
research/scripts/test_target_a_task584_intro.py,code_and_evidence,754,36a366a6210aaa4f5d6422ded5707a026b60893c151cadc96f9ae2b85ad058cf,.py,not_applicable,mechanical_inventory_only
research/scripts/test_target_a_task585_section2.py,code_and_evidence,621,d0c04e2262217516672690a57f9e21dae3ff5bf221d394f93292e0107b7a6e60,.py,not_applicable,mechanical_inventory_only
research/scripts/test_target_a_task586_section3.py,code_and_evidence,631,1dc3017001996065662282a1e27bed618af81d40e0cc26e0a1135389ff4ab659,.py,not_applicable,mechanical_inventory_only
research/scripts/test_target_a_task587_section4.py,code_and_evidence,623,67e44d4cec64c24e66ba6e1d7472313965dd600e6dc435a61ec613aa3a636420,.py,not_applicable,mechanical_inventory_only
research/scripts/test_target_a_task588_section5.py,code_and_evidence,634,9ff2d4d86566ba3970ff9adb22c63068f410809685fe6bc324d1a0bafa95d763,.py,not_applicable,mechanical_inventory_only
research/scripts/test_target_a_task589_section6.py,code_and_evidence,618,e58c30e3076602f36b02a771668f0ac21f5723b444865bac038b0b5cde5012f6,.py,not_applicable,mechanical_inventory_only
research/scripts/test_target_a_task60_general_model.py,code_and_evidence,2597,5d05f16fab138fc3c96eee35c537cb0045272762cd95f53eca2b14b598f9cc89,.py,not_applicable,mechanical_inventory_only
research/scripts/test_target_a_task60_twisted.py,code_and_evidence,3066,594a470e7240a28600ce599e4276db5f7736c21ec019b0d8afd4e0772688d9a0,.py,not_applicable,mechanical_inventory_only
research/scripts/test_target_a_uniform_residue_caps.py,code_and_evidence,224,d173c9b71ecc9255a3f0e26518a4e7dd409cd81e513e1418e99bd9136b190d90,.py,not_applicable,mechanical_inventory_only
research/scripts/test_verify_target_a_minimality_certificate.py,code_and_evidence,2606,ae70ef7d85dd1c655371a48a44bb74d66300a521468c2ffaba0a5dfeb6cdbfc9,.py,not_applicable,mechanical_inventory_only
research/scripts/test_verify_target_a_n32_certificate.py,code_and_evidence,1193,5906d657c40ace24b952c86fec9690301dd3db023425816ce1c971e6681b44b1,.py,not_applicable,mechanical_inventory_only
research/scripts/verify_target_a_chinese_latex.py,code_and_evidence,12425,4c925f8950cb88cad32a7734c8b48ccdce157110a11294562b63e5656ea73c96,.py,not_applicable,mechanical_inventory_only
research/scripts/verify_target_a_computational_evidence.py,code_and_evidence,6856,9916cbb68151e58592c5c531076f0db11ae0cac153d5abd10fe9658a302910fd,.py,not_applicable,mechanical_inventory_only
research/scripts/verify_target_a_full_slow_reproduction.py,code_and_evidence,13142,7a2ea507a709f89633dce7512fd5260f987d2e25b7b212f072793131d86f8d93,.py,not_applicable,mechanical_inventory_only
research/scripts/verify_target_a_general_period_moments.py,code_and_evidence,9915,563ec3882130037de1136da8ea695be5b2d0d1ad4c46194d829614628ca4637d,.py,not_applicable,mechanical_inventory_only
research/scripts/verify_target_a_latex.py,code_and_evidence,2931,f8b7d5a3849026ae2a2efaafea775137ee83a61a1e5e98d79b564a0490c118ab,.py,not_applicable,mechanical_inventory_only
research/scripts/verify_target_a_low_period_spectral_frontier.py,code_and_evidence,16835,a6b032dfc1d4e995117e124eeb99185b6c696aa466a80167a0c3c59f09bb380b,.py,not_applicable,mechanical_inventory_only
research/scripts/verify_target_a_low_period_structural_frontier.py,code_and_evidence,11010,0f6238c45f72aae1ac5ab8daed758e9f5642e0138404de0caedb4cdd721ec0a2,.py,not_applicable,mechanical_inventory_only
research/scripts/verify_target_a_manuscript_md.py,code_and_evidence,4131,5009a231295a8bff134d5fbe4a2d78a4787de33b9c99a6177c3af115cc376305,.py,not_applicable,mechanical_inventory_only
research/scripts/verify_target_a_minimality_certificate.py,code_and_evidence,18648,84685dc01b647234a3c62de6665627509a76b9b668e8f06da857ed3f8953e01f,.py,not_applicable,mechanical_inventory_only
research/scripts/verify_target_a_n32_certificate.py,code_and_evidence,10152,cc61bdb44c29c5b415b155f4d8da0f25cb729b628a1dba79d86353b374b27de2,.py,not_applicable,mechanical_inventory_only
research/scripts/verify_target_a_novelty_priority_audit.py,code_and_evidence,10350,cf867c3be45d5b4c91f5a62e624ef71acac17071cc6e03d577634a71ad187f6d,.py,not_applicable,mechanical_inventory_only
research/scripts/verify_target_a_paper_package.py,code_and_evidence,17245,13a5e49bebdb1fc50f533b3c7ab1a06a15a622c97897c75e7e5337fd66c1e0da,.py,not_applicable,mechanical_inventory_only
research/scripts/verify_target_a_period8_analytic_package.py,code_and_evidence,6232,7e70f8fce8ab0f51055c4931be81d4bb7b6e22eedbbc8f35b9ceafd053209b2d,.py,not_applicable,mechanical_inventory_only
research/scripts/verify_target_a_period8_infinite_family.py,code_and_evidence,9673,04bc8fc08b0af24970d77c7f4a73bc9a577caff8e47ac69db90bee478d38d8d6,.py,not_applicable,mechanical_inventory_only
research/scripts/verify_target_a_period8_pattern_classification.py,code_and_evidence,20605,17191409d23260853febc1551c2df3293b38c25f93daa70648b6f3c64f5b064a,.py,not_applicable,mechanical_inventory_only
research/scripts/verify_target_a_period8_sharp_constant.py,code_and_evidence,11134,04aadb96462b3cd7febe75887cacdffffbbcd1c8d7b641dec80489994cbe049b,.py,not_applicable,mechanical_inventory_only
research/scripts/verify_target_a_period8_structural_core.py,code_and_evidence,4556,56162b0e970b276fb647c87e02c8149577aebeed3997b7f7a13f30022bc46ac1,.py,not_applicable,mechanical_inventory_only
research/scripts/verify_target_a_period8_structural_mechanism.py,code_and_evidence,20599,428995679eff90b81b9fa6d628392019cb5a890a01283d8e7890cf262827750f,.py,not_applicable,mechanical_inventory_only
research/scripts/verify_target_a_period8_trichotomy.py,code_and_evidence,1685,eecb6335dfcc5a17260064bba17748fe8bed319e8f0060ad741e4f71ee4643f3,.py,not_applicable,mechanical_inventory_only
research/scripts/verify_target_a_periodic_counterexample_families.py,code_and_evidence,5290,41c207ecda784f1fd719c237e45b5def855030054ccf38e632a528d553c6b59f,.py,not_applicable,mechanical_inventory_only
research/scripts/verify_target_a_periodic_family_coverage.py,code_and_evidence,1300,72d07a6c08e151c0a6b9789e95745fc1a5504d9b78fc7d4f05fd2e7dc5351e09,.py,not_applicable,mechanical_inventory_only
research/scripts/verify_target_a_periodic_operator_equivalences.py,code_and_evidence,6455,2c2c7874c4517726a44072411a19529efb2600fcf81c792337f4302100944dc2,.py,not_applicable,mechanical_inventory_only
research/scripts/verify_target_a_proof_closure.py,code_and_evidence,8269,6879f0533bf25f219b33594bfe4d53c7c58b3b2cc8397c63b0e0e49da68494ea,.py,not_applicable,mechanical_inventory_only
research/scripts/verify_target_a_publication_latex.py,code_and_evidence,7341,337b19fc4df5e53861625aef77fad0da1fbb9c0c177c4658ee453027ea4d91df,.py,not_applicable,mechanical_inventory_only
research/scripts/verify_target_a_r2_boundary_seed.py,code_and_evidence,1854,efe8f3b7f25e44034f49970f87233c1632e158896cf7a50937a63307bd34197f,.py,not_applicable,mechanical_inventory_only
research/scripts/verify_target_a_r2_bulk_hyperbolicity.py,code_and_evidence,1033,a8a9e0982156bd3384693cafba0a8e343a877d46175b82a8681970f688f4580e,.py,not_applicable,mechanical_inventory_only
research/scripts/verify_target_a_r2_bulk_invariant_box.py,code_and_evidence,4959,056c1de4ba084d26baafc1b901e30bd12b28446d889275e9369edd97289f839f,.py,not_applicable,mechanical_inventory_only
research/scripts/verify_target_a_r2_finite_base.py,code_and_evidence,728,8ac080397cae20a61268cc60dd2b903ab9f7b23851da2461ade69e0520431d3f,.py,not_applicable,mechanical_inventory_only
research/scripts/verify_target_a_r2_k_reduction.py,code_and_evidence,3072,9c4cba9896333ffafb6401efa8842cf949ac910e31b294dfb3888bbd1292cd21,.py,not_applicable,mechanical_inventory_only
research/scripts/verify_target_a_r2_local_lyapunov.py,code_and_evidence,8127,6c75af6ca3f0c8be419c59a11037bb816b7a68943ff7f658b6650ec882624d2c,.py,not_applicable,mechanical_inventory_only
research/scripts/verify_target_a_r2_response_recurrence.py,code_and_evidence,4369,00539a11e7f70f6001f95352d7e068213597cad69a34ab74d2c77003d7c03ba3,.py,not_applicable,mechanical_inventory_only
research/scripts/verify_target_a_r2_schur_reduction.py,code_and_evidence,4687,47dfc5b24cbdea64e9329d379cf059a0a6c069aaaa277eda431fe9fa4df4e465,.py,not_applicable,mechanical_inventory_only
research/scripts/verify_target_a_r2_tail_indices.py,code_and_evidence,1534,f00f873e99b669da50186c0140c7b8c80964a7291529cb78c182b806c7ef06c9,.py,not_applicable,mechanical_inventory_only
research/scripts/verify_target_a_r4_two_arc_template.py,code_and_evidence,3386,272deb06ca1b63d72961cdcccd1ca199f1455ed53f6d9ff12265aa9c793d1071,.py,not_applicable,mechanical_inventory_only
research/scripts/verify_target_a_submission.py,code_and_evidence,10704,33d2205e86dcc39a45d854d9d2a49a66433bd48cbda58821e3659e863f551c8e,.py,not_applicable,mechanical_inventory_only
research/scripts/verify_target_a_submission_artifact_manifest.py,code_and_evidence,3459,1c536e25417c05722078adb29b318bee655a3ff4318714c48d1dea1ebf5df7eb,.py,not_applicable,mechanical_inventory_only
research/scripts/verify_target_a_tail_compression.py,code_and_evidence,2216,3ce7a60579f9ff228a7b39603b88b1041fdd4c3490337eda0df571be2e8550ec,.py,not_applicable,mechanical_inventory_only
research/scripts/verify_target_a_task47.py,code_and_evidence,5471,ba12e642605dcd71d5d231accfc850c44c683e7c4321f4df3ba9dc942f2d5dfd,.py,not_applicable,mechanical_inventory_only
research/scripts/verify_target_a_task48a.py,code_and_evidence,2554,8e2e6c26331dd0e1d0c0e2c75d908fd78f0a93ca6148a9ed6fadeafd2f86f190,.py,not_applicable,mechanical_inventory_only
research/scripts/verify_target_a_task49.py,code_and_evidence,4141,25608dd524ea9a8dffa82f180645b2ad68a7a79677f0ec90d735615f1cbfe247,.py,not_applicable,mechanical_inventory_only
research/scripts/verify_target_a_task50.py,code_and_evidence,2343,b2b9c5112592d7a140a063c0b7019e708c4d73dae54a98c8b3f113bcc6a3f425,.py,not_applicable,mechanical_inventory_only
research/scripts/verify_target_a_task50_interface.py,code_and_evidence,3603,d4921db21cbbd4d4e40e4fe3d2fbbf78e0eefe0abfc2cac938aa297819310de0,.py,not_applicable,mechanical_inventory_only
research/scripts/verify_target_a_task51.py,code_and_evidence,1902,2c19aa205e0c6200a9774e6c2641c0a50811bff880383ea8892bbf49166f2122,.py,not_applicable,mechanical_inventory_only
research/scripts/verify_target_a_task52.py,code_and_evidence,3404,873d077d3d920c61fcad60859e2d300854810b0299df04fd392112e22e8d3e0a,.py,not_applicable,mechanical_inventory_only
research/scripts/verify_target_a_task53_a1.py,code_and_evidence,2428,966cd3d224927fea99bd0141900ab7b9c3c39d75fc07a963a7deb09fc34cdba8,.py,not_applicable,mechanical_inventory_only
research/scripts/verify_target_a_task53_a2.py,code_and_evidence,2998,046bcaae135349a5be554f89c8aac3fe47647cdae8de3067a88ba426d44e2bd9,.py,not_applicable,mechanical_inventory_only
research/scripts/verify_target_a_task53_a3.py,code_and_evidence,6693,f9918bdb5f99ea3fcd3ee01f3766e2e01b9ee35f7570d937578e3b42df261065,.py,not_applicable,mechanical_inventory_only
research/scripts/verify_target_a_task53_global.py,code_and_evidence,3065,e0c2f60eced396e692bc399ba66b2eef9ebfe13a1fb8ab29a8d7167803ce74b1,.py,not_applicable,mechanical_inventory_only
research/scripts/verify_target_a_task53_p24.py,code_and_evidence,3959,118035b82ba88151c6efbf8d6a8a34da5f6b78907c0025caf546d8d88dea9977,.py,not_applicable,mechanical_inventory_only
research/scripts/verify_target_a_task53_s1.py,code_and_evidence,1779,558e085c510cb1c67aa4d9f4777853c2f00d12a9a76ef9c891b84d9ea3efa0a2,.py,not_applicable,mechanical_inventory_only
research/scripts/verify_target_a_task53_s4.py,code_and_evidence,1334,9dd91efd3bff8fabd69812ac1528515cff8d24f86898cb40491a0ecea0e4ded9,.py,not_applicable,mechanical_inventory_only
research/scripts/verify_target_a_task54_exact_r.py,code_and_evidence,3450,98254ee47398f2200357c9006fcf1d99e30209c66839e20480748300e0564b3f,.py,not_applicable,mechanical_inventory_only
research/scripts/verify_target_a_task54_isolation.py,code_and_evidence,7325,ac95efe647a741c96af9a2ffce7dc5f6c4fad811639fa8e8c9fe65ef27f147e9,.py,not_applicable,mechanical_inventory_only
research/scripts/verify_target_a_task54_threshold.py,code_and_evidence,12520,1f7cf049e22dcd9b37a33c62d5cc607dca1fa28a9fb016fe9f6370005d7e6450,.py,not_applicable,mechanical_inventory_only
research/scripts/verify_target_a_task55_exact_2r.py,code_and_evidence,34425,8c1cbd357ba947996ce2141d681073947ca5b77310d70c0ef929f176ff8bf2e5,.py,not_applicable,mechanical_inventory_only
research/scripts/verify_target_a_task55_multigap.py,code_and_evidence,19876,f7d3ebeae56068f2b210fd9d59c666369b62b4e2dec1a3a38b4ef1ac42e76391,.py,not_applicable,mechanical_inventory_only
research/scripts/verify_target_a_task55_multigap_alt.py,code_and_evidence,25534,735d84a10957b3c4839f33289bb9d0d81df697c5c74b7c59106eb593049ac9f4,.py,not_applicable,mechanical_inventory_only
research/scripts/verify_target_a_task55_orders_34_46.py,code_and_evidence,5907,283c0d77a80484be51076f817109b50f028c7580051f35e3fa6f8f2e6c21b51a,.py,not_applicable,mechanical_inventory_only
research/scripts/verify_target_a_task55_single_gap.py,code_and_evidence,13781,6607424b59b38976a9753f77b1ec90aa1828aaf21f9489ba94da234f815ae416,.py,not_applicable,mechanical_inventory_only
research/scripts/verify_target_a_task55_small_order_exact.py,code_and_evidence,33382,65a3e86a34fadb3b4f720722f19771d45d3b3dded7654839373f52cb81629f37,.py,not_applicable,mechanical_inventory_only
research/scripts/verify_target_a_task56_one_g6_degeneracy.py,code_and_evidence,7063,33ab4000c317c00e552fd1d56a0300644ab8cc1308e099e35ceb5808e57de62f,.py,not_applicable,mechanical_inventory_only
research/scripts/verify_target_a_task56_single_gap.py,code_and_evidence,4440,7613aee98eea80d07c17ae4d08662077663ad893f8c762c3f863805431441b50,.py,not_applicable,mechanical_inventory_only
research/scripts/verify_target_a_task57.py,code_and_evidence,1616,f78dd29a1df5b1a9328ccc6402a2528a1e0b05f688b275c3f993288708c3ddd8,.py,not_applicable,mechanical_inventory_only
research/scripts/verify_target_a_task575.py,code_and_evidence,962,4327d45a326f67db1b487dfe12f3f5cab5ef7acb76096d5c6d704343e9b91b7c,.py,not_applicable,mechanical_inventory_only
research/scripts/verify_target_a_task575_proof_repairs.py,code_and_evidence,7778,f11cb01cd9f6979804e25ba96de418b3847cc88be688f3f5ecb6c7546782b51d,.py,not_applicable,mechanical_inventory_only
research/scripts/verify_target_a_task57_proof_package.py,code_and_evidence,7176,44d6332ca55e7ad2af0d69d229458ea83a6115e1264c81887ec0b496df9a4bf0,.py,not_applicable,mechanical_inventory_only
research/scripts/verify_target_a_task57_uniform_single_gap.py,code_and_evidence,4674,0cccbf23ef69efeeda169ba1f719f04e84c3040bcc53c5b4cc1a4526511f2838,.py,not_applicable,mechanical_inventory_only
research/scripts/verify_target_a_task580_control.py,code_and_evidence,5741,2e9a051cad10bfe11edfb6eba8434a13debe88c2555a2881d3af55dd6ba4f675,.py,not_applicable,mechanical_inventory_only
research/scripts/verify_target_a_task5810_section7.py,code_and_evidence,7778,0859f91a86b18ec0e4edcb11d129a1cdb3ff565f374b197a9211cb5ee612e332,.py,not_applicable,mechanical_inventory_only
research/scripts/verify_target_a_task5811_package.py,code_and_evidence,11843,42e24d15e172a05cff1d22912d337b49d3092518da54910e36cf00275d984d93,.py,not_applicable,mechanical_inventory_only
research/scripts/verify_target_a_task5812_hostile_review.py,code_and_evidence,4900,d07af75c5c18289d5cf463f414a85887d8b2b1d23c786e0412ab6925037048f5,.py,not_applicable,mechanical_inventory_only
research/scripts/verify_target_a_task5813_final_audit.py,code_and_evidence,8775,946f36222f9e6c33103df571f812a362677e1afaf024f4fcbf8deaffc6fcc699,.py,not_applicable,mechanical_inventory_only
research/scripts/verify_target_a_task581_literature.py,code_and_evidence,2582,b9d849869f5c3430274b911e2727c6d67259a1d9df380198cbd08a7622363a29,.py,not_applicable,mechanical_inventory_only
research/scripts/verify_target_a_task582_blueprint.py,code_and_evidence,4481,1ee2e80a84e343c7999ed8e390f84e80a1087cc063573defbf05894bf85c96f6,.py,not_applicable,mechanical_inventory_only
research/scripts/verify_target_a_task583_scaffold.py,code_and_evidence,5120,85f0ed99c79bac663bebf01dd6399739f62697430734ce41c0a69b61d1329ff7,.py,not_applicable,mechanical_inventory_only
research/scripts/verify_target_a_task584_intro.py,code_and_evidence,5969,e48f60f087e723fb21c1008feef7ca557a5802103695d0adade96ddfd8dc65ed,.py,not_applicable,mechanical_inventory_only
research/scripts/verify_target_a_task585_section2.py,code_and_evidence,5916,2730357eac2be5caff1cc4c235cf4300abd9902a322b228f9ceef332d7667e4b,.py,not_applicable,mechanical_inventory_only
research/scripts/verify_target_a_task586_section3.py,code_and_evidence,5053,44f2c70f7c2dd24712a7e7c089b9dfbe1e9850619467a09237697edd112e5730,.py,not_applicable,mechanical_inventory_only
research/scripts/verify_target_a_task587_section4.py,code_and_evidence,7482,00174229d9d1e75cb1dd5154207a19fe7dbd069caae46be5ed949e031d018684,.py,not_applicable,mechanical_inventory_only
research/scripts/verify_target_a_task588_section5.py,code_and_evidence,5917,e08f69d0b467780b3fd1f9effdc4c83e72a96db092fbe3e2b8a89d67b8faa4fb,.py,not_applicable,mechanical_inventory_only
research/scripts/verify_target_a_task589_section6.py,code_and_evidence,8272,14d3578951c3d5268470e79ecc662aaf9d5f3a6f35b5d1307f95863574abe19b,.py,not_applicable,mechanical_inventory_only
research/scripts/verify_target_a_task60_general_model.py,code_and_evidence,4836,91725a04434d85cfa28535f79fb69c2e823c4ca14664d5acf25cb9b917792aab,.py,not_applicable,mechanical_inventory_only
research/scripts/verify_target_a_task60_twisted.py,code_and_evidence,3490,8e278258185ffb213c939fd5993148a901d31edadf4a6f1473150e3bb47ba20f,.py,not_applicable,mechanical_inventory_only
research/scripts/verify_target_a_task60_twisted_symbolic.py,code_and_evidence,2078,d88dc72320e6c94629e3c637a7d2cd25baa4232b16941b9c35374ea4f86ce142,.py,not_applicable,mechanical_inventory_only
research/scripts/verify_target_a_twisted_benchmark.py,code_and_evidence,1177,433526fe87ad8b4db61aca0ec74ce58daa45d0b10e83cf8c8c9fd3ce50b6e921,.py,not_applicable,mechanical_inventory_only
research/scripts/verify_target_a_uniform_residue_caps.py,code_and_evidence,1794,fcb4b4562947fe8985dbcaeca60a38d6d2a1c05a60b25a63cf86f2c656bf1c61,.py,not_applicable,mechanical_inventory_only
